<?xml version="1.0" encoding="UTF-8"?>
<addon id="skin.ftv.SKINBASE" version="7.1.2" name="fTV (SKINBASE)" provider-name="Hitcher,SKINBASE">
	<requires>
		<import addon="xbmc.gui" version="5.15.0"/>
		<import addon="script.favourites" version="5.0.2"/>
		<import addon="script.embuary.info" version="0.0.1"/>
		<import addon="script.globalsearch" version="3.0.4"/>
		<import addon="script.embuary.helper" version="1.2.14"/>
		<import addon="resource.uisounds.ftv" version="1.0.0"/>
	</requires>
	<extension point="xbmc.gui.skin" effectslowdown="1.00" debugging="false">
		<res width="1920" height="1080" aspect="16:9" default="true" folder="xml"/>
	</extension>
	<extension point="xbmc.addon.metadata">
		<summary lang="en_GB">Skin based on the Fire TV UI</summary>
		<summary lang="en_US">Skin based on the Fire TV UI</summary>
		<summary lang="es_ES">Skin basado en la interfaz gráfica del Fire TV</summary>
		<summary lang="gl_ES">Tema baseado no UI do Fire TV</summary>
		<summary lang="ja_JP">Fire TV UIベースのスキン</summary>
		<summary lang="ru_RU">Обложка основана на интерфейсе Fire TV</summary>
		<summary lang="sk_SK">Vzhľad založený na Fire TV UI</summary>
		<description lang="en_GB">A skin designed to access all your content as easily and seemlessly as possible.[CR][CR]Supports:[CR]Global Search[CR]Next Aired[CR]Up Next[CR]Embuary Info[CR]Trakt[CR]CU Lyrics[CR]Cinema Experience[CR]Special Features[CR][CR]Based on the original Fire TV UI.</description>
		<description lang="en_US">A skin designed to access all your content as easily and seemlessly as possible.[CR][CR]Supports:[CR]Global Search[CR]Next Aired[CR]Up Next[CR]Embuary Info[CR]Trakt[CR]CU Lyrics[CR]Cinema Experience[CR]Special Features[CR][CR]Based on the original Fire TV UI.</description>
		<description lang="es_ES">Un skin diseñado para accede a todo su contenido tan fácil y transparentemente como sea possible.[CR][CR]Funciona con:[CR]Global Search[CR]Next Aired[CR]Up Next[CR]Embuary Info[CR]Trakt[CR]CU Lyrics[CR]Cinema Experience[CR]Special Features[CR][CR]Basado en la interfaz gráfica original del Fire TV.</description>
		<description lang="ja_JP">すべてのコンテンツに可能な限り簡単でシームレスにアクセスできるようにデザインされたスキン。[CR][CR]サポート:[CR]Global Search[CR]Next Aired[CR]Up Next[CR]Embuary Info[CR]Trakt[CR]CU Lyrics[CR]Cinema Experience[CR]Special Features[CR][CR]ベースになっているオリジナルは、Fire TV UIです。</description>
		<description lang="ru_RU">Обложка разработана для легкого и быстрого доступа ко всему вашему контенту, насколько это возможно.[CR][CR]Поддерживает:[CR]Global Search[CR]Next Aired[CR]Up Next[CR]Embuary Info[CR]Trakt[CR]CU Lyrics[CR]Cinema Experience[CR]Special Features[CR][CR]Основано на интерфейсе Fire TV.</description>
		<disclaimer lang="en_GB">To make use of the 'HDR' &amp; 'ATMOS' tags they need to be added to your file name.[CR]Does not support: Mouse and Touch devices or Live TV</disclaimer>
		<disclaimer lang="en_US">To make use of the 'HDR' &amp; 'ATMOS' tags they need to be added to your file name.[CR]Does not support: Mouse and Touch devices or Live TV</disclaimer>
		<disclaimer lang="es_ES">Para poder utilizar los tags 'HDR'y 'ATMOS', estos Deben ser añadidos al nombre del archive.[CR]No funciona con: Dispositivos tácitles o ratón ni TV en Vivo</disclaimer>
		<disclaimer lang="ja_JP">'HDR' と 'ATMOS' タグを使用するには、ファイル名に追加する必要があります。[CR]未サポート: マウスとタッチデバイスまたはLive TV</disclaimer>
		<platform>all</platform>
		<assets>
			<icon>resources/icon.png</icon>
			<fanart>resources/fanart.jpg</fanart>
			<screenshot>resources/screenshot-01.jpg</screenshot>
			<screenshot>resources/screenshot-02.jpg</screenshot>
			<screenshot>resources/screenshot-03.jpg</screenshot>
			<screenshot>resources/screenshot-04.jpg</screenshot>
			<screenshot>resources/screenshot-05.jpg</screenshot>
			<screenshot>resources/screenshot-06.jpg</screenshot>
			<screenshot>resources/screenshot-07.jpg</screenshot>
			<screenshot>resources/screenshot-08.jpg</screenshot>
			<screenshot>resources/screenshot-09.jpg</screenshot>
			<screenshot>resources/screenshot-10.jpg</screenshot>
			<screenshot>resources/screenshot-11.jpg</screenshot>
			<screenshot>resources/screenshot-12.jpg</screenshot>
			<screenshot>resources/screenshot-13.jpg</screenshot>
		</assets>
		<news>Updated for Kodi v19 (Matrix).</news>
	</extension>
</addon>
