<?xml version="1.0" encoding="UTF-8"?>
<includes>
	<!-- VARIABLES -->
	<variable name="ShortCuts">
		<value condition="Skin.HasSetting(SuperShortCuts)">special://home/addons/plugin.program.super.favourites/chooser.py,changetitle=true&amp;property=</value>
		<value>script.favourites,changetitle=true&amp;property=</value>
	</variable>
	<variable name="ShortCutslabel">
		<value condition="Skin.hasSetting(SuperShortCuts)">Super </value>
		<value></value>
	</variable>
	<variable name="PicturesWidgetContent">
		<value condition="Skin.String(HomePicturesPath,1)">$INFO[Skin.String(HomePicturesPath1)]</value>
		<value condition="Skin.String(HomePicturesPath,2)">$INFO[Skin.String(HomePicturesPath2)]</value>
		<value condition="Skin.String(HomePicturesPath,3)">$INFO[Skin.String(HomePicturesPath3)]</value>
		<value condition="Skin.String(HomePicturesPath,4)">$INFO[Skin.String(HomePicturesPath4)]</value>
		<value condition="Skin.String(HomePicturesPath,5)">$INFO[Skin.String(HomePicturesPath5)]</value>
		<value>special://skin/backgrounds/</value>
	</variable>
	<variable name="PicturesWidgetLabel">
		<value condition="Skin.String(HomePicturesPath,1)">$INFO[Skin.String(HomePicturesPath1.Label)]</value>
		<value condition="Skin.String(HomePicturesPath,2)">$INFO[Skin.String(HomePicturesPath2.Label)]</value>
		<value condition="Skin.String(HomePicturesPath,3)">$INFO[Skin.String(HomePicturesPath3.Label)]</value>
		<value condition="Skin.String(HomePicturesPath,4)">$INFO[Skin.String(HomePicturesPath4.Label)]</value>
		<value condition="Skin.String(HomePicturesPath,5)">$INFO[Skin.String(HomePicturesPath5.Label)]</value>
		<value>$LOCALIZE[33069]</value>
	</variable>
	<variable name="RadioWidgetContent">
		<value condition="Skin.String(HomeRadioPath,1)">$INFO[Skin.String(HomeRadioPath1)]</value>
		<value condition="Skin.String(HomeRadioPath,2)">$INFO[Skin.String(HomeRadioPath2)]</value>
		<value condition="Skin.String(HomeRadioPath,3)">$INFO[Skin.String(HomeRadioPath3)]</value>
		<value condition="Skin.String(HomeRadioPath,4)">$INFO[Skin.String(HomeRadioPath4)]</value>
		<value condition="Skin.String(HomeRadioPath,5)">$INFO[Skin.String(HomeRadioPath5)]</value>
		<value>pvr://channels/radio/$LOCALIZE[19287]/</value>
	</variable>
	<variable name="RadioWidgetLabel">
		<value condition="Skin.String(HomeRadioPath,1)">$INFO[Skin.String(HomeRadioPath1.Label)]</value>
		<value condition="Skin.String(HomeRadioPath,2)">$INFO[Skin.String(HomeRadioPath2.Label)]</value>
		<value condition="Skin.String(HomeRadioPath,3)">$INFO[Skin.String(HomeRadioPath3.Label)]</value>
		<value condition="Skin.String(HomeRadioPath,4)">$INFO[Skin.String(HomeRadioPath4.Label)]</value>
		<value condition="Skin.String(HomeRadioPath,5)">$INFO[Skin.String(HomeRadioPath5.Label)]</value>
		<value>$LOCALIZE[593]</value>
	</variable>
	<variable name="TVWidgetContent">
		<value condition="Skin.String(HomeTVPath,1)">$INFO[Skin.String(HomeTVPath1)]</value>
		<value condition="Skin.String(HomeTVPath,2)">$INFO[Skin.String(HomeTVPath2)]</value>
		<value condition="Skin.String(HomeTVPath,3)">$INFO[Skin.String(HomeTVPath3)]</value>
		<value condition="Skin.String(HomeTVPath,4)">$INFO[Skin.String(HomeTVPath4)]</value>
		<value condition="Skin.String(HomeTVPath,5)">$INFO[Skin.String(HomeTVPath5)]</value>
		<value>pvr://channels/tv/view=lastplayed/</value>
	</variable>
	<variable name="TVWidgetLabel">
		<value condition="Skin.String(HomeTVPath,1)">$INFO[Skin.String(HomeTVPath1.Label)]</value>
		<value condition="Skin.String(HomeTVPath,2)">$INFO[Skin.String(HomeTVPath2.Label)]</value>
		<value condition="Skin.String(HomeTVPath,3)">$INFO[Skin.String(HomeTVPath3.Label)]</value>
		<value condition="Skin.String(HomeTVPath,4)">$INFO[Skin.String(HomeTVPath4.Label)]</value>
		<value condition="Skin.String(HomeTVPath,5)">$INFO[Skin.String(HomeTVPath5.Label)]</value>
		<value>$LOCALIZE[593]</value>
	</variable>
	<variable name="MoviesWidgetContent">
		<value condition="Skin.String(HomeMoviesPath,1)">$INFO[Skin.String(HomeMoviesPath1)]</value>
		<value condition="Skin.String(HomeMoviesPath,2)">$INFO[Skin.String(HomeMoviesPath2)]</value>
		<value condition="Skin.String(HomeMoviesPath,3)">$INFO[Skin.String(HomeMoviesPath3)]</value>
		<value condition="Skin.String(HomeMoviesPath,4)">$INFO[Skin.String(HomeMoviesPath4)]</value>
		<value condition="Skin.String(HomeMoviesPath,5)">$INFO[Skin.String(HomeMoviesPath5)]</value>
		<value>library://video/movies/recentlyaddedmovies.xml/</value>
	</variable>
	<variable name="MoviesWidgetLabel">
		<value condition="Skin.String(HomeMoviesPath,1)">$INFO[Skin.String(HomeMoviesPath1.Label)]</value>
		<value condition="Skin.String(HomeMoviesPath,2)">$INFO[Skin.String(HomeMoviesPath2.Label)]</value>
		<value condition="Skin.String(HomeMoviesPath,3)">$INFO[Skin.String(HomeMoviesPath3.Label)]</value>
		<value condition="Skin.String(HomeMoviesPath,4)">$INFO[Skin.String(HomeMoviesPath4.Label)]</value>
		<value condition="Skin.String(HomeMoviesPath,5)">$INFO[Skin.String(HomeMoviesPath5.Label)]</value>
		<value>$LOCALIZE[20386]</value>
	</variable>
	<variable name="TVShowsWidgetContent">
		<value condition="Skin.String(HomeTVShowsPath,1)">$INFO[Skin.String(HomeTVShowsPath1)]</value>
		<value condition="Skin.String(HomeTVShowsPath,2)">$INFO[Skin.String(HomeTVShowsPath2)]</value>
		<value condition="Skin.String(HomeTVShowsPath,3)">$INFO[Skin.String(HomeTVShowsPath3)]</value>
		<value condition="Skin.String(HomeTVShowsPath,4)">$INFO[Skin.String(HomeTVShowsPath4)]</value>
		<value condition="Skin.String(HomeTVShowsPath,5)">$INFO[Skin.String(HomeTVShowsPath5)]</value>
		<value>library://video/tvshows/recentlyaddedepisodes.xml/</value>
	</variable>
	<variable name="TVShowsWidgetLabel">
		<value condition="Skin.String(HomeTVShowsPath,1)">$INFO[Skin.String(HomeTVShowsPath1.Label)]</value>
		<value condition="Skin.String(HomeTVShowsPath,2)">$INFO[Skin.String(HomeTVShowsPath2.Label)]</value>
		<value condition="Skin.String(HomeTVShowsPath,3)">$INFO[Skin.String(HomeTVShowsPath3.Label)]</value>
		<value condition="Skin.String(HomeTVShowsPath,4)">$INFO[Skin.String(HomeTVShowsPath4.Label)]</value>
		<value condition="Skin.String(HomeTVShowsPath,5)">$INFO[Skin.String(HomeTVShowsPath5.Label)]</value>
		<value>$LOCALIZE[20387]</value>
	</variable>
	<variable name="MusicVideosWidgetContent">
		<value condition="Skin.String(HomeMusicVideosPath,1)">$INFO[Skin.String(HomeMusicVideosPath1)]</value>
		<value condition="Skin.String(HomeMusicVideosPath,2)">$INFO[Skin.String(HomeMusicVideosPath2)]</value>
		<value condition="Skin.String(HomeMusicVideosPath,3)">$INFO[Skin.String(HomeMusicVideosPath3)]</value>
		<value condition="Skin.String(HomeMusicVideosPath,4)">$INFO[Skin.String(HomeMusicVideosPath4)]</value>
		<value condition="Skin.String(HomeMusicVideosPath,5)">$INFO[Skin.String(HomeMusicVideosPath5)]</value>
		<value>library://video/musicvideos/recentlyaddedmusicvideos.xml/</value>
	</variable>
	<variable name="MusicVideosWidgetLabel">
		<value condition="Skin.String(HomeMusicVideosPath,1)">$INFO[Skin.String(HomeMusicVideosPath1.Label)]</value>
		<value condition="Skin.String(HomeMusicVideosPath,2)">$INFO[Skin.String(HomeMusicVideosPath2.Label)]</value>
		<value condition="Skin.String(HomeMusicVideosPath,3)">$INFO[Skin.String(HomeMusicVideosPath3.Label)]</value>
		<value condition="Skin.String(HomeMusicVideosPath,4)">$INFO[Skin.String(HomeMusicVideosPath4.Label)]</value>
		<value condition="Skin.String(HomeMusicVideosPath,5)">$INFO[Skin.String(HomeMusicVideosPath5.Label)]</value>
		<value>$LOCALIZE[20390]</value>
	</variable>
	<variable name="MusicWidgetContent">
		<value condition="Skin.String(HomeMusicPath,1)">$INFO[Skin.String(HomeMusicPath1)]</value>
		<value condition="Skin.String(HomeMusicPath,2)">$INFO[Skin.String(HomeMusicPath2)]</value>
		<value condition="Skin.String(HomeMusicPath,3)">$INFO[Skin.String(HomeMusicPath3)]</value>
		<value condition="Skin.String(HomeMusicPath,4)">$INFO[Skin.String(HomeMusicPath4)]</value>
		<value condition="Skin.String(HomeMusicPath,5)">$INFO[Skin.String(HomeMusicPath5)]</value>
		<value>library://music/recentlyaddedalbums.xml/</value>
	</variable>
	<variable name="MusicWidgetLabel">
		<value condition="Skin.String(HomeMusicPath,1)">$INFO[Skin.String(HomeMusicPath1.Label)]</value>
		<value condition="Skin.String(HomeMusicPath,2)">$INFO[Skin.String(HomeMusicPath2.Label)]</value>
		<value condition="Skin.String(HomeMusicPath,3)">$INFO[Skin.String(HomeMusicPath3.Label)]</value>
		<value condition="Skin.String(HomeMusicPath,4)">$INFO[Skin.String(HomeMusicPath4.Label)]</value>
		<value condition="Skin.String(HomeMusicPath,5)">$INFO[Skin.String(HomeMusicPath5.Label)]</value>
		<value>$LOCALIZE[359]</value>
	</variable>
	<variable name="ProgramsWidgetContent">
		<value condition="Skin.String(HomeProgramsPath,1)">$INFO[Skin.String(HomeProgramsPath1)]</value>
		<value condition="Skin.String(HomeProgramsPath,2)">$INFO[Skin.String(HomeProgramsPath2)]</value>
		<value condition="Skin.String(HomeProgramsPath,3)">$INFO[Skin.String(HomeProgramsPath3)]</value>
		<value condition="Skin.String(HomeProgramsPath,4)">$INFO[Skin.String(HomeProgramsPath4)]</value>
		<value condition="Skin.String(HomeProgramsPath,5)">$INFO[Skin.String(HomeProgramsPath5)]</value>
		<value>addons://sources/video/</value>
	</variable>
	<variable name="ProgramsWidgetLabel">
		<value condition="Skin.String(HomeProgramsPath,1)">$INFO[Skin.String(HomeProgramsPath1.Label)]</value>
		<value condition="Skin.String(HomeProgramsPath,2)">$INFO[Skin.String(HomeProgramsPath2.Label)]</value>
		<value condition="Skin.String(HomeProgramsPath,3)">$INFO[Skin.String(HomeProgramsPath3.Label)]</value>
		<value condition="Skin.String(HomeProgramsPath,4)">$INFO[Skin.String(HomeProgramsPath4.Label)]</value>
		<value condition="Skin.String(HomeProgramsPath,5)">$INFO[Skin.String(HomeProgramsPath5.Label)]</value>
		<value>$LOCALIZE[1037]</value>
	</variable>
	<variable name="AddonLabel2">
		<value condition="!String.IsEmpty(ListItem.Property(Addon.Status))">$INFO[ListItem.Property(Addon.Status)]</value>
		<value condition="!String.IsEmpty(ListItem.AddonSize)">$INFO[ListItem.AddonSize]</value>
	</variable>
	<variable name="MusicInfoHeader">
		<value condition="Container.Content(Artists)">$INFO[ListItem.Artist]</value>
		<value condition="Container.Content(Albums)">$INFO[ListItem.Album]</value>
		<value condition="Container.Content(Songs)">$INFO[ListItem.Title]</value>
	</variable>
	<variable name="MusicInfoLabel">
		<value condition="Container.Content(Artists)">$INFO[ListItem.Property(Artist_Description)]</value>
		<value condition="Container.Content(Albums)">$INFO[ListItem.Property(Album_Description)]</value>
		<value condition="Container.Content(Songs)">$INFO[ListItem.Comment]</value>
	</variable>
	<variable name="MusicInfoListThumb">
		<value condition="Container.Content(Artists) + !String.IsEmpty(Container(50).Listitem.Icon)">$INFO[Container(50).Listitem.Icon]</value>
		<value condition="[Container.Content(Albums) | Container.Content(Songs)] + !String.IsEmpty(Container.Art(artist.thumb))">$INFO[Container.Art(artist.thumb)]</value>
		<value condition="Container.Content(Artists)">DefaultAlbumCover.png</value>
		<value condition="Container.Content(Albums) | Container.Content(Songs)">DefaultArtist.png</value>
	</variable>
	<variable name="MediaInfoOverlayVar">
		<value condition="ListItem.IsCollection">flagging/video/Set.png</value>
		<value condition="!ListItem.IsStereoscopic">$INFO[ListItem.VideoResolution,flagging/lists/,.png]</value>
		<value>flagging/lists/3D.png</value>
	</variable>
	<variable name="BannerThumb">
		<value condition="!String.IsEmpty(ListItem.Art(banner))">$INFO[ListItem.Art(banner)]</value>
		<value>$INFO[ListItem.Icon]</value>
	</variable>
	<variable name="PosterThumb">
		<value condition="!String.IsEmpty(ListItem.Art(poster))">$INFO[ListItem.Art(poster)]</value>
		<value>$INFO[ListItem.Icon]</value>
	</variable>
	<variable name="MusicInfoPanelLabel">
		<value condition="Container.Content(Artists)">$INFO[ListItem.Label]</value>
		<value condition="Container.Content(Songs)">$INFO[ListItem.Label,[COLOR=selected][B],[/B][/COLOR] - ]$INFO[ListItem.Label2]</value>
		<value>$INFO[ListItem.TrackNumber,([COLOR=selected][B],[/B][/COLOR]) - ]$INFO[ListItem.Label]</value>
	</variable>
	<variable name="PlayList">
		<value condition="Window.IsActive(Videos) + !String.IsEqual(Playlist.Length(video),0)">ActivateWindow(videoplaylist)</value>
		<value>ActivateWindow(musicplaylist)</value>
	</variable>
	<variable name="SelectBack">
		<value condition="![Window.IsVisible(FullscreenVideo) | Window.IsVisible(Visualisation)]">DialogBack.png</value>
		<value>DialogBack2.png</value>
	</variable>
	<variable name="typehackflagging">
		<value condition="[String.Contains(ListItem.FilenameAndPath,bluray) | String.Contains(ListItem.FilenameAndPath,bdrip) | String.Contains(ListItem.FilenameAndPath,brrip) | String.Contains(ListItem.FilenameAndPath,bd25) | String.Contains(ListItem.FilenameAndPath,bd50)]">bluray</value>
		<value condition="String.Contains(ListItem.FilenameAndPath,hddvd)">hddvd</value>
		<value condition="String.Contains(ListItem.FilenameAndPath,dvd)">dvd</value>
		<value condition="[String.Contains(ListItem.FilenameAndPath,pdtv) | String.Contains(ListItem.FilenameAndPath,hdtv) | String.Contains(ListItem.FilenameAndPath,dsr)]">TV</value>
		<value condition="String.Contains(ListItem.FilenameAndPath,vhs)">vhs</value>
	</variable>
	<variable name="rating">
		<value condition="String.Contains(listitem.mpaa,Rated G)">mpaa_general</value>
		<value condition="String.Contains(listitem.mpaa,Rated PG-13)">mpaa_pg13</value>
		<value condition="String.Contains(listitem.mpaa,Rated PG)">mpaa_pg</value>
		<value condition="String.Contains(Listitem.mpaa,Rated R)">mpaa_restricted</value>
		<value condition="String.Contains(Listitem.mpaa,Rated NC)">mpaa_nc17</value>
		<value condition="String.Contains(Listitem.mpaa,Not Rated)">mpaa_notrated</value>
	</variable>
	<variable name="videocodec">
		<value condition="[String.StartsWith(ListItem.VideoCodec,div) | String.IsEqual(ListItem.VideoCodec,dx50)]">divx</value>
		<value>$INFO[ListItem.VideoCodec]</value>
	</variable>
	<variable name="SeekLabel">
		<value condition="Player.IsTempo + String.StartsWith(Player.PlaySpeed,0.)">$LOCALIZE[31045]</value>
		<value condition="Player.IsTempo + String.StartsWith(Player.PlaySpeed,1.)">$LOCALIZE[31044]</value>
		<value condition="Player.Playing + !Player.Seeking + !Player.DisplayAfterSeek">$LOCALIZE[31042]</value>
		<value condition="[Player.Paused + !Player.Caching] + !Player.Seeking + !Player.DisplayAfterSeek">$LOCALIZE[31043]</value>
		<value condition="[Player.Paused + Player.Caching] + !Player.Seeking">$LOCALIZE[15107] $INFO[Player.CacheLevel]%</value>
		<value condition="Player.Paused + ![Player.Forwarding | Player.Rewinding | Player.Seeking]">$LOCALIZE[31043]</value>
		<value condition="String.IsEmpty(Player.SeekStepSize) + String.IsEmpty(Player.SeekOffset)">$LOCALIZE[31042]</value>
		<value condition="!String.IsEmpty(Player.SeekStepSize) + ![Player.Forwarding | Player.Rewinding]">$LOCALIZE[31046][COLOR=grey] $INFO[Player.SeekStepSize][/COLOR]</value>
		<value condition="Player.DisplayAfterSeek + ![Player.Forwarding | Player.Rewinding]">$LOCALIZE[31046][COLOR=grey] $INFO[Player.SeekOffset][/COLOR]</value>
		<value condition="Player.Forwarding">$LOCALIZE[31044]</value>
		<value condition="Player.Rewinding">$LOCALIZE[31045]</value>
	</variable>
	<variable name="SelectLabel">
		<value condition="Control.IsVisible(3)">([COLOR=theme]$INFO[Container(3).NumItems][/COLOR]) $LOCALIZE[31025] - $LOCALIZE[31024] ([COLOR=theme]$INFO[Container(3).CurrentPage]/$INFO[Container(3).NumPages][/COLOR])</value>
		<value condition="Control.IsVisible(6)">([COLOR=theme]$INFO[Container(6).NumItems][/COLOR]) $LOCALIZE[31025] - $LOCALIZE[31024] ([COLOR=theme]$INFO[Container(6).CurrentPage]/$INFO[Container(6).NumPages][/COLOR])</value>
	</variable>
	<variable name="PlayerControlsRepeatImageVar">
		<value condition="Playlist.IsRepeatOne + Control.HasFocus(704)">OSDRepeatOneFO.png</value>
		<value condition="Playlist.IsRepeat + Control.HasFocus(704)">OSDRepeatAllFO.png</value>
		<value condition="Control.HasFocus(704)">OSDRepeatFO.png</value>
		<value condition="Playlist.IsRepeatOne">OSDRepeatOneNF.png</value>
		<value condition="Playlist.IsRepeat">OSDRepeatAllNF.png</value>
		<value>OSDRepeatNF.png</value>
	</variable>
	<variable name="PVRChannelMgrHeader">
		<value condition="!String.IsEmpty(Window.Property(IsRadio))">$LOCALIZE[19199] - $LOCALIZE[19024]</value>
		<value>$LOCALIZE[19199] - $LOCALIZE[19023]</value>
	</variable>
	<variable name="PVRTimerIcon">
		<value condition="ListItem.IsRecording">PVR-IsRecording.png</value>
		<value condition="ListItem.HasTimerSchedule + ListItem.TimerHasError">PVR-HasTimerScheduleError.png</value>
		<value condition="ListItem.HasTimer + ListItem.TimerHasError">PVR-HasTimerError.png</value>
		<value condition="ListItem.HasTimerSchedule + ListItem.TimerHasConflict">PVR-HasTimerScheduleConflict.png</value>
		<value condition="ListItem.HasTimer + ListItem.TimerHasConflict">PVR-HasTimerConflict.png</value>
		<value condition="ListItem.HasRecording">PVR-HasRecording.png</value>
		<value condition="ListItem.HasTimerSchedule + !ListItem.TimerIsActive">PVR-HasTimerScheduleDisabled.png</value>
		<value condition="ListItem.HasTimer + !ListItem.TimerIsActive">PVR-HasTimerDisabled.png</value>
		<value condition="ListItem.HasTimerSchedule">PVR-HasTimerSchedule.png</value>
		<value condition="ListItem.HasTimer">PVR-HasTimer.png</value>
	</variable>
	<variable name="PVRTimerLabel">
		<value condition="ListItem.IsRecording">$LOCALIZE[19043]</value>
		<value condition="ListItem.HasTimer + !ListItem.TimerIsActive">$LOCALIZE[19057]</value>
		<value condition="ListItem.HasTimer">$LOCALIZE[31510]</value>
	</variable>
	<variable name="InfoListPathVar">
		<value condition="String.IsEmpty(Container.PluginName)">$INFO[ListItem.FolderPath]</value>
		<value></value>
	</variable>
	<variable name="NodeSortBy">
		<value condition="Skin.String(NodeSort.By,$LOCALIZE[551])">label</value>
		<value condition="Skin.String(NodeSort.By,$LOCALIZE[13278])">default</value>
		<value condition="Skin.String(NodeSort.By,$LOCALIZE[573])">path</value>
		<value></value>
	</variable>
	<variable name="NodeSortOrder">
		<value condition="Skin.String(NodeSort.Order,$LOCALIZE[584])">ascending</value>
		<value condition="Skin.String(NodeSort.Order,$LOCALIZE[585])">descending</value>
		<value>ascending</value>
	</variable>
	<variable name="NodeSortItems">
		<value condition="Skin.String(NodeSort.Items)">$INFO[Skin.String(NodeSort.Items)]</value>
		<value>10</value>
	</variable>
</includes>