<?xml version="1.0" encoding="UTF-8"?>
<window type="dialog" id="1142">
    <defaultcontrol always="true">11</defaultcontrol>
    <include>openclose</include>
    <include>opencloseslidedown</include>
    <controls>
        <include>DialogLayout</include>
        <control type="group">
            <control type="label" id="1">
                <description>Heading</description>
                <left>0</left>
                <top>9</top>
                <label>10516</label>
                <width>1920</width>
                <height>30</height>
                <font>impacted24</font>
                <shadowcolor>black</shadowcolor>
                <textcolor>grey1</textcolor>
                <align>center</align>
                <scroll>true</scroll>
            </control>
            <control type="group">
                <left>0</left>
                <top>90</top>
                <control type="label" id="1">
                    <description>dialog line</description>
                    <left>150</left>
                    <top>30</top>
                    <label>$LOCALIZE[22080] ...</label>
                    <width>1620</width>
                    <height>30</height>
                    <align>center</align>
                    <font>impacted18</font>
                </control>
                <control type="group" id="9">
                    <include>opencloseslidedown</include>
                    <left>502</left>
                    <top>80</top>
                    <control type="button" id="10">
                        <description>Yes button</description>
                        <left>0</left>
                        <top>60</top>
                        <width>330</width>
                        <height>39</height>
                        <label>653</label>
                        <align>center</align>
                        <onleft>12</onleft>
                        <onright>11</onright>
                        <ondown>13</ondown>
                        <texturenofocus/>
                        <onclick>Dialog.Close(1142,true)</onclick>
                        <onclick>UpdateLibrary(music)</onclick>
                    </control>
                    <control type="button" id="11">
                        <description>No button</description>
                        <left>345</left>
                        <top>60</top>
                        <width>225</width>
                        <height>39</height>
                        <label>10212</label>
                        <align>center</align>
                        <onleft>10</onleft>
                        <onright>12</onright>
                        <texturenofocus/>
                        <onclick>Dialog.Close(1142,true)</onclick>
                    </control>
                    <control type="button" id="12">
                        <description>No button</description>
                        <left>585</left>
                        <top>60</top>
                        <width>330</width>
                        <height>39</height>
                        <label>313</label>
                        <align>center</align>
                        <onleft>11</onleft>
                        <onright>10</onright>
                        <texturenofocus/>
                        <onclick>Dialog.Close(1142,true)</onclick>
                        <onclick>CleanLibrary(music)</onclick>
                    </control>
                </control>
            </control>
        </control>
    </controls>
</window>
