<?xml version="1.0" encoding="UTF-8"?>
<window>
    <defaultcontrol always="true">9000</defaultcontrol>
	<backgroundcolor>grey3</backgroundcolor>
    <include>openclose</include>
    <controls>
        <control type="group">
            <visible>!Window.IsVisible(FileBrowser)</visible>
            <control type="group">
                <include>openclosefanart</include>
                <include>DialogBackground</include>
                <include>WhiteGrunge</include>
            </control>
            <control type="group">
                <include>openclosebox</include>
                <include>DialogInfoWide</include>
                <control type="group">
                    <control type="label">
                        <description>Addon Title value</description>
                        <left>30</left>
                        <top>186</top>
                        <width>1020</width>
                        <font>impacted31</font>
                        <align>left</align>
                        <label>$INFO[ListItem.Property(Addon.Name)]</label>
                        <scroll>true</scroll>
                    </control>
                    <control type="image">
                        <left>1028</left>
                        <top>285</top>
                        <width>3</width>
                        <height>525</height>
                        <colordiffuse>fanartdiffuse</colordiffuse>
                        <texture>Separator4.png</texture>
                    </control>
                    <control type="group">
                        <left>0</left>
                        <top>135</top>
                        <include>openclosevisible</include>
                        <visible>!Window.isVisible(AddonSettings) + !Window.IsActive(TextViewer)</visible>
                        <control type="image">
                            <include>openclosevisible</include>
                            <description>Album image</description>
                            <left>1245</left>
                            <top>165</top>
                            <width>450</width>
                            <height>450</height>
                            <aspectratio>keep</aspectratio>
                            <bordertexture border="10">ThumbShadow.png</bordertexture>
                            <bordersize>7</bordersize>
                            <texture>$INFO[ListItem.Icon]</texture>
                            <visible>String.IsEmpty(ListItem.AddonBroken)</visible>
                        </control>
                        <control type="image">
                            <include>openclosevisible</include>
                            <description>Album image</description>
                            <left>1245</left>
                            <top>165</top>
                            <width>435</width>
                            <height>435</height>
                            <aspectratio>keep</aspectratio>
                            <colordiffuse>grey2</colordiffuse>
                            <bordertexture border="10">ThumbShadow.png</bordertexture>
                            <bordersize>7</bordersize>
                            <texture>$INFO[ListItem.Icon]</texture>
                            <visible>!String.IsEmpty(ListItem.AddonBroken)</visible>
                        </control>
                        <control type="image">
                            <left>1252</left>
                            <top>172</top>
                            <width>420</width>
                            <height>420</height>
                            <texture>Broken.png</texture>
                            <visible>!String.IsEmpty(ListItem.AddonBroken)</visible>
                        </control>
                        <control type="group">
                            <left>30</left>
                            <top>135</top>
                            <control type="label">
                                <description>Type txt</description>
                                <left>15</left>
                                <top>0</top>
                                <width>210</width>
                                <height>38</height>
                                <label>$LOCALIZE[146]</label>
                                <align>right</align>
                                <aligny>center</aligny>
                                <font>impacted18</font>
                                <textcolor>selectedhome</textcolor>
                            </control>
                            <control type="label">
                                <description>Type Value</description>
                                <left>240</left>
                                <top>0</top>
                                <width>720</width>
                                <height>38</height>
                                <label fallback="416">$INFO[ListItem.AddonType]</label>
                                <align>left</align>
                                <aligny>center</aligny>
                                <font>impacted18</font>
                                <textcolor>grey3</textcolor>
                                <scroll>true</scroll>
                            </control>
                            <control type="label">
                                <description>Author txt</description>
                                <left>15</left>
                                <top>45</top>
                                <width>210</width>
                                <height>38</height>
                                <label>$LOCALIZE[21863]:</label>
                                <align>right</align>
                                <aligny>center</aligny>
                                <font>impacted18</font>
                                <textcolor>selectedhome</textcolor>
                            </control>
                            <control type="label">
                                <description>Author Value</description>
                                <left>240</left>
                                <top>45</top>
                                <width>720</width>
                                <height>38</height>
                                <label fallback="416">$INFO[ListItem.AddonCreator]</label>
                                <align>left</align>
                                <aligny>center</aligny>
                                <font>impacted18</font>
                                <textcolor>grey3</textcolor>
                                <scroll>true</scroll>
                            </control>
                            <control type="label">
                                <description>Version txt</description>
                                <left>15</left>
                                <top>90</top>
                                <width>210</width>
                                <height>38</height>
                                <label>$LOCALIZE[24051]</label>
                                <align>right</align>
                                <aligny>center</aligny>
                                <font>impacted18</font>
                                <textcolor>selectedhome</textcolor>
                            </control>
                            <control type="label">
                                <description>Version Value</description>
                                <left>240</left>
                                <top>90</top>
                                <width>720</width>
                                <height>38</height>
                                <label fallback="416">$INFO[ListItem.AddonVersion]</label>
                                <align>left</align>
                                <aligny>center</aligny>
                                <font>impacted18</font>
                                <textcolor>grey3</textcolor>
                                <scroll>true</scroll>
                            </control>
                            <!-- <control type="label">
                                <description>Rating txt</description>
                                <left>15</left>
                                <top>135</top>
                                <width>210</width>
                                <height>38</height>
                                <label>$LOCALIZE[563]:</label>
                                <align>right</align>
                                <aligny>center</aligny>
                                <font>impacted18</font>
                                <textcolor>selectedhome</textcolor>
                            </control>
                            <control type="image">
                                <description>Rating value</description>
                                <left>232</left>
                                <top>135</top>
                                <width>240</width>
                                <height>42</height>
                                <aspectratio align="left">keep</aspectratio>
                                <texture fallback="LeftRating/rating0.png">$INFO[ListItem.Property(Addon.StarRating),LeftRating/,.png]</texture>
                            </control> -->
                            <control type="label">
                                <description>Summary txt</description>
                                <left>15</left>
                                <top>135</top>
                                <width>210</width>
                                <height>38</height>
                                <label>$LOCALIZE[20037]:</label>
                                <align>right</align>
                                <aligny>center</aligny>
                                <font>impacted18</font>
                                <textcolor>selectedhome</textcolor>
                            </control>
                            <control type="fadelabel">
                                <description>Summary Value</description>
                                <left>240</left>
                                <top>135</top>
                                <width>720</width>
                                <height>38</height>
                                <label fallback="416">$INFO[ListItem.AddonSummary]</label>
                                <align>left</align>
                                <aligny>center</aligny>
                                <font>impacted18</font>
                                <textcolor>grey3</textcolor>
                                <scrollout>false</scrollout>
                                <pauseatend>2000</pauseatend>
                            </control>
                            <control type="image">
                                <left>0</left>
                                <top>225</top>
                                <width>960</width>
                                <height>3</height>
                                <colordiffuse>fanartdiffuse</colordiffuse>
                                <texture>Separator1.png</texture>
                            </control>
                            <control type="label">
                                <description>Description txt</description>
                                <left>0</left>
                                <top>232</top>
                                <width>450</width>
                                <height>38</height>
                                <label>$LOCALIZE[21821]</label>
                                <align>left</align>
                                <aligny>center</aligny>
                                <font>impacted18</font>
                                <textcolor>selectedhome</textcolor>
                            </control>
                            <control type="group">
                                <visible>!String.IsEmpty(ListItem.AddonDisclaimer)</visible>
                                <control type="label">
                                    <description>Description Page Count</description>
                                    <left>465</left>
                                    <top>240</top>
                                    <width>450</width>
                                    <height>38</height>
                                    <label>$INFO[Container(401).CurrentPage, $LOCALIZE[31008] [COLOR=selectedhome]([/COLOR]]$INFO[Container(401).NumPages,/,[COLOR=selectedhome])[/COLOR]]</label>
                                    <align>right</align>
                                    <aligny>center</aligny>
                                    <font>font16</font>
                                    <textcolor>grey2</textcolor>
                                </control>
                                <control type="spincontrol" id="60">
                                    <description>Next page button</description>
                                    <left>885</left>
                                    <top>246</top>
                                    <subtype>page</subtype>
                                    <font/>
                                    <onleft>60</onleft>
                                    <onright>60</onright>
                                    <ondown>9000</ondown>
                                    <onup>49</onup>
                                    <textcolor/>
                                    <showonepage>false</showonepage>
                                </control>
                                <control type="textbox" id="400">
                                    <description>Description</description>
                                    <left>15</left>
                                    <top>276</top>
                                    <width>945</width>
                                    <height>292</height>
                                    <font>font12</font>
                                    <align>justify</align>
                                    <textcolor>grey3</textcolor>
                                    <label>$INFO[ListItem.AddonDescription]</label>
                                    <pagecontrol>60</pagecontrol>
                                </control>
                                <control type="label">
                                    <description>Disclaimer txt</description>
                                    <left>0</left>
                                    <top>675</top>
                                    <width>900</width>
                                    <height>38</height>
                                    <label>$LOCALIZE[24052]</label>
                                    <align>left</align>
                                    <aligny>center</aligny>
                                    <font>impacted18</font>
                                    <textcolor>selected</textcolor>
                                </control>
                                <control type="textbox">
                                    <description>Disclaimer</description>
                                    <left>15</left>
                                    <top>708</top>
                                    <width>945</width>
                                    <height>90</height>
                                    <font>font12</font>
                                    <textcolor>grey</textcolor>
                                    <label>$INFO[ListItem.AddonDisclaimer]</label>
                                </control>
                            </control>
                            <control type="group">
                                <visible>String.IsEmpty(ListItem.AddonDisclaimer)</visible>
                                <control type="label">
                                    <description>Description Page Count</description>
                                    <left>465</left>
                                    <top>240</top>
                                    <width>450</width>
                                    <height>38</height>
                                    <label>$INFO[Container(401).CurrentPage, $LOCALIZE[31008] [COLOR=selectedhome]([/COLOR]]$INFO[Container(401).NumPages,/,[COLOR=selectedhome])[/COLOR]]</label>
                                    <align>right</align>
                                    <aligny>center</aligny>
                                    <font>font16</font>
                                    <textcolor>grey2</textcolor>
                                </control>
                                <control type="spincontrol" id="60">
                                    <description>Next page button</description>
                                    <left>885</left>
                                    <top>246</top>
                                    <subtype>page</subtype>
                                    <font/>
                                    <onleft>60</onleft>
                                    <onright>60</onright>
                                    <ondown>9000</ondown>
                                    <onup>49</onup>
                                    <textcolor/>
                                    <showonepage>false</showonepage>
                                </control>
                                <control type="textbox" id="401">
                                    <description>Description</description>
                                    <left>15</left>
                                    <top>280</top>
                                    <width>945</width>
                                    <height>292</height>
                                    <font>font12</font>
                                    <textcolor>grey3</textcolor>
                                    <label>$INFO[ListItem.AddonDescription]</label>
                                    <pagecontrol>60</pagecontrol>
                                </control>
                            </control>
                        </control>
                        <control type="grouplist" id="9000">
                            <left>52</left>
                            <top>735</top>
                            <width>1815</width>
                            <height>60</height>
                            <itemgap>15</itemgap>
                            <align>center</align>
                            <orientation>horizontal</orientation>
                            <onleft>9000</onleft>
                            <onright>9000</onright>
                            <onup>60</onup>
                            <ondown/>
                            <control type="button" id="9">
                                <description>Configure Addon</description>
								<width>220</width>
                                <include>dialogbutton</include>
                                <label>24020</label>
                            </control>
                            <control type="button" id="8">
                                <description>Update Addon button</description>
								<width>220</width>
                                <include>dialogbutton</include>
                                <label>24069</label>
                            </control>
                            <control type="button" id="12">
                                <description>Launch Addon button</description>
								<width>220</width>
                                <include>dialogbutton</include>
                                <label>518</label>
                            </control>
                            <control type="button" id="6">
                                <description>Install/UnInstall Addon button</description>
								<width>220</width>
                                <include>dialogbutton</include>
                                <label>24022</label>
                            </control>
                            <control type="button" id="7">
                                <description>Enable/Disable Addon button</description>
								<width>220</width>
                                <include>dialogbutton</include>
                                <label/>
                            </control>
                            <control type="radiobutton" id="13">
                                <description>Changelog button</description>
								<width min="105" max="380">auto</width>
								<align>left</align>
								<radiowidth>26</radiowidth>
								<radioheight>16</radioheight>
								<font>impacted18</font>
                                <label/>
                            </control>
                            <control type="button" id="10">
                                <description>Changelog button</description>
								<width>220</width>
                                <include>dialogbutton</include>
                                <label>39024</label>
                            </control>
                            <control type="button" id="14">
                                <description>Version button</description>
								<width>220</width>
                                <include>dialogbutton</include>
                                <label>24069</label>
                            </control>
                        </control>
                        <control type="group">
                            <visible>!String.IsEmpty(ListItem.AddonBroken)</visible>
                            <left>1065</left>
                            <top>8</top>
                            <control type="image">
                                <description>Icon image</description>
                                <left>39</left>
                                <top>30</top>
                                <width>60</width>
                                <height>60</height>
                                <texture>DefaultIconError.png</texture>
                            </control>
                            <control type="label">
                                <description>header label</description>
                                <left>112</left>
                                <top>27</top>
                                <width>720</width>
                                <height>38</height>
                                <font>ubuntu-r13</font>
                                <label>24096</label>
                                <align>left</align>
                                <aligny>center</aligny>
                                <textcolor>grey3</textcolor>
                            </control>
                            <control type="textbox">
                                <description>Reason label</description>
                                <left>120</left>
                                <top>60</top>
                                <width>675</width>
                                <height>75</height>
                                <font>ubuntu-r13</font>
                                <label>$INFO[ListItem.AddonBroken]</label>
                                <align>left</align>
                                <textcolor>selectedhome</textcolor>
                            </control>
                        </control>
                    </control>
                </control>
            </control>
        </control>
    </controls>
</window>
