<?xml version="1.0" encoding="UTF-8"?>
<window>
    <defaultcontrol>20</defaultcontrol>
	<backgroundcolor>grey3</backgroundcolor>
    <include>openclose</include>
    <controls>
        <include>DialogBackgroundSimple</include>
		<include content="DialogInfoBackgroundParam">
			<param name="width" value="1860" />
			<param name="height" value="900" />
			<param name="bottomimage" value="840" />
			<param name="id" value="0" />
			<param name="HeaderLabel" value="" />
		</include>
		<control type="group">
            <left>30</left>
            <top>80</top>
			<control type="label">
				<description>header label</description>
				<left>50</left>
				<top>18</top>
				<width>45</width>
				<height>45</height>
				<font>impacted24</font>
				<label>A</label>
				<align>left</align>
				<aligny>center</aligny>
			</control>
			<control type="label">
				<description>header label</description>
				<left>130r</left>
				<top>18</top>
				<width>45</width>
				<height>45</height>
				<font>impacted24</font>
				<label>B</label>
				<align>right</align>
				<aligny>center</aligny>
			</control>
            <control type="group">
				<top>20</top>
				<left>20</left>
                <include>openclosevisible</include>
                <control type="group">
                    <control type="image">
                        <left>780</left>
                        <top>50</top>
                        <width>90</width>
                        <height>90</height>
                        <aspectratio>keep</aspectratio>
                        <info>Container(20).ListItem.Icon</info>
                    </control>
                    <control type="label" id="101">
                        <description>current directory text label</description>
                        <left>45</left>
                        <top>75</top>
                        <width>705</width>
                        <height>45</height>
                        <textcolor>description</textcolor>
                        <scroll>true</scroll>
                        <align>left</align>
                        <aligny>center</aligny>
                    </control>
                    <control type="scrollbar" id="30">
                        <left>10</left>
                        <top>135</top>
                        <height>670</height>
                        <onright>20</onright>
                        <showonepage>false</showonepage>
                        <orientation>vertical</orientation>
                    </control>
                    <control type="list" id="20">
                        <left>45</left>
                        <top>135</top>
                        <width>810</width>
                        <height>670</height>
                        <onleft>30</onleft>
                        <onright>21</onright>
                        <onup>20</onup>
                        <ondown>20</ondown>
                        <pagecontrol>30</pagecontrol>
                        <scrolltime>200</scrolltime>
                        <itemlayout height="52" width="810">
                            <control type="image">
                                <left>0</left>
                                <top>0</top>
                                <width>810</width>
                                <height>54</height>
                                <texture background="true" border="5">buttons/ButtonNFlight.png</texture>
                            </control>
                            <control type="label">
                                <left>15</left>
                                <top>0</top>
                                <width>720</width>
                                <height>54</height>
                                <aligny>center</aligny>
                                <textcolor>white</textcolor>
                                <align>left</align>
                                <info>ListItem.Label</info>
                            </control>
                            <control type="label">
                                <left>495</left>
                                <top>10</top>
                                <width>300</width>
                                <height>36</height>
                                <aligny>center</aligny>
                                <textcolor>grey</textcolor>
                                <align>right</align>
                                <info>ListItem.Label2</info>
                            </control>
                        </itemlayout>
                        <focusedlayout height="52" width="810">
                            <control type="image">
                                <left>0</left>
                                <top>0</top>
                                <width>810</width>
                                <height>54</height>
                                <visible>!Control.HasFocus(20)</visible>
                                <colordiffuse>fanartdiffuse</colordiffuse>
                                <texture background="true" border="5">buttons/ButtonFO.png</texture>
                            </control>
                            <control type="image">
                                <left>0</left>
                                <top>0</top>
                                <width>810</width>
                                <height>54</height>
                                <visible>Control.HasFocus(20)</visible>
                                <texture background="true" border="5">buttons/ButtonFO.png</texture>
                            </control>
                            <control type="label">
                                <left>15</left>
                                <top>0</top>
                                <width>720</width>
                                <height>54</height>
                                <textcolor>black</textcolor>
                                <aligny>center</aligny>
                                <align>left</align>
                                <info>ListItem.Label</info>
                            </control>
                            <control type="label">
                                <left>495</left>
                                <top>10</top>
                                <width>300</width>
                                <height>36</height>
                                <aligny>center</aligny>
                                <textcolor>black</textcolor>
                                <align>right</align>
                                <info>ListItem.Label2</info>
                            </control>
                        </focusedlayout>
                    </control>
                </control>
            </control>
            <control type="group">
				<left>940</left>
				<top>20</top>
                <include>openclosevisible</include>
                <control type="group">
                    <control type="image">
                        <left>780</left>
                        <top>50</top>
                        <width>90</width>
                        <height>90</height>
                        <aspectratio>keep</aspectratio>
                        <info>Container(20).ListItem.Icon</info>
                    </control>
                    <control type="label" id="102">
                        <description>current directory text label</description>
                        <left>45</left>
                        <top>75</top>
                        <width>705</width>
                        <height>45</height>
                        <textcolor>description</textcolor>
                        <scroll>true</scroll>
                        <align>left</align>
                        <aligny>center</aligny>
                    </control>
                    <control type="scrollbar" id="31">
                        <left>880</left>
                        <top>135</top>
                        <height>670</height>
                        <onleft>21</onleft>
                        <showonepage>false</showonepage>
                        <orientation>vertical</orientation>
                    </control>
                    <control type="list" id="21">
                        <left>45</left>
                        <top>135</top>
                        <width>810</width>
                        <height>670</height>
                        <onleft>20</onleft>
                        <onright>31</onright>
                        <onup>21</onup>
                        <ondown>21</ondown>
                        <pagecontrol>31</pagecontrol>
                        <scrolltime>200</scrolltime>
                        <itemlayout height="52" width="810">
                            <control type="image">
                                <left>0</left>
                                <top>0</top>
                                <width>810</width>
                                <height>54</height>
                                <texture background="true" border="5">buttons/ButtonNFlight.png</texture>
                            </control>
                            <control type="label">
                                <left>15</left>
                                <top>0</top>
                                <width>720</width>
                                <height>54</height>
                                <aligny>center</aligny>
                                <textcolor>white</textcolor>
                                <align>left</align>
                                <info>ListItem.Label</info>
                            </control>
                            <control type="label">
                                <left>495</left>
                                <top>10</top>
                                <width>300</width>
                                <height>36</height>
                                <aligny>center</aligny>
                                <textcolor>grey</textcolor>
                                <align>right</align>
                                <info>ListItem.Label2</info>
                            </control>
                        </itemlayout>
                        <focusedlayout height="52" width="810">
                            <control type="image">
                                <left>0</left>
                                <top>0</top>
                                <width>810</width>
                                <height>54</height>
                                <visible>!Control.HasFocus(21)</visible>
                                <colordiffuse>fanartdiffuse</colordiffuse>
                                <texture background="true" border="5">buttons/ButtonFO.png</texture>
                            </control>
                            <control type="image">
                                <left>0</left>
                                <top>0</top>
                                <width>810</width>
                                <height>54</height>
                                <visible>Control.HasFocus(21)</visible>
                                <texture background="true" border="5">buttons/ButtonFO.png</texture>
                            </control>
                            <control type="label">
                                <left>15</left>
                                <top>0</top>
                                <width>720</width>
                                <height>54</height>
                                <textcolor>black</textcolor>
                                <aligny>center</aligny>
                                <align>left</align>
                                <info>ListItem.Label</info>
                            </control>
                            <control type="label">
                                <left>495</left>
                                <top>10</top>
                                <width>300</width>
                                <height>36</height>
                                <aligny>center</aligny>
                                <textcolor>black</textcolor>
                                <align>right</align>
                                <info>ListItem.Label2</info>
                            </control>
                        </focusedlayout>
                    </control>
                </control>
            </control>
            <control type="label">
                <include>opencloseslideright</include>
                <description>number of files/pages in left list text label</description>
                <left>30</left>
                <top>142r</top>
                <width>855</width>
                <align>left</align>
                <scroll>true</scroll>
				<font>impacted18</font>
                <textcolor>grey</textcolor>
                <label>([COLOR=white]$INFO[Container(20).NumItems][/COLOR]) $LOCALIZE[31009] - $LOCALIZE[31008] ([COLOR=white]$INFO[Container(20).CurrentPage]/$INFO[Container(20).NumPages][/COLOR])</label>
            </control>
            <control type="label">
                <include>opencloseslideleft</include>
                <description>number of files/pages in left list text label</description>
                <left>970</left>
                <top>142r</top>
                <width>855</width>
                <align>right</align>
                <scroll>true</scroll>
				<font>impacted18</font>
                <textcolor>grey</textcolor>
                <label>([COLOR=white]$INFO[Container(21).NumItems][/COLOR]) $LOCALIZE[31009] - $LOCALIZE[31008] ([COLOR=white]$INFO[Container(21).CurrentPage]/$INFO[Container(21).NumPages][/COLOR])</label>
            </control>
        </control>
        <include>Clock</include>
        <include>NavInfo</include>
    </controls>
</window>
