<?xml version="1.0" encoding="UTF-8"?>
<window id="0">
    <defaultcontrol always="true">9000</defaultcontrol>
	<backgroundcolor>grey3</backgroundcolor>
    <menucontrol>200</menucontrol>
    <onload condition="!Skin.HasSetting(firstrun_horizonzv)">Skin.ResetSettings</onload>
	<onload condition="String.IsEmpty(Skin.String(weathericons.path))">Skin.SetString(weathericons.path,resource://resource.images.weathericons.outline-hd/)</onload>
	<onload condition="System.HasAddon(script.skinhelper.ping)">RunScript(script.skinhelper.ping,status)</onload>
    <onload condition="!Skin.HasSetting(gambit_background)+!Skin.HasSetting(avengers_sw)+!Skin.HasSetting(standard_bkg)">Skin.SetBool(standard_bkg)</onload>
    <onload condition="!String.IsEmpty(Skin.String(homemenufocus))+Window.Previous(startup)">Control.Move(9000,$INFO[Skin.String(homemenufocus)])</onload>
    <onload condition="!Skin.HasSetting(firstrun_horizonzv)">ActivateWindow(1155)</onload>
    <onload condition="![Skin.HasSetting(Row5_Weather)|Skin.HasSetting(Row5_GTO)|Skin.HasSetting(Row5_Path)|Skin.HasSetting(Row5_Fav)|Skin.HasSetting(Row5_Fritzact)]">Skin.SetBool(Row5_off)</onload>
    <onload condition="![Skin.HasSetting(Row4_Weather)|Skin.HasSetting(Row4_GTO)|Skin.HasSetting(Row4_Path)|Skin.HasSetting(Row4_Fav)|Skin.HasSetting(Row4_Fritzact)]">Skin.SetBool(Row4_off)</onload>
    <onload condition="![Skin.HasSetting(Row3_Weather)|Skin.HasSetting(Row3_GTO)|Skin.HasSetting(Row3_Path)|Skin.HasSetting(Row3_Fav)|Skin.HasSetting(Row3_Fritzact)]">Skin.SetBool(Row3_off)</onload>
    <onload condition="![Skin.HasSetting(Row2_Weather)|Skin.HasSetting(Row2_GTO)|Skin.HasSetting(Row2_Path)|Skin.HasSetting(Row2_Fav)|Skin.HasSetting(Row2_Fritzact)]">Skin.SetBool(Row2_off)</onload>
	<!-- <onload condition="!Skin.HasSetting(firstrun_horizonzv)">ActivateWindow(1140)</onload> -->
	<!-- <include condition="System.HasAddon(plugin.video.themoviedb.helper)">TMDbhelperListButton</include> -->
    <onload>CancelAlarm(HideMenu,true)</onload>
    <onunload>CancelAlarm(HideMenu,true)</onunload>
    <include>openclose</include>
    <controls>
        <control type="button" id="3020">
            <include>HiddenButton</include>
            <onfocus>ActivateWindow(settings)</onfocus>
        </control>
        <include>fakebutton_visible_bkg</include> <!-- fakebutton for weather -->
        <include>Gambit</include>
        <include>GlobalBackground</include>
        <include>HomemenuDiashowBackground</include>
        <include>WeatherFanart</include>
        <include>BackgroundOverlay</include>
        <include>NextTracksPlaylist</include>
        <control type="group">
            <control type="group" id="2900">
                <visible>!Window.IsVisible(1141)+!Window.IsVisible(1142)+!Window.IsVisible(1155)+!Window.IsVisible(selectdialog)</visible>
                <include>HomepageWidget</include>
                <include>Dashboard</include>
            </control>
            <control type="group"> <!-- RSS / OSD -->
				<control type="group">
					<animation effect="slide" end="-50" condition="String.IsEqual(Container(4445).NumItems,1)">Conditional</animation>
					<animation effect="slide" end="-100" condition="String.IsEqual(Container(4445).NumItems,2)">Conditional</animation>
					<animation effect="slide" end="-150" condition="String.IsEqual(Container(4445).NumItems,3)">Conditional</animation>
					<top>1</top>
					<include>RSS</include>
				</control>
                <visible>!ControlGroup(19).HasFocus()</visible>
				<visible>!Control.HasFocus(666)</visible>
                <include>openclosevisible</include>
                <include>HomeOSD</include>
            </control>
            <control type="image"> <!-- Horizonz Logo -->
                <description>LOGO</description>
                <left>30</left>
                <top>150r</top>
                <width>330</width>
                <height>120</height>
                <aspectratio>keep</aspectratio>
                <texture>Horizonzv.png</texture>
                <animation effect="fade" start="100" end="0" time="2000" delay="8000" condition="true">Conditional</animation>
                <visible>Window.Previous(startup)</visible>
            </control>
            <control type="group"> <!-- Statistic -->
                <left>810</left>
                <top>964</top>
                <visible>Skin.HasSetting(statistic)+!Window.IsVisible(favourites)</visible>
                <visible>String.IsEqual(Container(9000).ListItem.Property(homemenu_id),music)|String.IsEqual(Container(9000).ListItem.Property(homemenu_id),movies)|String.IsEqual(Container(9000).ListItem.Property(homemenu_id),tvshow)</visible>
                <animation type="WindowOpen" condition="Skin.HasSetting(animation)">
                    <effect type="fade" start="0" end="100" time="500" delay="600"/>
                    <effect type="slide" start="0,150" end="0,0" time="700" tween="cubic" easing="out" delay="600"/>
                </animation>
                <animation type="WindowClose" condition="Skin.HasSetting(animation)">
                    <effect type="fade" start="100" end="0" time="400"/>
                    <effect type="slide" start="0,0" end="0,150" time="300"/>
                </animation>
                <animation type="Visible" condition="Skin.HasSetting(animation)">
                    <effect type="fade" start="0" end="100" time="500" delay="600"/>
                    <effect type="slide" start="0,150" end="0,0" time="700" tween="cubic" easing="out" delay="600"/>
                </animation>
                <animation type="Hidden" condition="Skin.HasSetting(animation)">
                    <effect type="fade" start="100" end="0" time="400"/>
                    <effect type="slide" start="0,0" end="0,150" time="300"/>
                </animation>
                <control type="group">
                    <left>352</left>
                    <top>69</top>
                    <control type="fadelabel">
                        <left>30</left>
                        <top>0</top>
                        <width>360</width>
                        <height>45</height>
                        <align>center</align>
                        <textcolor>white</textcolor>
                        <textoffsetx>30</textoffsetx>
                        <label>$INFO[Window(Home).Property(Movies.Count),$LOCALIZE[31009]: ,]</label>
                        <label>$INFO[Window(Home).Property(Movies.UnWatched),$LOCALIZE[16101]: ,]</label>
                        <visible>String.IsEqual(Container(9000).ListItem.Property(homemenu_id),movies)</visible>
                        <scroll>false</scroll>
                        <scrollout>false</scrollout>
                        <pauseatend>3000</pauseatend>
                        <include>opencloseslideup</include>
                    </control>
                    <control type="fadelabel">
                        <left>30</left>
                        <top>0</top>
                        <width>360</width>
                        <height>45</height>
                        <align>center</align>
                        <textcolor>white</textcolor>
                        <textoffsetx>30</textoffsetx>
                        <label>$INFO[Window(Home).Property(TVShows.Count),$LOCALIZE[31009]: ,]</label>
                        <label>$INFO[Window(Home).Property(TVShows.UnWatched),$LOCALIZE[16101]: ,]</label>
                        <visible>String.IsEqual(Container(9000).ListItem.Property(homemenu_id),tvshow)</visible>
                        <scroll>false</scroll>
                        <scrollout>false</scrollout>
                        <pauseatend>3000</pauseatend>
                        <include>opencloseslideup</include>
                    </control>
                    <control type="fadelabel">
                        <left>30</left>
                        <top>0</top>
                        <width>360</width>
                        <height>45</height>
                        <align>center</align>
                        <textcolor>white</textcolor>
                        <textoffsetx>30</textoffsetx>
                        <label>$INFO[Window(Home).Property(Music.AlbumsCount),$LOCALIZE[132]: ,]</label>
                        <label>$INFO[Window(Home).Property(Music.ArtistsCount),$LOCALIZE[133]: ,]</label>
                        <label>$INFO[Window(Home).Property(Music.SongsCount),$LOCALIZE[134]: ,]</label>
                        <visible>String.IsEqual(Container(9000).ListItem.Property(homemenu_id),music)</visible>
                        <scroll>false</scroll>
                        <scrollout>false</scrollout>
                        <pauseatend>3000</pauseatend>
                        <include>opencloseslideup</include>
                    </control>
                </control>
                <control type="image">
                    <left>345</left>
                    <top>60</top>
                    <width>1050</width>
                    <height>63</height>
                    <texture background="true" diffuse="ShadowWhite.png" border="5" flipx="true" flipy="true">GlassPanel.png</texture>
                </control>
            </control>
            <control type="group"> <!-- Central -->
                <left>0</left>
                <top>885</top>
                <animation type="Focus">
                    <effect type="slide" start="0,300" end="0,0" time="300"/>
                </animation>
                <animation type="Conditional" condition="![Control.HasFocus(200)|Control.HasFocus(199)]">
                    <effect type="slide" start="0,0" end="0,300" time="200"/>
                </animation>
                <animation type="WindowClose">
                    <effect type="slide" start="0,0" end="0,300" time="200"/>
                </animation>
                <control type="button" id="199">
                    <include>HiddenButton</include>
                    <onfocus condition="Skin.HasSetting(hide_central)">ActivateWindow(settings)</onfocus>
                    <onfocus condition="!Skin.HasSetting(hide_central)">SetFocus(200)</onfocus>
                </control>
                <control type="group">
                    <visible>!Skin.HasSetting(hide_central)</visible>
                    <control type="group">
                        <control type="image">
                            <left>-15</left>
                            <top>0</top>
                            <width>1950</width>
                            <height>330</height>
                            <texture background="true">BlackBack.png</texture>
                        </control>
                        <control type="image">
                            <left>-15</left>
                            <top>0</top>
                            <width>1950</width>
                            <height>1</height>
                            <texture background="true">Separator2.png</texture>
                        </control>
                    </control>
                    <control type="label">
                        <left>660r</left>
                        <top>96</top>
                        <width>600</width>
                        <align>right</align>
                        <font>impacted26</font>
                        <textcolor>grey3</textcolor>
                        <label>[COLOR=grey1]$INFO[Container(200).ListItem.Label] |[/COLOR] $LOCALIZE[301466]</label>
                    </control>
                    <control type="list" id="200">
                        <left>38</left>
                        <top>68</top>
                        <width>1365</width>
                        <height>120</height>
                        <onleft>200</onleft>
                        <onright>200</onright>
                        <onup>Control.SetFocus(9000)</onup>
                        <ondown>3020</ondown>
                        <viewtype label="222">list</viewtype>
                        <pagecontrol/>
                        <scrolltime>200</scrolltime>
                        <orientation>Horizontal</orientation>
                        <itemlayout height="105" width="105">
                            <control type="image">
                                <left>12</left>
                                <top>12</top>
                                <width>51</width>
                                <height>51</height>
                                <texture>$INFO[ListItem.Icon]</texture>
                            </control>
                            <control type="image">
                                <left>0</left>
                                <top>0</top>
                                <width>75</width>
                                <height>75</height>
                                <colordiffuse>fanartdiffuse</colordiffuse>
                                <texture border="5">$INFO[ListItem.Label2]</texture>
                            </control>
                        </itemlayout>
                        <focusedlayout height="105" width="105">
                            <control type="group">
                                <animation effect="zoom" start="100" end="120" time="200" center="auto" condition="Skin.HasSetting(animation)">Focus</animation>
                                <control type="image">
                                    <left>0</left>
                                    <top>0</top>
                                    <width>75</width>
                                    <height>75</height>
                                    <colordiffuse>$VAR[BackgroundOverlayColorDialog]</colordiffuse>
                                    <texture border="4">WhiteBack.png</texture>
                                    <visible>Control.HasFocus(200)</visible>
                                </control>
                                <control type="image">
                                    <left>12</left>
                                    <top>12</top>
                                    <width>51</width>
                                    <height>51</height>
                                    <texture>$INFO[ListItem.Icon]</texture>
                                </control>
                                <control type="image">
                                    <left>0</left>
                                    <top>0</top>
                                    <width>75</width>
                                    <height>75</height>
                                    <colordiffuse>menudiffuse</colordiffuse>
                                    <texture border="5">$INFO[ListItem.Label2]</texture>
                                </control>
                            </control>
                        </focusedlayout>
                        <content>
                            <item id="1">
                                <description>Shutdown</description>
                                <label>13005</label>
                                <label2>masks/Default_sharp.png</label2>
                                <icon>center/Center_Shutdown.png</icon>
                                <onclick>activatewindow(shutdownmenu)</onclick>
                            </item>
                            <item id="2">
                                <description>Favourites</description>
                                <label>10134</label>
                                <label2>masks/Default_sharp.png</label2>
                                <icon>center/Center_Fav.png</icon>
                                <onclick>action(up)</onclick>
                                <onclick>ActivateWindow(favourites)</onclick>
                                <visible>!Skin.HasSetting(hide_fav)</visible>
                            </item>
                            <item id="3">
                                <description>File Browser</description>
                                <label>10126</label>
                                <label2>masks/Default_sharp.png</label2>
                                <icon>center/Center_FM.png</icon>
                                <onclick>action(up)</onclick>
                                <onclick>ActivateWindow(FileManager)</onclick>
                            </item>
                            <item id="4">
                                <description>WOL</description>
                                <label>WOL</label>
                                <label2>masks/Default_sharp.png</label2>
                                <icon>center/Center_WOL.png</icon>
                                <onclick>ActivateWindow(1151)</onclick>
                                <visible>!Skin.HasSetting(hidewolhome)</visible>
								<visible>System.HasAddon(script.skinhelper.ping)+System.AddonIsEnabled(script.skinhelper.ping)</visible>
                            </item>
                            <item id="5">
                                <description>Systemsettings</description>
                                <label>21417</label>
                                <label2>masks/Default_sharp.png</label2>
                                <icon>center/Center_System.png</icon>
                                <onclick>ActivateWindow(settings)</onclick>
                            </item>
                            <item id="6">
                                <description>Systeminfo</description>
                                <label>10511</label>
                                <label2>masks/Default_sharp.png</label2>
                                <icon>center/Center_Systeminfo.png</icon>
                                <onclick>ActivateWindow(SystemInfo)</onclick>
                            </item>
                            <item id="7">
                                <description>Skin Settings</description>
                                <label>20077</label>
                                <label2>masks/Default_sharp.png</label2>
                                <icon>center/Center_SkinSettings.png</icon>
                                <onclick>ActivateWindow(SkinSettings)</onclick>
                            </item>
                            <item id="8">
                                <description>Global Search</description>
                                <label>137</label>
                                <label2>masks/Default_sharp.png</label2>
                                <icon>center/Center_Search.png</icon>
                                <onclick>RunScript(script.globalsearch)</onclick>
                                <onclick>Dialog.Close(favourites,true)</onclick>
                                <visible>System.HasAddon(script.globalsearch)</visible>
                            </item>
                            <item id="8">
                                <description>SwitchTimerActiveItems</description>
                                <label>301528</label>
                                <label2>masks/Default_sharp.png</label2>
                                <icon>center/Center_Switchtimer.png</icon>
                                <onclick>ActivateWindow(4111)</onclick>
                                <onclick>Dialog.Close(favourites,true)</onclick>
                                <visible>Integer.IsGreater(Window(Home).Property(SwitchTimerActiveItems),0)</visible>
                            </item>
                            <item id="9">
                                <description>PVR Timer</description>
                                <label>Timer</label>
                                <label2>masks/Default_sharp.png</label2>
                                <icon>center/Center_PVRHasTimer.png</icon>
                                <onclick>ActivateWindow(4112)</onclick>
                                <onclick>Dialog.Close(favourites,true)</onclick>
                                <visible>PVR.HasTimer</visible>
                            </item>
                            <item id="9">
                                <description>SkinAddons</description>
                                <label>Skin Addons</label>
                                <label2>masks/Default_sharp.png</label2>
                                <icon>center/Center_SkinAddons.png</icon>
                                <onclick>ActivateWindow(1800)</onclick>
                            </item>
                            <item id="10">
                                <description>Addons</description>
                                <label>24001</label>
                                <label2>masks/Default_sharp.png</label2>
                                <icon>center/Center_Addons.png</icon>
                                <onclick>ActivateWindow(AddonBrowser)</onclick>
                            </item>
                            <item id="11">
                                <description>Programme</description>
                                <label>0</label>
                                <label2>masks/Default_sharp.png</label2>
                                <icon>center/Center_Programs.png</icon>
                                <onclick condition="!System.Platform.Android">ActivateWindow(Programs,Addons,return)</onclick>
                                <onclick condition="System.Platform.Android">ActivateWindow(Programs)</onclick>
                            </item>
                        </content>
                    </control>
                </control>
            </control> 
			<control type="group"> <!-- current weather icon -->
				<include content="MiniWeather">
					<param name="left" value="15"/>
					<param name="top" value="-3"/>
				</include>
			</control>
			<control type="group"> <!-- current weather icon dashboard -->
				<visible>String.IsEqual(Container(9000).ListItem.Property(homemenu_id),dashboard)</visible>
				<visible>![Skin.HasSetting(Row5_Weather)|Skin.HasSetting(Row4_Weather)|Skin.HasSetting(Row3_Weather)|Skin.HasSetting(Row2_Weather)]</visible>
				<visible>Skin.HasSetting(Row5_off)|Skin.HasSetting(Row4_off)|Skin.HasSetting(Row3_off)|Skin.HasSetting(Row2_off)</visible>
				<include content="MiniWeather">
					<param name="left" value="15"/>
					<param name="top" value="-3"/>
				</include>
			</control>
        </control>
        <include>BehindDialogFadeOut</include>
        <control type="group"> <!-- Profilinfos -->
            <left>1470</left>
            <top>0</top>
            <visible>!Control.HasFocus(666)</visible>
            <include>opencloseslideleft</include>
            <visible>Integer.IsGreater(System.ProfileCount,1)</visible>
            <control type="group">
                <visible>Skin.HasSetting(profilname)</visible>
                <control type="image">
                    <description>Conditions Label</description>
                    <left>90</left>
                    <top>57</top>
                    <width>375</width>
                    <height>1</height>
                    <colordiffuse>dustdiffuse</colordiffuse>
                    <texture>Separator2.png</texture>
                </control>
                <control type="label">
                    <description>Conditions Label</description>
                    <left>51</left>
                    <top>57</top>
                    <width>375</width>
                    <height>38</height>
                    <align>right</align>
                    <font>ubuntu-r13b</font>
                    <textcolor>grey</textcolor>
                    <label>$INFO[System.ProfileName]</label>
                </control>
            </control>
        </control>
        <control type="grouplist" id="4445"> <!-- Server- / Batteryinfos -->
            <left>1868</left>
            <top>8</top>
            <width>1800</width>
            <itemgap>8</itemgap>
            <orientation>horizontal</orientation>
            <include>opencloseslideleft</include>
            <visible>!Control.HasFocus(666)</visible>
			<onfocus>Control.SetFocus(9000)</onfocus>
			<onclick>Control.SetFocus(9000)</onclick>
            <animation effect="slide" end="-42" condition="String.IsEqual(Container(4445).NumItems,2)">Conditional</animation>
            <animation effect="slide" end="-84" condition="String.IsEqual(Container(4445).NumItems,3)">Conditional</animation>
			<control type="button" id="4444">
				<width>38</width>
				<height>40</height>
				<textoffsetx>0</textoffsetx>
				<textwidht>40</textwidht>
				<label>$INFO[Window(Home).Property(SkinHelperPING.serveron)]</label>
				<texturefocus>ServerIcon.png</texturefocus>
				<texturenofocus>ServerIcon.png</texturenofocus>
				<visible>Integer.IsGreater(Window(Home).Property(SkinHelperPING.servercount),0)+Integer.IsGreater(Window(Home).Property(SkinHelperPING.serveron),0)</visible>
				<visible>System.HasAddon(script.skinhelper.ping)+System.AddonIsEnabled(script.skinhelper.ping)</visible>
			</control>
            <control type="image">
                <description>Conditions Label</description>
                <width>40</width>
                <height>40</height>
                <texture>$INFO[System.ProfileThumb]</texture>
                <aspectratio>stretch</aspectratio>
                <visible>Integer.IsGreater(System.ProfileCount,1)</visible>
            </control>
            <control type="group">
                <width>0</width>
                <height>0</height>
				<visible>Skin.HasSetting(BatteryLevel)</visible>
                <control type="progress">
                    <description>Progressbar Battery Level</description>
                    <left>0</left>
                    <top>10</top>
                    <width>36</width>
                    <height>21</height>
                    <texturebg>Battery.png</texturebg>
                    <midtexture colordiffuse="description">BatteryProgress.png</midtexture>
                    <overlaytexture colordiffuse="grey">Battery.png</overlaytexture>
                    <info>System.BatteryLevel</info>
                    <animation effect="rotate" end="90" center="auto" condition="true">Conditional</animation>
                    <visible>Skin.HasSetting(BatteryLevel)</visible>
                </control>
            </control>
            <control type="button" id="4443"> <!-- fake -->
                <description>Conditions Label</description>
                <width>0</width>
                <height>0</height>
				<texturefocus/>
				<texturenofocus/>
                <visible>Integer.IsGreater(System.ProfileCount,1)</visible>
            </control>
            <control type="button" id="4442"> <!-- fake -->
                <description>Conditions Label</description>
                <width>0</width>
                <height>0</height>
				<texturefocus/>
				<texturenofocus/>
                <visible>Skin.HasSetting(BatteryLevel)</visible>
            </control>
        </control>
		<control type="group"> <!-- Homemenu -->
			<visible>!ControlGroup(19).HasFocus()</visible>
            <visible>!Control.HasFocus(666)</visible>
			<include>openclosevisible</include>
			<animation effect="slide" start="0,878" end="0,0" time="800" condition="Skin.HasSetting(animation)">WindowOpen</animation>
			<animation effect="slide" start="0,0" end="0,878" time="800" condition="Skin.HasSetting(animation)">WindowClose</animation>
			<control type="image">
				<animation effect="slide" start="0,0" end="0,-112" time="400" delay="250" condition="Window.IsVisible(favourites)">Conditional</animation>
				<left>-8</left>
				<top>725</top>
				<width>1935</width>
				<height>230</height>
				<colordiffuse>black</colordiffuse>
				<texture>DoubleShadow_White.png</texture>
				<visible>Skin.HasSetting(animation)</visible>
			</control>
			<control type="group">
				<control type="group"> <!-- time label -->
					<left>675r</left>
					<top>878</top>
					<visible>!Window.IsVisible(favourites)</visible>
					<include>openclosevisible</include>
					<animation effect="slide" start="0,0" end="0,-112" time="400" delay="250" condition="Window.IsVisible(favourites)">Conditional</animation>
					<control type="image">
						<visible>!Window.IsVisible(favourites)</visible>
						<description>background</description>
						<left>30</left>
						<top>3</top>
						<width>825</width>
						<height>72</height>
						<texture background="true" flipx="true">Scaled.png</texture>
					</control>
					<control type="label">
						<description>time label</description>
						<left>135</left>
						<top>18</top>
						<width>525</width>
						<height>30</height>
						<align>center</align>
						<aligny>center</aligny>
						<font>impacted22</font>
						<textcolor>grey</textcolor>
						<shadowcolor>grey3</shadowcolor>
						<label>$INFO[System.Time(hh:mm xx)]$INFO[System.Date(DDD),  •  , ]$INFO[System.Date(dd.mm.yy), •  ,]</label>
					</control>
				</control>
				<include>TouchButtons</include>
				<include>submenu</include>
				<include>HomeMenu</include>
			</control>
		</control>
        <include condition="Skin.HasSetting(DebugInfo)">DebugInfo</include>
        <include condition="true" content="HomemenuDiashowInclude">
			<param name="content" value="videodb://movies/titles/"/>
			<param name="visible" value="String.IsEqual(Container(9000).ListItem.Property(homemenu_id),movies)+Library.HasContent(Movies)"/>
		</include>
        <include condition="true" content="HomemenuDiashowInclude">
			<param name="content" value="videodb://tvshows/titles/"/>
			<param name="visible" value="String.IsEqual(Container(9000).ListItem.Property(homemenu_id),tvshow)+Library.HasContent(TVShows)"/>
		</include>
        <include condition="true" content="HomemenuDiashowInclude">
			<param name="content" value="musicdb://artists/"/>
			<param name="visible" value="String.IsEqual(Container(9000).ListItem.Property(homemenu_id),music)+Library.HasContent(Music)"/>
		</include>
        <include condition="Skin.HasSetting(FavDashboard)">HomemenuFavInclude</include>
    </controls>
</window>
