<?xml version="1.0" encoding="UTF-8"?>
<window id="1">
    <defaultcontrol always="true">777</defaultcontrol>
    <menucontrol>9000</menucontrol>
    <include>ViewidAddons</include>
    <controls>
        <include>fakebutton_visible_bkg</include>
        <include>BackgroundMyNavs</include>
        <include>ViewsAddons</include>
        <control type="group">
            <visible>!Skin.HasSetting(KioskMode)</visible>
            <include>SidePanelAnimation</include>
            <include>SidePanelBackground</include>
            <control type="grouplist" id="9000">
                <include>SidePanelProperty</include>
                <control type="button" id="1">
                    <description>View</description>
                    <label>31002</label>
                    <include>SidePanelButton</include>
                    <onclick>Control.SetFocus(9001)</onclick>
                    <visible>!String.Contains(Container.FolderPath,plugin://)</visible>
                </control>
                <control type="button" id="3">
                    <description>Sort by button</description>
                    <include>SidePanelButton</include>
                    <label>103</label>
                </control>
                <control type="togglebutton" id="4">
                    <description>Sort asc</description>
                    <include>SidePanelToggleButton</include>
                    <label>31024</label>
                    <altlabel>31023</altlabel>
                    <usealttexture>Container.SortDirection(Ascending)</usealttexture>
                </control>
                <control type="edit" id="19">
                    <visible>Container.CanFilter + !Container.CanFilterAdvanced</visible>
                    <description>Filter</description>
                    <include>SidePanelButton</include>
                    <label>587</label>
                </control>
                <control type="radiobutton" id="20">
                    <visible>Container.CanFilterAdvanced</visible>
                    <description>Filter</description>
                    <include>SidePanelToggleButton</include>
                    <label>587</label>
                    <onclick>right</onclick>
                    <onclick>Filter</onclick>
                </control>
                <control type="button" id="54">
                    <description>Sort by button</description>
                    <include>SidePanelButton</include>
                    <label>Skin Addons ...</label>
                    <onclick>ActivateWindow(1800)</onclick>
                </control>
				<control type="button" id="624">
					<description>Addon Settings</description>
					<include>SidePanelButton</include>
					<label>$LOCALIZE[10140]</label>
					<onclick>Addon.OpenSettings($INFO[Container.PluginName])</onclick>
					<visible>!String.IsEmpty(Container.PluginName)</visible>
				</control>
            </control>
            <include>SidePanelNavigation</include>
        </control>
        <include>SidePanelShortcuts</include>
        <include>ViewTypeList</include>
        <include>cs_rightpanel</include>
        <include>Clock</include>
        <include>NavInfo</include>
        <include>BehindDialogFadeOut</include>
        <include>TouchButtons</include>
    </controls>
</window>
