<?xml version="1.0" encoding="utf-8"?>
<window>
	<defaultcontrol></defaultcontrol>
    <include>openclose</include>
    <controls>
		<include>PVRChannelNumberInput</include>
		<control type="group" id="0">
			<control type="label" id="10">
				<left>45</left>
				<top>15</top>
				<width>1770</width>
				<height>100</height>
				<label></label>
				<!-- <font>font12</font> -->
				<shadowcolor>black</shadowcolor>
			</control>
			<control type="label" id="11">
				<left>45</left>
				<top>45</top>
				<width>1770</width>
				<height>100</height>
				<label></label>
				<!-- <font>font12</font> -->
				<shadowcolor>black</shadowcolor>
			</control>
			<control type="label" id="12">
				<left>45</left>
				<top>75</top>
				<width>1770</width>
				<height>100</height>
				<label></label>
				<!-- <font>font12</font> -->
				<shadowcolor>black</shadowcolor>
			</control>
		</control>
		<control type="image" id="1">
			<left>0</left>
			<top>160</top>
			<width>500</width>
			<height>80</height>
			<texture>SideFade.png</texture>
			<visible>!String.IsEmpty(Player.SeekNumeric)</visible>
			<include>openclosevisible</include>
		</control>
		<control type="label" id="1">
			<label>[B]$INFO[Player.SeekNumeric(hh:mm:ss)][/B]</label>
			<left>20</left>
			<top>180</top>
			<width>200</width>
			<height>40</height>
			<aligny>center</aligny>
			<align>left</align>
			<font>font11</font>
			<shadowcolor>black</shadowcolor>
			<visible>!String.IsEmpty(Player.SeekNumeric)</visible>
			<include>openclosevisible</include>
		</control>
        <control type="group" id="1">
            <left>30</left>
            <top>180</top>
            <include>OSDTexture</include>
            <visible>!Skin.HasSetting(pause_light)</visible>
        </control>
        <control type="group" id="1">
            <include>opencloseslidedown</include>
            <visible>Player.Paused</visible>
            <visible>!Window.IsVisible(VideoOSD)</visible>
            <control type="image" id="1">
                <left>-60</left>
                <top>48</top>
                <width>525</width>
                <height>1</height>
                <texture background="true">Separator2.png</texture>
            </control>
            <control type="label" id="1">
                <left>15</left>
                <width>auto</width>
                <font>impacted21</font>
                <textcolor>white</textcolor>
                <shadowcolor>grey2</shadowcolor>
                <label>112</label>
            </control>
            <control type="label" id="1">
                <left>1290</left>
                <width>600</width>
                <align>right</align>
                <aligny>bottom</aligny>
                <font>impacted21</font>
                <textcolor>white</textcolor>
                <shadowcolor>black</shadowcolor>
                <label>$INFO[System.Date,,  •  ]$INFO[System.Time]</label>
            </control>
            <control type="image" id="1">
                <left>1455</left>
                <top>48</top>
                <width>525</width>
                <height>1</height>
                <texture background="true">Separator2.png</texture>
            </control>
        </control>
        <control type="group" id="1">
            <!-- LiveTV Seekbar -->
            <visible>[Player.Seeking|Player.Paused|[Player.ShowInfo+!Window.IsVisible(fullscreeninfo)]|Window.IsActive(VideoOSD)] + ![Window.IsVisible(OSDVideoSettings)|Window.IsVisible(OSDAudioSettings)|Window.IsVisible(VideoBookmarks)|Window.IsVisible(PVROSDChannels)|Window.IsVisible(pvrchannelguide)|Window.IsVisible(SliderDialog)]</visible>
            <visible>Pvr.IsPlayingTv|VideoPlayer.Content(livetv)</visible>
            <visible>!Window.IsVisible(pvrosdteletext)</visible>
            <animation effect="fade" time="200">VisibleChange</animation>
            <include>opencloseslideup</include>
            <control type="group" id="1">
                <control type="group" id="1">
                    <left>0</left>
                    <top>780</top>
                    <control type="image" id="1">
                        <description>Background</description>
                        <left>-15</left>
                        <top>75</top>
                        <width>1950</width>
                        <height>15</height>
                        <colordiffuse>fanartdiffuse</colordiffuse>
                        <texture flipx="true" background="true">Shadow.png</texture>
                    </control>
                    <control type="image" id="1">
                        <description>Background</description>
                        <left>-15</left>
                        <top>90</top>
                        <width>1950</width>
                        <height>218</height>
                        <colordiffuse>$VAR[BackgroundOverlayColor]</colordiffuse>
                        <texture flipy="true" background="true">ContentPanel_scratched.png</texture>
                        <animation effect="fade" end="85" condition="true">Conditional</animation>
                    </control>
                    <control type="image" id="1">
                        <left>0</left>
                        <top>90</top>
                        <width>600</width>
                        <height>218</height>
                        <texture background="true">SideFade.png</texture>
                    </control>
                    <control type="image" id="1">
                        <left>1335</left>
                        <top>90</top>
                        <width>615</width>
                        <height>218</height>
                        <texture background="true" flipx="true">SideFade.png</texture>
                    </control>
                    <control type="image" id="1">
                        <description>Background</description>
                        <left>-15</left>
                        <top>90</top>
                        <width>1950</width>
                        <height>218</height>
                        <colordiffuse>fanartdiffuse</colordiffuse>
                        <texture flipx="true" background="true">Shadow.png</texture>
                    </control>
                    <control type="group" id="1">
                        <control type="image" id="1">
                            <description>Channel Logo Background</description>
                            <left>254</left>
                            <top>22</top>
                            <width>225</width>
                            <height>225</height>
                            <aspectratio>keep</aspectratio>
                            <texture border="8" background="false">masks/mask_frame.png</texture>
                        </control>
                        <control type="image" id="1">
                            <description>Channel Logo Background</description>
                            <left>254</left>
                            <top>22</top>
                            <width>225</width>
                            <height>225</height>
                            <aspectratio>keep</aspectratio>
                            <texture border="8" background="false">masks/mask_frame.png</texture>
                        </control>
                        <control type="group" id="1">
                            <control type="image" id="1">
                                <description>Channel Logo</description>
                                <left>273</left>
                                <top>42</top>
                                <width>186</width>
                                <height>186</height>
                                <aspectratio>keep</aspectratio>
                                <texture background="false">$INFO[VideoPlayer.Cover]</texture>
                            </control>
                            <control type="image" id="1">
                                <description>Channel Logo Mirror</description>
                                <left>250</left>
                                <top>240</top>
                                <width>230</width>
                                <height>75</height>
                                <texture border="12" background="true">ContentPanelMirror.png</texture>
                            </control>
                        </control>
                        <control type="group" id="1">
                            <left>8</left>
                            <top>15</top>
                            <control type="label" id="1">
                                <left>504</left>
                                <top>82</top>
                                <width>975</width>
                                <font>impacted21</font>
                                <align>left</align>
                                <textcolor>grey</textcolor>
                                <label>$INFO[VideoPlayer.ChannelName]</label>
                                <scroll>true</scroll>
                            </control>
                            <control type="label" id="1">
                                <left>504</left>
                                <top>128</top>
                                <width>975</width>
                                <font>impacted30</font>
                                <align>left</align>
                                <textcolor>white</textcolor>
                                <shadowcolor>black</shadowcolor>
                                <label>$INFO[VideoPlayer.Title]</label>
                                <scroll>true</scroll>
                            </control>
                            <control type="label" id="1">
                                <left>1398</left>
                                <top>174</top>
                                <width>180</width>
                                <height>30</height>
                                <align>left</align>
                                <font>impacted18</font>
                                <label>$VAR[SeekTimeRemainingLabelVar]</label>
                            </control>
                            <control type="progress" id="1">
                                <description>Progressbar</description>
                                <left>502</left>
                                <top>183</top>
                                <width>870</width>
                                <height>15</height>
                                <info>Pvr.EpgEventProgress</info>
								<visible>VideoPlayer.HasEpg</visible>
                            </control>
                            <control type="label" id="1">
                                <left>504</left>
                                <top>198</top>
                                <width>300</width>
                                <height>24</height>
                                <align>left</align>
                                <font>ubuntu-r13b</font>
                                <textcolor>grey1</textcolor>
                                <shadowcolor>black</shadowcolor>
                                <label>[UPPERCASE]$LOCALIZE[773][/UPPERCASE][COLOR=white] $INFO[Player.SeekStepSize][/COLOR]</label>
                                <visible>!String.IsEmpty(Player.SeekStepSize) + ![player.forwarding | player.rewinding]</visible>
                            </control>
                            <control type="label" id="1">
                                <left>270</left>
                                <top>232</top>
                                <width>186</width>
                                <height>45</height>
                                <font>ubuntu-r13</font>
                                <textcolor>grey1</textcolor>
                                <align>center</align>
                                <label>$INFO[Player.CacheLevel,$LOCALIZE[439]: ,%]</label>
                            </control>
                            <control type="label" id="1">
                                <left>504</left>
                                <top>228</top>
                                <width>975</width>
                                <height>45</height>
                                <font>ubuntu-r16b</font>
                                <align>left</align>
                                <textcolor>grey</textcolor>
                                <label>$INFO[VideoPlayer.NextTitle,[COLOR=grey]$LOCALIZE[19031]: [/COLOR],]$INFO[VideoPlayer.NextDuration, - $LOCALIZE[180]: ,]</label>
                            </control>
                        </control>
                    </control>
                    <control type="label" id="1">
                        <left>345r</left>
                        <top>180</top>
                        <width>465</width>
                        <height>15</height>
                        <align>left</align>
                        <aligny>center</aligny>
                        <font>menufontimpacted</font>
                        <textcolor>white</textcolor>
                        <shadowcolor/>
                        <label>$INFO[System.Time]</label>
                    </control>
                    <control type="label" id="1">
                        <left>345r</left>
                        <top>232</top>
                        <width>465</width>
                        <height>15</height>
                        <align>left</align>
                        <aligny>center</aligny>
                        <font>impacted18</font>
                        <textcolor>grey</textcolor>
                        <shadowcolor/>
                        <label>$INFO[System.Date]</label>
                    </control>
                    <control type="label" id="1">
                        <left>0</left>
                        <top>158</top>
                        <width>225</width>
                        <height>90</height>
                        <align>center</align>
                        <font>menufontimpacted</font>
                        <shadowcolor/>
                        <label>$INFO[VideoPlayer.ChannelNumberLabel]</label>
                    </control>
                    <control type="image" id="1">
                        <description>Seperator</description>
                        <left>225</left>
                        <top>105</top>
                        <width>1</width>
                        <height>180</height>
                        <colordiffuse>fanartdiffuse</colordiffuse>
                        <texture background="true">Separator3.png</texture>
                    </control>
                    <control type="image" id="1">
                        <description>Seperator</description>
                        <left>398r</left>
                        <top>105</top>
                        <width>1</width>
                        <height>180</height>
                        <colordiffuse>fanartdiffuse</colordiffuse>
                        <texture background="true">Separator3.png</texture>
                    </control>
                    <control type="grouplist" id="1">
                        <left>510</left>
                        <top>38</top>
                        <width>990</width>
                        <height>45</height>
                        <itemgap>8</itemgap>
                        <align>left</align>
                        <orientation>horizontal</orientation>
                        <include>FlagVideo_Player</include>
                    </control>
                </control>
            </control>
            <control type="group" id="1">
                <include>opencloseslidedown</include>
                <visible>!Window.IsVisible(VideoOSD)</visible>
                <include>Clock</include>
            </control>
        </control>
        <!-- codec info -->
        <!-- <control type="group">
            <animation effect="slide" start="0" end="0,120" time="200" condition="Player.Paused">Conditional</animation>
            <control type="group" id="0">
                <left>0</left>
                <top>30</top>
                <animation effect="fade" time="200">VisibleChange</animation>
                <control type="image">
                    <description>media info background image</description>
                    <left>0</left>
                    <top>0</top>
                    <width>1920</width>
                    <height>232</height>
                    <colordiffuse>red</colordiffuse>
                    <texture>WhiteBack.png</texture>
                </control>
                <control type="label" id="10">
                    <description>row 1 label</description>
                    <left>75</left>
                    <top>15</top>
                    <width>1770</width>
                    <height>45</height>
                    <align>left</align>
                    <aligny>center</aligny>
                    <font>font16</font>
                    <label/>
                </control>
                <control type="label" id="11">
                    <description>row 2 label</description>
                    <left>75</left>
                    <top>82</top>
                    <width>1770</width>
                    <height>45</height>
                    <align>left</align>
                    <aligny>center</aligny>
                    <font>font16</font>
                    <label/>
                </control>
                <control type="label" id="12">
                    <description>row 3 label</description>
                    <left>75</left>
                    <top>150</top>
                    <width>1770</width>
                    <height>68</height>
                    <align>left</align>
                    <aligny>center</aligny>
                    <font>font16</font>
                    <label/>
                </control>
            </control>
            <control type="group">
                <visible>VideoPlayer.Content(LiveTV) + system.getbool(pvrplayback.signalquality)</visible>
                <top>240</top>
                <control type="image">
                    <description>media info background image</description>
                    <left>0</left>
                    <top>8</top>
                    <width>1920</width>
                    <height>330</height>
                    <colordiffuse>red</colordiffuse>
                    <texture>WhiteBack.png</texture>
                </control>
                <control type="label">
                    <description>Header</description>
                    <left>75</left>
                    <top>15</top>
                    <width>1800</width>
                    <height>38</height>
                    <label>$LOCALIZE[19005]</label>
                    <align>left</align>
                    <aligny>center</aligny>
                    <font>font16</font>
                    <textcolor>white</textcolor>
                </control>
                <control type="label">
                    <description>Backend</description>
                    <left>75</left>
                    <top>60</top>
                    <width>248</width>
                    <height>38</height>
                    <label>$LOCALIZE[19012]:</label>
                    <align>left</align>
                    <aligny>center</aligny>
                    <font>font16</font>
                    <textcolor>grey</textcolor>
                </control>
                <control type="label">
                    <description>Backend value</description>
                    <left>330</left>
                    <top>60</top>
                    <width>1500</width>
                    <height>38</height>
                    <label>$INFO[PVR.ActStreamClient]</label>
                    <align>left</align>
                    <aligny>center</aligny>
                    <font>font16</font>
                    <textcolor>white</textcolor>
                </control>
                <control type="label">
                    <description>Device</description>
                    <left>75</left>
                    <top>98</top>
                    <width>248</width>
                    <height>38</height>
                    <label>$LOCALIZE[19006]:</label>
                    <align>left</align>
                    <aligny>center</aligny>
                    <font>font16</font>
                    <textcolor>grey</textcolor>
                </control>
                <control type="label">
                    <description>Device value</description>
                    <left>330</left>
                    <top>98</top>
                    <width>1500</width>
                    <height>38</height>
                    <label>$INFO[PVR.ActStreamDevice]</label>
                    <align>left</align>
                    <aligny>center</aligny>
                    <font>font16</font>
                    <textcolor>white</textcolor>
                </control>
                <control type="label">
                    <description>Status</description>
                    <left>75</left>
                    <top>135</top>
                    <width>248</width>
                    <height>38</height>
                    <label>$LOCALIZE[19007]:</label>
                    <align>left</align>
                    <aligny>center</aligny>
                    <font>font16</font>
                    <textcolor>grey</textcolor>
                </control>
                <control type="label">
                    <description>Status value</description>
                    <left>330</left>
                    <top>135</top>
                    <width>1500</width>
                    <height>38</height>
                    <label>$INFO[PVR.ActStreamStatus]</label>
                    <align>left</align>
                    <aligny>center</aligny>
                    <font>font16</font>
                    <textcolor>white</textcolor>
                </control>
                <control type="label">
                    <description>Signal</description>
                    <left>75</left>
                    <top>172</top>
                    <width>248</width>
                    <height>38</height>
                    <label>$LOCALIZE[19008]:</label>
                    <align>left</align>
                    <aligny>center</aligny>
                    <font>font16</font>
                    <textcolor>grey</textcolor>
                </control>
                <control type="progress">
                    <description>Progressbar</description>
                    <left>330</left>
                    <top>183</top>
                    <width>1365</width>
                    <height>21</height>
                    <info>PVR.ActStreamProgrSignal</info>
                </control>
                <control type="label">
                    <description>Signal value</description>
                    <left>1800</left>
                    <top>172</top>
                    <width>270</width>
                    <height>38</height>
                    <label>$INFO[PVR.ActStreamSignal]</label>
                    <align>left</align>
                    <aligny>center</aligny>
                    <font>font16</font>
                    <textcolor>white</textcolor>
                </control>
                <control type="label">
                    <description>SNR</description>
                    <left>75</left>
                    <top>210</top>
                    <width>248</width>
                    <height>38</height>
                    <label>$LOCALIZE[19009]:</label>
                    <align>left</align>
                    <aligny>center</aligny>
                    <font>font16</font>
                    <textcolor>grey</textcolor>
                </control>
                <control type="progress">
                    <description>Progressbar</description>
                    <left>330</left>
                    <top>220</top>
                    <width>1365</width>
                    <height>21</height>
                    <overlaytexture/>
                    <info>PVR.ActStreamProgrSNR</info>
                </control>
                <control type="label">
                    <description>SNR value</description>
                    <left>1800</left>
                    <top>210</top>
                    <width>270</width>
                    <height>38</height>
                    <label>$INFO[PVR.ActStreamSNR]</label>
                    <align>left</align>
                    <aligny>center</aligny>
                    <font>font16</font>
                    <textcolor>white</textcolor>
                </control>
                <control type="label">
                    <description>BER</description>
                    <left>75</left>
                    <top>248</top>
                    <width>248</width>
                    <height>38</height>
                    <label>$LOCALIZE[19010]:</label>
                    <align>left</align>
                    <aligny>center</aligny>
                    <font>font16</font>
                    <textcolor>grey</textcolor>
                </control>
                <control type="label">
                    <description>BER value</description>
                    <left>330</left>
                    <top>248</top>
                    <width>248</width>
                    <height>38</height>
                    <label>$INFO[PVR.ActStreamBER]</label>
                    <align>left</align>
                    <aligny>center</aligny>
                    <font>font16</font>
                    <textcolor>white</textcolor>
                </control>
                <control type="label">
                    <description>UNC</description>
                    <left>585</left>
                    <top>248</top>
                    <width>248</width>
                    <height>38</height>
                    <label>$LOCALIZE[19011]:</label>
                    <align>left</align>
                    <aligny>center</aligny>
                    <font>font16</font>
                    <textcolor>grey</textcolor>
                </control>
                <control type="label">
                    <description>UNC value</description>
                    <left>840</left>
                    <top>248</top>
                    <width>248</width>
                    <height>38</height>
                    <label>$INFO[PVR.ActStreamUNC]</label>
                    <align>left</align>
                    <aligny>center</aligny>
                    <font>font16</font>
                    <textcolor>white</textcolor>
                </control>
                <control type="label">
                    <description>Service</description>
                    <left>1095</left>
                    <top>248</top>
                    <width>248</width>
                    <height>38</height>
                    <label>$LOCALIZE[19099]:</label>
                    <align>left</align>
                    <aligny>center</aligny>
                    <font>font16</font>
                    <textcolor>grey</textcolor>
                </control>
                <control type="label">
                    <description>Service value</description>
                    <left>1350</left>
                    <top>248</top>
                    <width>495</width>
                    <height>38</height>
                    <label>$INFO[PVR.ActStreamServiceName]</label>
                    <align>left</align>
                    <aligny>center</aligny>
                    <font>font16</font>
                    <textcolor>white</textcolor>
                </control>
                <control type="label">
                    <description>Encryption</description>
                    <left>75</left>
                    <top>285</top>
                    <width>248</width>
                    <height>38</height>
                    <label>$LOCALIZE[19015]:</label>
                    <align>left</align>
                    <aligny>center</aligny>
                    <font>font16</font>
                    <textcolor>grey</textcolor>
                </control>
                <control type="label">
                    <description>Encryption value</description>
                    <left>330</left>
                    <top>285</top>
                    <width>248</width>
                    <height>38</height>
                    <label>$INFO[PVR.ActStreamEncryptionName]</label>
                    <align>left</align>
                    <aligny>center</aligny>
                    <font>font16</font>
                    <textcolor>white</textcolor>
                </control>
                <control type="label">
                    <description>Provider</description>
                    <left>585</left>
                    <top>285</top>
                    <width>248</width>
                    <height>38</height>
                    <label>$LOCALIZE[19101]:</label>
                    <align>left</align>
                    <aligny>center</aligny>
                    <font>font16</font>
                    <textcolor>grey</textcolor>
                </control>
                <control type="label">
                    <description>Provider value</description>
                    <left>840</left>
                    <top>285</top>
                    <width>248</width>
                    <height>38</height>
                    <label>$INFO[PVR.ActStreamProviderName]</label>
                    <align>left</align>
                    <aligny>center</aligny>
                    <font>font16</font>
                    <textcolor>white</textcolor>
                </control>
                <control type="label">
                    <description>Mux</description>
                    <left>1095</left>
                    <top>285</top>
                    <width>248</width>
                    <height>38</height>
                    <label>$LOCALIZE[19100]:</label>
                    <align>left</align>
                    <aligny>center</aligny>
                    <font>font16</font>
                    <textcolor>grey</textcolor>
                </control>
                <control type="label">
                    <description>Mux value</description>
                    <left>1350</left>
                    <top>285</top>
                    <width>495</width>
                    <height>38</height>
                    <label>$INFO[PVR.ActStreamMux]</label>
                    <align>left</align>
                    <aligny>center</aligny>
                    <font>font16</font>
                    <textcolor>white</textcolor>
                </control>
            </control>
        </control> -->
    </controls>
</window>
