<?xml version="1.0" encoding="UTF-8"?>
<includes>
    <include name="WeatherDaily">
        <control type="group">
            <left>0</left>
            <top>0</top>
            <control type="label">
                <description>header label</description>
                <left>52</left>
                <top>20</top>
                <width>795</width>
                <height>45</height>
                <label>10508</label>
                <font>impacted26</font>
                <align>center</align>
                <aligny>center</aligny>
                <textcolor>grey3</textcolor>
                <visible>Control.IsVisible(51)</visible>
            </control>
            <control type="list" id="51">
                <left>0</left>
                <top>112</top>
                <width>810</width>
                <height>522</height>
                <onleft>9000</onleft>
                <onright>61</onright>
                <onup>51</onup>
                <ondown>51</ondown>
                <viewtype label="535">list</viewtype>
                <pagecontrol>61</pagecontrol>
                <scrolltime>200</scrolltime>
                <visible>String.IsEmpty(Window.Property(Weather.CurrentView))</visible>
                <include>opencloseslideleft</include>
                <itemlayout height="128" width="810" condition="String.IsEmpty(Window.Property(Daily.IsFetched))">
                    <control type="group">
                        <left>0</left>
                        <top>15</top>
                        <control type="label">
                            <left>22</left>
                            <width>450</width>
                            <height>38</height>
                            <textcolor>red</textcolor>
                            <label>$INFO[ListItem.Label]</label>
                        </control>
                        <control type="multiimage">
                            <left>660</left>
                            <top>0</top>
                            <width>150</width>
                            <height>112</height>
                            <imagepath>$INFO[ListItem.ActualIcon]</imagepath>
                            <timeperimage>100</timeperimage>
                            <randomize>false</randomize>
                            <fadetime>10</fadetime>
                            <aspectratio>keep</aspectratio>
                        </control>
                        <control type="label">
                            <left>22</left>
                            <top>33</top>
                            <width>585</width>
                            <height>45</height>
                            <textcolor>grey3</textcolor>
                            <align>left</align>
                            <aligny>center</aligny>
                            <label>[COLOR=selectedhome]$LOCALIZE[419] : [/COLOR]$INFO[ListItem.Property(HighTemp)]$INFO[ListItem.Property(TempUnits)]     [COLOR=selectedhome]$LOCALIZE[418] : [/COLOR]$INFO[ListItem.Property(LowTemp)]$INFO[ListItem.Property(TempUnits)]</label>
                            <visible>!String.IsEmpty(ListItem.Property(HighTemp))</visible>
                        </control>
                        <control type="textbox">
                            <left>22</left>
                            <top>75</top>
                            <width>600</width>
                            <height>45</height>
                            <textcolor>grey3</textcolor>
                            <align>left</align>
                            <font>ubuntu-r16b</font>
                            <label>$INFO[ListItem.Property(Outlook)]</label>
                        </control>
                    </control>
                </itemlayout>
                <focusedlayout height="128" width="810" condition="String.IsEmpty(Window.Property(Daily.IsFetched))">
                    <control type="image">
                        <left>0</left>
                        <top>0</top>
                        <width>810</width>
                        <height>142</height>
                        <colordiffuse>menudiffuse</colordiffuse>
                        <texture background="true" border="22">ThumbShadow.png</texture>
                        <visible>!Control.HasFocus(51)</visible>
                    </control>
                    <control type="image">
                        <left>0</left>
                        <top>0</top>
                        <width>810</width>
                        <height>142</height>
                        <texture background="true" border="22">ThumbShadow.png</texture>
                        <visible>Control.HasFocus(51)</visible>
                    </control>
                    <control type="group">
                        <left>0</left>
                        <top>15</top>
                        <control type="label">
                            <left>22</left>
                            <width>450</width>
                            <height>38</height>
                            <textcolor>red</textcolor>
                            <label>$INFO[ListItem.Label]</label>
                        </control>
                        <control type="multiimage">
                            <left>660</left>
                            <top>0</top>
                            <width>150</width>
                            <height>112</height>
                            <imagepath>$INFO[ListItem.ActualIcon]</imagepath>
                            <timeperimage>100</timeperimage>
                            <randomize>false</randomize>
                            <fadetime>10</fadetime>
                            <aspectratio>keep</aspectratio>
                        </control>
                        <control type="label">
                            <left>22</left>
                            <top>33</top>
                            <width>585</width>
                            <height>45</height>
                            <textcolor>grey3</textcolor>
                            <align>left</align>
                            <aligny>center</aligny>
                            <label>[COLOR=selectedhome]$LOCALIZE[419] : [/COLOR]$INFO[ListItem.Property(HighTemp)]$INFO[ListItem.Property(TempUnits)]     [COLOR=selectedhome]$LOCALIZE[418] : [/COLOR]$INFO[ListItem.Property(LowTemp)]$INFO[ListItem.Property(TempUnits)]</label>
                            <visible>!String.IsEmpty(ListItem.Property(HighTemp))</visible>
                        </control>
                        <control type="textbox">
                            <left>22</left>
                            <top>75</top>
                            <width>600</width>
                            <height>45</height>
                            <textcolor>grey3</textcolor>
                            <align>left</align>
                            <font>ubuntu-r16b</font>
                            <label>$INFO[ListItem.Property(Outlook)]</label>
                        </control>
                    </control>
                </focusedlayout>
                <itemlayout height="172" width="810" condition="!String.IsEmpty(Window.Property(Daily.IsFetched))">
                    <control type="label">
                        <left>0</left>
                        <top>0</top>
                        <width>150</width>
                        <height>120</height>
                        <textcolor>grey2</textcolor>
                        <selectedcolor>selected</selectedcolor>
                        <align>center</align>
                        <aligny>center</aligny>
                        <label>$INFO[ListItem.Label]</label>
                    </control>
                    <control type="multiimage">
                        <left>165</left>
                        <top>15</top>
                        <width>120</width>
                        <height>105</height>
                        <imagepath>$INFO[ListItem.Thumb]</imagepath>
                        <timeperimage>100</timeperimage>
                        <randomize>false</randomize>
                        <fadetime>10</fadetime>
                        <aspectratio>keep</aspectratio>
                    </control>
                    <control type="label">
                        <left>30</left>
                        <top>120</top>
                        <width>750</width>
                        <height>45</height>
                        <textcolor>grey3</textcolor>
                        <selectedcolor>selected</selectedcolor>
                        <align>center</align>
                        <aligny>center</aligny>
                        <label>$INFO[ListItem.Label2]</label>
                    </control>
                    <control type="label">
                        <left>195</left>
                        <top>15</top>
                        <width>585</width>
                        <height>72</height>
                        <textcolor>grey3</textcolor>
                        <selectedcolor>selected</selectedcolor>
                        <align>right</align>
                        <label>$INFO[ListItem.ActualIcon]</label>
                    </control>
                </itemlayout>
                <focusedlayout height="172" width="810" condition="!String.IsEmpty(Window.Property(Daily.IsFetched))">
                    <control type="image">
                        <left>0</left>
                        <top>0</top>
                        <width>810</width>
                        <height>172</height>
                        <colordiffuse>menudiffuse</colordiffuse>
                        <texture background="true" border="22">ThumbShadow.png</texture>
                        <visible>!Control.HasFocus(51)</visible>
                    </control>
                    <control type="image">
                        <left>0</left>
                        <top>0</top>
                        <width>810</width>
                        <height>172</height>
                        <texture background="true" border="22">ThumbShadow.png</texture>
                        <visible>Control.HasFocus(51)</visible>
                    </control>
                    <control type="label">
                        <left>0</left>
                        <top>0</top>
                        <width>150</width>
                        <height>120</height>
                        <textcolor>grey2</textcolor>
                        <selectedcolor>selected</selectedcolor>
                        <align>center</align>
                        <aligny>center</aligny>
                        <label>$INFO[ListItem.Label]</label>
                    </control>
                    <control type="multiimage">
                        <left>165</left>
                        <top>15</top>
                        <width>120</width>
                        <height>105</height>
                        <imagepath>$INFO[ListItem.Thumb]</imagepath>
                        <timeperimage>100</timeperimage>
                        <randomize>false</randomize>
                        <fadetime>10</fadetime>
                        <aspectratio>keep</aspectratio>
                    </control>
                    <control type="label">
                        <left>30</left>
                        <top>120</top>
                        <width>750</width>
                        <height>45</height>
                        <textcolor>grey3</textcolor>
                        <selectedcolor>selected</selectedcolor>
                        <align>center</align>
                        <aligny>center</aligny>
                        <label>$INFO[ListItem.Label2]</label>
                    </control>
                    <control type="label">
                        <left>195</left>
                        <top>15</top>
                        <width>585</width>
                        <height>72</height>
                        <textcolor>grey3</textcolor>
                        <selectedcolor>selected</selectedcolor>
                        <align>right</align>
                        <label>$INFO[ListItem.ActualIcon]</label>
                    </control>
                </focusedlayout>
                <content>
                    <item>
                        <label/>
                        <icon/>
                        <onclick/>
                        <visible>!Weather.IsFetched</visible>
                    </item>
                    <include content="WeatherDefaultItem">
                        <param name="item_id" value="0" />
                    </include>
                    <include content="WeatherDefaultItem">
                        <param name="item_id" value="1" />
                    </include>
                    <include content="WeatherDefaultItem">
                        <param name="item_id" value="2" />
                    </include>
                    <include content="WeatherDefaultItem">
                        <param name="item_id" value="3" />
                    </include>
                    <include content="WeatherDefaultItem">
                        <param name="item_id" value="4" />
                    </include>
                    <include content="WeatherDefaultItem">
                        <param name="item_id" value="5" />
                    </include>
                    <include content="WeatherDefaultItem">
                        <param name="item_id" value="6" />
                    </include>
                    <include content="WeatherDailyItem">
                        <param name="item_id" value="1" />
                    </include>
                    <include content="WeatherDailyItem">
                        <param name="item_id" value="2" />
                    </include>
                    <include content="WeatherDailyItem">
                        <param name="item_id" value="3" />
                    </include>
                    <include content="WeatherDailyItem">
                        <param name="item_id" value="4" />
                    </include>
                    <include content="WeatherDailyItem">
                        <param name="item_id" value="5" />
                    </include>
                    <include content="WeatherDailyItem">
                        <param name="item_id" value="6" />
                    </include>
                    <include content="WeatherDailyItem">
                        <param name="item_id" value="7" />
                    </include>
                    <include content="WeatherDailyItem">
                        <param name="item_id" value="8" />
                    </include>
                    <include content="WeatherDailyItem">
                        <param name="item_id" value="9" />
                    </include>
                    <include content="WeatherDailyItem">
                        <param name="item_id" value="10" />
                    </include>
                    <include content="WeatherDailyItem">
                        <param name="item_id" value="11" />
                    </include>
                    <include content="WeatherDailyItem">
                        <param name="item_id" value="12" />
                    </include>
                    <include content="WeatherDailyItem">
                        <param name="item_id" value="13" />
                    </include>
                    <include content="WeatherDailyItem">
                        <param name="item_id" value="14" />
                    </include>
                </content>
            </control>
            <control type="scrollbar" id="61">
                <left>825</left>
                <top>120</top>
                <height>510</height>
                <onleft>51</onleft>
                <onright>9000</onright>
                <showonepage>false</showonepage>
                <orientation>vertical</orientation>
                <include>opencloseslideleft</include>
                <visible>Control.IsVisible(51)</visible>
            </control>
        </control>
    </include>
    <include name="WeatherDefaultItem">
        <item>
            <label>$INFO[Window.Property(Day$PARAM[item_id].Title)]</label>
            <icon>$VAR[WeatherIconVar]$INFO[Window.Property(Day$PARAM[item_id].FanartCode)]$VAR[WeatherIconFolderVar]</icon>
            <property name="HighTemp">$INFO[Window.Property(Day$PARAM[item_id].HighTemp)]</property>
            <property name="LowTemp">$INFO[Window.Property(Day$PARAM[item_id].LowTemp)]</property>
            <property name="Outlook">$INFO[Window.Property(Day$PARAM[item_id].Outlook)]</property>
            <property name="TempUnits">$INFO[System.TemperatureUnits]</property>
            <onclick/>
            <visible>Weather.IsFetched + !String.IsEmpty(Window.Property(Day$PARAM[item_id].Outlook)) + String.IsEmpty(Window.Property(Daily.IsFetched))</visible>
        </item>
    </include>
    <include name="WeatherDailyItem">
        <item>
            <label>[B]$INFO[Window.Property(Daily.$PARAM[item_id].ShortDay)][/B][CR][COLOR=grey2]$INFO[Window.Property(Daily.$PARAM[item_id].ShortDate)][/COLOR]</label>
            <label2>$INFO[Window.Property(Daily.$PARAM[item_id].HighTemperature),[COLOR=grey2]$LOCALIZE[419] :[/COLOR] , -] $INFO[Window.Property(Daily.$PARAM[item_id].LowTemperature),[COLOR=grey2]$LOCALIZE[418] :[/COLOR][B] ,[/B]] - $INFO[Window.Property(Daily.$PARAM[item_id].Precipitation),[COLOR=grey2]$LOCALIZE[33022] :[/COLOR][B] ,[/B]] - $INFO[Window.Property(Daily.$PARAM[item_id].Cloudiness),[COLOR=grey2]$LOCALIZE[387] :[/COLOR][B] ,[/B]]</label2>
            <thumb>$VAR[WeatherIconVar]$INFO[Window.Property(Daily.$PARAM[item_id].FanartCode)]$VAR[WeatherIconFolderVar]</thumb>
            <icon>$INFO[Window.Property(Daily.$PARAM[item_id].Outlook),[COLOR=grey2]$LOCALIZE[33030]: [/COLOR]][CR][COLOR=grey2]$LOCALIZE[383]: [/COLOR]$INFO[Window.Property(Daily.$PARAM[item_id].WindSpeed)] $INFO[Window.Property(Daily.$PARAM[item_id].WindDirection)]</icon>
            <onclick/>
            <visible>Weather.IsFetched + !String.IsEmpty(Window.Property(Daily.$PARAM[item_id].Outlook)) + !String.IsEmpty(Window.Property(Daily.IsFetched))</visible>
        </item>
    </include>
    <include name="WeatherHourlyItem">
        <item>
            <label>[B]$INFO[Window.Property(Hourly.$PARAM[item_id].Time)][/B][CR][COLOR=grey2]$INFO[Window.Property(Hourly.$PARAM[item_id].ShortDate)][/COLOR]</label>
            <label2>$INFO[Window.Property(Hourly.$PARAM[item_id].Temperature),[COLOR=grey2]$LOCALIZE[401] :[/COLOR][B] ,[/B]]  $INFO[Window.Property(Hourly.$PARAM[item_id].FeelsLike),[COLOR=grey2]$LOCALIZE[402] :[/COLOR][B] ,[/B]][CR]$INFO[Window.Property(Hourly.$PARAM[item_id].Humidity),[COLOR=grey2]$LOCALIZE[406] :[/COLOR][B] ,[/B]][CR]$INFO[Window.Property(Hourly.$PARAM[item_id].Precipitation),[COLOR=grey2]$LOCALIZE[1448] :[/COLOR][B] ,[/B]]</label2>
            <thumb>$VAR[WeatherIconVar]$INFO[Window.Property(Hourly.$PARAM[item_id].FanartCode)]$VAR[WeatherIconFolderVar]</thumb>
            <icon>$INFO[Window.Property(Hourly.$PARAM[item_id].Outlook),[COLOR=grey2]$LOCALIZE[33030]: [/COLOR]][CR][COLOR=grey2]$LOCALIZE[383]: [/COLOR]$INFO[Window.Property(Hourly.$PARAM[item_id].WindSpeed)] $INFO[Window.Property(Hourly.$PARAM[item_id].WindDirection)]</icon>
            <onclick/>
            <visible>Weather.IsFetched + !String.IsEmpty(Window.Property(Hourly.$PARAM[item_id].Outlook)) + !String.IsEmpty(Window.Property(Hourly.IsFetched))</visible>
        </item>
    </include>
    <include name="WeatherMapItem">
        <item>
            <label>$INFO[Window.Property(Map.$PARAM[item_id].Heading)]</label>
            <label2>$INFO[Window.Property(Map.$PARAM[item_id].Legend)]</label2>
            <icon>$INFO[Window.Property(Map.$PARAM[item_id].Area)]</icon>
            <property name="Layer">$INFO[Window.Property(Map.$PARAM[item_id].Layer)]</property>
            <onclick/>
            <visible>Weather.IsFetched + !String.IsEmpty(Window.Property(Map.$PARAM[item_id].Area)) + !String.IsEmpty(Window.Property(Map.IsFetched))</visible>
        </item>
    </include>
    <include name="Weather36Hour">
        <control type="group">
            <visible>String.IsEqual(Window.Property(Weather.CurrentView),36hour) + !String.IsEmpty(Window.Property(36Hour.IsFetched))</visible>
            <include>opencloseslideleft</include>
            <control type="button" id="997">
                <description>Hidden Button for focus</description>
                <left>-900</left>
                <top>-30</top>
                <width>1</width>
                <height>1</height>
                <texturenofocus/>
                <texturefocus/>
                <onleft>9000</onleft>
                <onright>9000</onright>
            </control>
            <control type="label">
                <description>header label</description>
                <left>0</left>
                <top>15</top>
                <width>840</width>
                <height>45</height>
                <label>31078</label>
                <font>impacted26</font>
                <align>center</align>
                <textcolor>grey3</textcolor>
            </control>
            <control type="group">
                <left>0</left>
                <top>15</top>
                <control type="group">
                    <left>0</left>
                    <top>60</top>
                    <control type="label">
                        <left>0</left>
                        <top>45</top>
                        <width>825</width>
                        <height>45</height>
                        <textcolor>black</textcolor>
                        <align>right</align>
                        <aligny>center</aligny>
                        <label>$INFO[Window.Property(36Hour.1.Heading)]</label>
                    </control>
                    <control type="multiimage">
                        <left>0</left>
                        <top>15</top>
                        <width>150</width>
                        <height>135</height>
                        <imagepath>$VAR[WeatherIconVar]$INFO[Window.Property(36Hour.1.FanartCode)]$VAR[WeatherIconFolderVar]</imagepath>
                        <timeperimage>100</timeperimage>
                        <randomize>false</randomize>
                        <fadetime>10</fadetime>
                        <aspectratio>keep</aspectratio>
                        <colordiffuse>menudiffuse</colordiffuse>
                    </control>
                    <control type="label">
                        <left>0</left>
                        <top>60</top>
                        <width>150</width>
                        <height>60</height>
                        <textcolor>grey3</textcolor>
                        <align>center</align>
                        <aligny>center</aligny>
                        <label>[COLOR=grey2]$INFO[Window.Property(36Hour.1.TemperatureHeading)][CR][/COLOR]$INFO[Window.Property(36Hour.1.Temperature),[B] ,[/B]]</label>
                    </control>
                    <control type="label">
                        <left>0</left>
                        <top>90</top>
                        <width>825</width>
                        <height>30</height>
                        <textcolor>grey3</textcolor>
                        <align>right</align>
                        <aligny>center</aligny>
                        <label>$INFO[Window.Property(36Hour.1.FeelsLike),[COLOR=grey2]$LOCALIZE[402] :[/COLOR][B] ,[/B]][CR][CR]$INFO[Window.Property(36Hour.1.Precipitation),[COLOR=grey2]$LOCALIZE[33021] :[/COLOR][B] ,[/B]][CR][CR]$INFO[Window.Property(36Hour.1.Cloudiness),[COLOR=grey2]$LOCALIZE[387] :[/COLOR][B] ,[/B]]</label>
                    </control>
                    <control type="textbox">
                        <left>0</left>
                        <top>135</top>
                        <width>825</width>
                        <height>105</height>
                        <font>ubuntu-r19</font>
                        <textcolor>grey3</textcolor>
                        <align>center</align>
                        <label>$INFO[Window.Property(36hour.1.Outlook),[COLOR=grey2]$LOCALIZE[301496]: [/COLOR]]</label>
                    </control>
                    <control type="image">
                        <left>0</left>
                        <top>210</top>
                        <width>840</width>
                        <height>3</height>
                        <colordiffuse>fanartdiffuse</colordiffuse>
                        <texture>Separator1.png</texture>
                    </control>
                </control>
                <control type="group">
                    <left>0</left>
                    <top>270</top>
                    <control type="label">
                        <left>0</left>
                        <top>45</top>
                        <width>825</width>
                        <height>45</height>
                        <textcolor>black</textcolor>
                        <align>right</align>
                        <aligny>center</aligny>
                        <label>$INFO[Window.Property(36Hour.2.Heading)]</label>
                    </control>
                    <control type="multiimage">
                        <left>0</left>
                        <top>15</top>
                        <width>150</width>
                        <height>135</height>
                        <imagepath>$VAR[WeatherIconVar]$INFO[Window.Property(36Hour.2.FanartCode)]$VAR[WeatherIconFolderVar]</imagepath>
                        <timeperimage>100</timeperimage>
                        <randomize>false</randomize>
                        <fadetime>10</fadetime>
                        <aspectratio>keep</aspectratio>
                        <colordiffuse>menudiffuse</colordiffuse>
                    </control>
                    <control type="label">
                        <left>0</left>
                        <top>60</top>
                        <width>150</width>
                        <height>60</height>
                        <textcolor>grey3</textcolor>
                        <align>center</align>
                        <aligny>center</aligny>
                        <label>[COLOR=grey2]$INFO[Window.Property(36Hour.2.TemperatureHeading)][CR][/COLOR]$INFO[Window.Property(36Hour.2.Temperature),[B] ,[/B]]</label>
                    </control>
                    <control type="label">
                        <left>0</left>
                        <top>90</top>
                        <width>825</width>
                        <height>30</height>
                        <textcolor>grey3</textcolor>
                        <align>right</align>
                        <aligny>center</aligny>
                        <label>$INFO[Window.Property(36Hour.2.FeelsLike),[COLOR=grey2]$LOCALIZE[402] :[/COLOR][B] ,[/B]][CR][CR]$INFO[Window.Property(36Hour.2.Precipitation),[COLOR=grey2]$LOCALIZE[33021] :[/COLOR][B] ,[/B]][CR][CR]$INFO[Window.Property(36Hour.2.Cloudiness),[COLOR=grey2]$LOCALIZE[387] :[/COLOR][B] ,[/B]]</label>
                    </control>
                    <control type="textbox">
                        <left>0</left>
                        <top>135</top>
                        <width>825</width>
                        <height>105</height>
                        <font>ubuntu-r19</font>
                        <textcolor>grey3</textcolor>
                        <align>center</align>
                        <label>$INFO[Window.Property(36hour.2.Outlook),[COLOR=grey2]$LOCALIZE[301496]: [/COLOR]]</label>
                    </control>
                    <control type="image">
                        <left>0</left>
                        <top>195</top>
                        <width>840</width>
                        <height>3</height>
                        <colordiffuse>fanartdiffuse</colordiffuse>
                        <texture>Separator1.png</texture>
                    </control>
                </control>
                <control type="group">
                    <left>0</left>
                    <top>465</top>
                    <control type="label">
                        <left>0</left>
                        <top>45</top>
                        <width>825</width>
                        <height>45</height>
                        <textcolor>black</textcolor>
                        <align>right</align>
                        <aligny>center</aligny>
                        <label>$INFO[Window.Property(36Hour.3.Heading)]</label>
                    </control>
                    <control type="multiimage">
                        <left>0</left>
                        <top>15</top>
                        <width>150</width>
                        <height>135</height>
                        <imagepath>$VAR[WeatherIconVar]$INFO[Window.Property(36Hour.3.FanartCode)]$VAR[WeatherIconFolderVar]</imagepath>
                        <timeperimage>100</timeperimage>
                        <randomize>false</randomize>
                        <fadetime>10</fadetime>
                        <aspectratio>keep</aspectratio>
                        <colordiffuse>menudiffuse</colordiffuse>
                    </control>
                    <control type="label">
                        <left>0</left>
                        <top>60</top>
                        <width>150</width>
                        <height>60</height>
                        <textcolor>grey3</textcolor>
                        <align>center</align>
                        <aligny>center</aligny>
                        <label>[COLOR=grey2]$INFO[Window.Property(36Hour.3.TemperatureHeading)][CR][/COLOR]$INFO[Window.Property(36Hour.3.Temperature),[B] ,[/B]]</label>
                    </control>
                    <control type="label">
                        <left>0</left>
                        <top>90</top>
                        <width>825</width>
                        <height>30</height>
                        <textcolor>grey3</textcolor>
                        <align>right</align>
                        <aligny>center</aligny>
                        <label>$INFO[Window.Property(36Hour.3.FeelsLike),[COLOR=grey2]$LOCALIZE[402] :[/COLOR][B] ,[/B]][CR][CR]$INFO[Window.Property(36Hour.3.Precipitation),[COLOR=grey2]$LOCALIZE[33021] :[/COLOR][B] ,[/B]][CR][CR]$INFO[Window.Property(36Hour.3.Cloudiness),[COLOR=grey2]$LOCALIZE[387] :[/COLOR][B] ,[/B]]</label>
                    </control>
                    <control type="textbox">
                        <left>0</left>
                        <top>135</top>
                        <width>825</width>
                        <height>105</height>
                        <font>ubuntu-r19</font>
                        <textcolor>grey3</textcolor>
                        <align>center</align>
                        <label>$INFO[Window.Property(36hour.3.Outlook),[COLOR=grey2]$LOCALIZE[301496]: [/COLOR]]</label>
                    </control>
                    <!-- <control type="image">
						<left>0</left>
						<top>130</top>
						<width>560</width>
						<height>2</height>
						<colordiffuse>fanartdiffuse</colordiffuse>
						<texture>Separator1.png</texture>
					</control> -->
                </control>
            </control>
        </control>
    </include>
    <include name="WeatherWeekend">
        <control type="group">
            <visible>String.IsEqual(Window.Property(Weather.CurrentView),weekend) + !String.IsEmpty(Window.Property(Weekend.IsFetched))</visible>
            <include>opencloseslideleft</include>
            <control type="button" id="998">
                <description>Hidden Button for focus</description>
                <left>-900</left>
                <top>-30</top>
                <width>1</width>
                <height>1</height>
                <texturenofocus/>
                <texturefocus/>
                <onleft>9000</onleft>
                <onright>9000</onright>
            </control>
            <control type="label">
                <description>header label</description>
                <left>45</left>
                <top>0</top>
                <width>825</width>
                <height>45</height>
                <label>31080</label>
                <font>impacted26</font>
                <align>center</align>
                <textcolor>grey3</textcolor>
            </control>
            <control type="label">
                <left>45</left>
                <top>0</top>
                <width>825</width>
                <height>45</height>
                <label>31080</label>
                <font>impacted26</font>
                <align>center</align>
                <textcolor>grey3</textcolor>
                <label>$LOCALIZE[31083]</label>
                <visible>String.IsEmpty(Window.Property(Weekend.IsFetched))</visible>
            </control>
            <control type="group">
                <left>0</left>
                <top>0</top>
                <control type="group">
                    <left>0</left>
                    <top>45</top>
                    <control type="label">
                        <left>45</left>
                        <top>15</top>
                        <width>825</width>
                        <height>45</height>
                        <textcolor>black</textcolor>
                        <align>center</align>
                        <label>$INFO[Window.Property(Weekend.1.LongDay)] - $INFO[Window.Property(Weekend.1.ShortDate)]</label>
                    </control>
                    <control type="multiimage">
                        <left>15</left>
                        <top>30</top>
                        <width>195</width>
                        <height>195</height>
                        <imagepath>$VAR[WeatherIconVar]$INFO[Window.Property(Weekend.1.FanartCode)]$VAR[WeatherIconFolderVar]</imagepath>
                        <timeperimage>100</timeperimage>
                        <randomize>false</randomize>
                        <fadetime>10</fadetime>
                        <aspectratio>keep</aspectratio>
                    </control>
                    <control type="label">
                        <left>210</left>
                        <top>60</top>
                        <width>150</width>
                        <height>75</height>
                        <textcolor>grey3</textcolor>
                        <selectedcolor>selected</selectedcolor>
                        <align>center</align>
                        <aligny>center</aligny>
                        <label>[COLOR=grey2]$LOCALIZE[393][CR][/COLOR]$INFO[Window.Property(Weekend.1.HighTemperature),[B] ,[/B]]</label>
                    </control>
                    <control type="label">
                        <left>210</left>
                        <top>135</top>
                        <width>150</width>
                        <height>75</height>
                        <textcolor>grey3</textcolor>
                        <selectedcolor>selected</selectedcolor>
                        <align>center</align>
                        <aligny>center</aligny>
                        <label>[COLOR=grey2]$LOCALIZE[391][CR][/COLOR]$INFO[Window.Property(Weekend.1.LowTemperature),[B] ,[/B]]</label>
                    </control>
                    <control type="textbox">
                        <left>360</left>
                        <top>63</top>
                        <width>480</width>
                        <height>192</height>
                        <textcolor>grey3</textcolor>
                        <align>right</align>
                        <label>$INFO[Window.Property(Weekend.1.Humidity),[COLOR=grey2]$LOCALIZE[406] :[/COLOR][B] ,[/B]][CR]$INFO[Window.Property(Weekend.1.Cloudiness),[COLOR=grey2]$LOCALIZE[387] :[/COLOR][B] ,[/B]][CR]$INFO[Window.Property(Weekend.1.Precipitation),[COLOR=grey2]$LOCALIZE[33021] :[/COLOR][B] ,[/B]][CR]$INFO[Window.Property(Weekend.1.WindSpeed),[COLOR=grey2]$LOCALIZE[404]: [/COLOR][B] ,[/B]]$INFO[Window.Property(Weekend.1.WindDirection), - [B] ,[/B]]</label>
                    </control>
                    <control type="textbox">
                        <left>0</left>
                        <top>225</top>
                        <width>885</width>
                        <height>102</height>
                        <textcolor>grey3</textcolor>
                        <selectedcolor>selected</selectedcolor>
                        <align>center</align>
                        <aligny>center</aligny>
                        <label>$INFO[Window.Property(Weekend.1.Outlook),[COLOR=grey2]$LOCALIZE[301496]: [/COLOR]][CR]</label>
                    </control>
                    <control type="image">
                        <left>0</left>
                        <top>322</top>
                        <width>975</width>
                        <height>3</height>
                        <colordiffuse>fanartdiffuse</colordiffuse>
                        <texture>Separator1.png</texture>
                    </control>
                </control>
                <control type="group">
                    <left>0</left>
                    <top>357</top>
                    <control type="label">
                        <left>45</left>
                        <top>15</top>
                        <width>825</width>
                        <height>45</height>
                        <textcolor>black</textcolor>
                        <align>center</align>
                        <label>$INFO[Window.Property(Weekend.2.LongDay)] - $INFO[Window.Property(Weekend.2.ShortDate)]</label>
                    </control>
                    <control type="multiimage">
                        <left>15</left>
                        <top>30</top>
                        <width>195</width>
                        <height>195</height>
                        <imagepath>$VAR[WeatherIconVar]$INFO[Window.Property(Weekend.2.FanartCode)]$VAR[WeatherIconFolderVar]</imagepath>
                        <timeperimage>100</timeperimage>
                        <randomize>false</randomize>
                        <fadetime>10</fadetime>
                        <aspectratio>keep</aspectratio>
                    </control>
                    <control type="label">
                        <left>210</left>
                        <top>60</top>
                        <width>150</width>
                        <height>75</height>
                        <textcolor>grey3</textcolor>
                        <selectedcolor>selected</selectedcolor>
                        <align>center</align>
                        <aligny>center</aligny>
                        <label>[COLOR=grey2]$LOCALIZE[393][CR][/COLOR]$INFO[Window.Property(Weekend.2.HighTemperature),[B] ,[/B]]</label>
                    </control>
                    <control type="label">
                        <left>210</left>
                        <top>135</top>
                        <width>150</width>
                        <height>75</height>
                        <textcolor>grey3</textcolor>
                        <selectedcolor>selected</selectedcolor>
                        <align>center</align>
                        <aligny>center</aligny>
                        <label>[COLOR=grey2]$LOCALIZE[391][CR][/COLOR]$INFO[Window.Property(Weekend.2.LowTemperature),[B] ,[/B]]</label>
                    </control>
                    <control type="textbox">
                        <left>360</left>
                        <top>63</top>
                        <width>480</width>
                        <height>192</height>
                        <textcolor>grey3</textcolor>
                        <align>right</align>
                        <label>$INFO[Window.Property(Weekend.2.Humidity),[COLOR=grey2]$LOCALIZE[406] :[/COLOR][B] ,[/B]][CR]$INFO[Window.Property(Weekend.2.Cloudiness),[COLOR=grey2]$LOCALIZE[387] :[/COLOR][B] ,[/B]][CR]$INFO[Window.Property(Weekend.2.Precipitation),[COLOR=grey2]$LOCALIZE[33021] :[/COLOR][B] ,[/B]][CR]$INFO[Window.Property(Weekend.2.WindSpeed),[COLOR=grey2]$LOCALIZE[404]: [/COLOR][B] ,[/B]]$INFO[Window.Property(Weekend.2.WindDirection), - [B] ,[/B]]</label>
                    </control>
                    <control type="textbox">
                        <left>0</left>
                        <top>225</top>
                        <width>885</width>
                        <height>102</height>
                        <textcolor>grey3</textcolor>
                        <selectedcolor>selected</selectedcolor>
                        <align>center</align>
                        <aligny>center</aligny>
                        <label>$INFO[Window.Property(Weekend.2.Outlook),[COLOR=grey2]$LOCALIZE[301496]: [/COLOR]][CR]</label>
                    </control>
                    <control type="image">
                        <left>0</left>
                        <top>322</top>
                        <width>975</width>
                        <height>3</height>
                        <colordiffuse>fanartdiffuse</colordiffuse>
                        <texture>Separator1.png</texture>
                    </control>
                </control>
            </control>
        </control>
    </include>
    <include name="WeatherHourly">
        <control type="group">
            <control type="label">
                <description>header label</description>
                <left>45</left>
                <top>0</top>
                <width>825</width>
                <height>45</height>
                <label>31079</label>
                <font>impacted26</font>
                <align>center</align>
                <aligny>center</aligny>
                <textcolor>grey3</textcolor>
                <visible>Control.IsVisible(52)</visible>
            </control>
            <control type="list" id="52">
                <left>0</left>
                <top>90</top>
                <width>840</width>
                <height>555</height>
                <onleft>9000</onleft>
                <onright>62</onright>
                <onup>52</onup>
                <ondown>52</ondown>
                <viewtype label="535">list</viewtype>
                <pagecontrol>62</pagecontrol>
                <scrolltime>200</scrolltime>
                <include>opencloseslideleft</include>
                <visible>String.IsEqual(Window.Property(Weather.CurrentView),hourly) + !String.IsEmpty(Window.Property(Hourly.IsFetched))</visible>
                <itemlayout height="202" width="900">
                    <control type="label">
                        <left>0</left>
                        <top>0</top>
                        <width>150</width>
                        <height>180</height>
                        <textcolor>grey3</textcolor>
                        <selectedcolor>selected</selectedcolor>
                        <align>center</align>
                        <aligny>center</aligny>
                        <label>$INFO[ListItem.Label]</label>
                    </control>
                    <control type="multiimage">
                        <left>165</left>
                        <top>15</top>
                        <width>120</width>
                        <height>105</height>
                        <imagepath>$INFO[ListItem.Thumb]</imagepath>
                        <timeperimage>100</timeperimage>
                        <randomize>false</randomize>
                        <fadetime>10</fadetime>
                        <aspectratio>keep</aspectratio>
                    </control>
                    <control type="label">
                        <left>255</left>
                        <top>8</top>
                        <width>555</width>
                        <height>105</height>
                        <textcolor>grey3</textcolor>
                        <selectedcolor>selected</selectedcolor>
                        <align>right</align>
                        <aligny>center</aligny>
                        <label>$INFO[ListItem.Label2]</label>
                    </control>
                    <control type="textbox">
                        <left>8</left>
                        <top>123</top>
                        <width>885</width>
                        <height>72</height>
                        <font>ubuntu-r16b</font>
                        <textcolor>grey3</textcolor>
                        <selectedcolor>selected</selectedcolor>
                        <align>center</align>
                        <label>$INFO[ListItem.ActualIcon]</label>
                    </control>
                </itemlayout>
                <focusedlayout height="202" width="900">
                    <control type="image">
                        <left>0</left>
                        <top>0</top>
                        <width>840</width>
                        <height>202</height>
                        <colordiffuse>menudiffuse</colordiffuse>
                        <texture background="true" border="22">ThumbShadow.png</texture>
                        <visible>!Control.HasFocus(52)</visible>
                    </control>
                    <control type="image">
                        <left>0</left>
                        <top>0</top>
                        <width>840</width>
                        <height>202</height>
                        <texture background="true" border="22">ThumbShadow.png</texture>
                        <visible>Control.HasFocus(52)</visible>
                    </control>
                    <control type="label">
                        <left>0</left>
                        <top>0</top>
                        <width>150</width>
                        <height>180</height>
                        <textcolor>grey3</textcolor>
                        <selectedcolor>selected</selectedcolor>
                        <align>center</align>
                        <aligny>center</aligny>
                        <label>$INFO[ListItem.Label]</label>
                    </control>
                    <control type="multiimage">
                        <left>165</left>
                        <top>15</top>
                        <width>120</width>
                        <height>105</height>
                        <imagepath>$INFO[ListItem.Thumb]</imagepath>
                        <timeperimage>100</timeperimage>
                        <randomize>false</randomize>
                        <fadetime>10</fadetime>
                        <aspectratio>keep</aspectratio>
                    </control>
                    <control type="label">
                        <left>255</left>
                        <top>8</top>
                        <width>555</width>
                        <height>105</height>
                        <textcolor>grey3</textcolor>
                        <selectedcolor>selected</selectedcolor>
                        <align>right</align>
                        <aligny>center</aligny>
                        <label>$INFO[ListItem.Label2]</label>
                    </control>
                    <control type="textbox">
                        <left>8</left>
                        <top>123</top>
                        <width>885</width>
                        <height>72</height>
                        <font>ubuntu-r16b</font>
                        <textcolor>grey3</textcolor>
                        <selectedcolor>selected</selectedcolor>
                        <align>center</align>
                        <label>$INFO[ListItem.ActualIcon]</label>
                    </control>
                </focusedlayout>
                <content>
                    <item>
                        <icon>$LOCALIZE[31083]</icon>
                        <onclick/>
                        <visible>String.IsEmpty(Window.Property(Hourly.IsFetched))</visible>
                    </item>
                    <include content="WeatherHourlyItem">
                        <param name="item_id" value="1" />
                    </include>
                    <include content="WeatherHourlyItem">
                        <param name="item_id" value="2" />
                    </include>
                    <include content="WeatherHourlyItem">
                        <param name="item_id" value="3" />
                    </include>
                    <include content="WeatherHourlyItem">
                        <param name="item_id" value="4" />
                    </include>
                    <include content="WeatherHourlyItem">
                        <param name="item_id" value="5" />
                    </include>
                    <include content="WeatherHourlyItem">
                        <param name="item_id" value="6" />
                    </include>
                    <include content="WeatherHourlyItem">
                        <param name="item_id" value="7" />
                    </include>
                    <include content="WeatherHourlyItem">
                        <param name="item_id" value="8" />
                    </include>
                    <include content="WeatherHourlyItem">
                        <param name="item_id" value="9" />
                    </include>
                    <include content="WeatherHourlyItem">
                        <param name="item_id" value="10" />
                    </include>
                    <include content="WeatherHourlyItem">
                        <param name="item_id" value="11" />
                    </include>
                    <include content="WeatherHourlyItem">
                        <param name="item_id" value="12" />
                    </include>
                    <include content="WeatherHourlyItem">
                        <param name="item_id" value="13" />
                    </include>
                    <include content="WeatherHourlyItem">
                        <param name="item_id" value="14" />
                    </include>
                    <include content="WeatherHourlyItem">
                        <param name="item_id" value="15" />
                    </include>
                    <include content="WeatherHourlyItem">
                        <param name="item_id" value="16" />
                    </include>
                    <include content="WeatherHourlyItem">
                        <param name="item_id" value="17" />
                    </include>
                    <include content="WeatherHourlyItem">
                        <param name="item_id" value="18" />
                    </include>
                    <include content="WeatherHourlyItem">
                        <param name="item_id" value="19" />
                    </include>
                    <include content="WeatherHourlyItem">
                        <param name="item_id" value="20" />
                    </include>
                    <include content="WeatherHourlyItem">
                        <param name="item_id" value="21" />
                    </include>
                    <include content="WeatherHourlyItem">
                        <param name="item_id" value="22" />
                    </include>
                    <include content="WeatherHourlyItem">
                        <param name="item_id" value="23" />
                    </include>
                    <include content="WeatherHourlyItem">
                        <param name="item_id" value="24" />
                    </include>
                </content>
            </control>
            <control type="scrollbar" id="62">
                <left>840</left>
                <top>98</top>
                <width>18</width>
                <height>555</height>
                <onleft>52</onleft>
                <onright>9000</onright>
                <showonepage>false</showonepage>
                <orientation>vertical</orientation>
                <include>opencloseslideleft</include>
                <visible>Control.IsVisible(52)</visible>
            </control>
        </control>
    </include>
    <include name="WeatherMaps">
        <control type="group">
            <visible>String.IsEqual(Window.Property(Weather.CurrentView),map) + !String.IsEmpty(Window.Property(Map.IsFetched))</visible>
            <include>opencloseslideleft</include>
            <control type="label">
                <description>header label</description>
                <left>75</left>
                <top>15</top>
                <width>810</width>
                <height>45</height>
                <label>33035</label>
                <font>impacted26</font>
                <align>left</align>
                <aligny>center</aligny>
                <textcolor>grey3</textcolor>
            </control>
            <control type="label">
                <left>45</left>
                <top>15</top>
                <width>795</width>
                <height>45</height>
                <label>$INFO[Container(53).ListItem.Label]</label>
                <font>impacted26</font>
                <align>right</align>
                <aligny>center</aligny>
                <textcolor>grey3</textcolor>
            </control>
            <control type="list" id="53">
                <left>0</left>
                <top>120</top>
                <width>840</width>
                <height>555</height>
                <onleft>53</onleft>
                <onright>53</onright>
                <onup>9000</onup>
                <ondown>9000</ondown>
                <viewtype label="535">list</viewtype>
                <scrolltime>200</scrolltime>
                <orientation>horizontal</orientation>
                <visible>String.IsEqual(Window.Property(Weather.CurrentView),map) + !String.IsEmpty(Window.Property(Map.IsFetched))</visible>
                <itemlayout height="555" width="840"></itemlayout>
                <focusedlayout height="555" width="840">
                    <control type="image">
                        <description>area image</description>
                        <left>0</left>
                        <top>0</top>
                        <width>840</width>
                        <height>495</height>
                        <texture>$INFO[ListItem.Icon]</texture>
                        <aspectratio>scale</aspectratio>
                    </control>
                    <control type="image">
                        <description>layer image</description>
                        <left>0</left>
                        <top>0</top>
                        <width>840</width>
                        <height>495</height>
                        <texture>$INFO[ListItem.Property(Layer)]</texture>
                        <aspectratio>scale</aspectratio>
                        <colordiffuse>70FFFFFF</colordiffuse>
                    </control>
                    <control type="image">
                        <description>legend image</description>
                        <left>502</left>
                        <top>495</top>
                        <width>336</width>
                        <height>52</height>
                        <texture>$INFO[ListItem.Label2]</texture>
                    </control>
                </focusedlayout>
                <content>
                    <include content="WeatherMapItem">
                        <param name="item_id" value="1" />
                    </include>
                    <include content="WeatherMapItem">
                        <param name="item_id" value="2" />
                    </include>
                    <include content="WeatherMapItem">
                        <param name="item_id" value="3" />
                    </include>
                    <include content="WeatherMapItem">
                        <param name="item_id" value="4" />
                    </include>
                    <include content="WeatherMapItem">
                        <param name="item_id" value="5" />
                    </include>
                </content>
            </control>
            <control type="group">
                <top>135</top>
                <control type="button" id="992">
                    <left>788</left>
                    <top>0</top>
                    <width>38</width>
                    <height>38</height>
                    <label/>
                    <texturefocus flipx="true" colordiffuse="red">ArrowBig.png</texturefocus>
                    <texturenofocus flipx="true">ArrowBig.png</texturenofocus>
                    <onleft>991</onleft>
                    <onright>9000</onright>
                    <onclick>Control.Move(53,1)</onclick>
                </control>
                <control type="button" id="991">
                    <left>15</left>
                    <top>0</top>
                    <width>38</width>
                    <height>38</height>
                    <label/>
                    <texturefocus colordiffuse="red">ArrowBig.png</texturefocus>
                    <texturenofocus>ArrowBig.png</texturenofocus>
                    <onleft>9000</onleft>
                    <onright>992</onright>
                    <onclick>Control.Move(53,-1)</onclick>
                </control>
            </control>
        </control>
    </include>
    <include name="WeatherAlerts">
        <control type="group">
            <visible>String.IsEqual(Window.Property(Weather.CurrentView),alerts) + !String.IsEmpty(Window.Property(Alerts.IsFetched))</visible>
            <include>opencloseslideleft</include>
            <control type="button" id="996">
                <description>Hidden Button for focus</description>
                <left>-900</left>
                <top>-30</top>
                <width>1</width>
                <height>1</height>
                <texturenofocus/>
                <texturefocus/>
                <onleft>9000</onleft>
                <onright>9000</onright>
            </control>
            <control type="label">
                <description>header label</description>
                <left>30</left>
                <top>22</top>
                <width>915</width>
                <height>45</height>
                <label>33050</label>
                <align>center</align>
                <aligny>center</aligny>
                <textcolor>white</textcolor>
                <shadowcolor>black</shadowcolor>
            </control>
            <control type="label">
                <left>60</left>
                <top>112</top>
                <width>855</width>
                <height>45</height>
                <textcolor>blue</textcolor>
                <align>center</align>
                <aligny>center</aligny>
                <label>$LOCALIZE[33050]</label>
            </control>
            <control type="group">
                <visible>!String.IsEqual(Window.Property(Alerts.Count),0)</visible>
                <control type="textbox">
                    <left>60</left>
                    <top>176</top>
                    <width>855</width>
                    <height>597</height>
                    <font>font12</font>
                    <textcolor>white</textcolor>
                    <selectedcolor>selected</selectedcolor>
                    <align>center</align>
                    <label>$INFO[Window.Property(Alerts)]</label>
                    <autoscroll time="2000" delay="3000" repeat="5000">true</autoscroll>
                </control>
            </control>
            <control type="label">
                <left>60</left>
                <top>300</top>
                <width>855</width>
                <height>45</height>
                <textcolor>white</textcolor>
                <align>center</align>
                <aligny>center</aligny>
                <label>$LOCALIZE[19055]</label>
                <visible>String.IsEqual(Window.Property(Alerts.Count),0)</visible>
            </control>
        </control>
    </include>
</includes>
