<?xml version="1.0" encoding="UTF-8"?>
<includes>
    <!-- ID: 10 -->
    <include name="PVRGuideViewTimeline">
        <control type="group">
            <description>TV Guide Timeline</description>
            <visible>Control.IsVisible(10)</visible>
            <include>openclose</include>
            <include>opencloseslideup</include>
            <top>22</top>
            <control type="image">
                <left>-15</left>
                <top>57</top>
                <width>1950</width>
                <height>774</height>
                <colordiffuse>menudiffuse</colordiffuse>
                <texture background="true">BlackBack.png</texture>
            </control>
            <control type="image" id="1">
                <left>-8</left>
                <top>42</top>
                <width>1950</width>
                <height>15</height>
                <colordiffuse>fanartdiffuse</colordiffuse>
                <texture background="true">Shadow.png</texture>
            </control>
            <control type="image" id="1">
                <left>-8</left>
                <top>831</top>
                <width>1950</width>
                <height>15</height>
                <colordiffuse>fanartdiffuse</colordiffuse>
                <texture background="true" flipy="true">Shadow.png</texture>
            </control>
            <control type="image" id="1">
                <left>-8</left>
                <top>112</top>
                <width>1950</width>
                <height>3</height>
                <colordiffuse>menudiffuse</colordiffuse>
                <texture background="true" border="1">Separator1.png</texture>
            </control>
            <control type="epggrid" id="10">
                <viewtype label="19032">list</viewtype>
                <description>EPG Grid</description>
                <left>30</left>
                <top>68</top>
                <width>1890</width>
                <height>756</height>
                <pagecontrol>10</pagecontrol>
                <scrolltime>350</scrolltime>
                <timeblocks>30</timeblocks>
                <rulerunit>6</rulerunit>
                <progresstexture border="5" colordiffuse="menudiffuse">PVR-EpgProgressIndicator.png</progresstexture>
                <onleft>9000</onleft>
                <onright>9000</onright>
                <onup>10</onup>
                <ondown>10</ondown>
                <rulerlayout height="52" width="60">
                    <control type="image" id="1">
                        <width>57</width>
                        <height>44</height>
                        <left>0</left>
                        <top>-3</top>
                        <colordiffuse>reddiffuse</colordiffuse>
                        <texture background="true">WhiteBack.png</texture>
                    </control>
                    <control type="label" id="2">
                        <left>15</left>
                        <top>-2</top>
                        <width>51</width>
                        <height>44</height>
                        <aligny>center</aligny>
                        <align>left</align>
                        <label>$INFO[ListItem.Label]</label>
                    </control>
                </rulerlayout>
                <channellayout height="78" width="420">
                    <control type="label">
                        <left>8</left>
                        <top>8</top>
                        <width>60</width>
                        <height>52</height>
                        <align>left</align>
                        <aligny>center</aligny>
                        <textcolor>grey</textcolor>
                        <info>ListItem.ChannelNumberLabel</info>
                    </control>
                    <control type="image">
                        <left>68</left>
                        <top>15</top>
                        <width>52</width>
                        <height>51</height>
                        <texture background="true" fallback="icons/TVShowsIcon.png">$INFO[ListItem.Icon]</texture>
                        <aspectratio>keep</aspectratio>
                        <visible>!Window.IsVisible(radiochannels)</visible>
                    </control>
                    <control type="image">
                        <left>68</left>
                        <top>15</top>
                        <width>52</width>
                        <height>51</height>
                        <texture background="true" fallback="FallbackRadio.png">$INFO[ListItem.Icon]</texture>
                        <aspectratio>keep</aspectratio>
                        <visible>Window.IsVisible(radiochannels)</visible>
                    </control>
                    <control type="label" id="1">
                        <left>150</left>
                        <top>0</top>
                        <width>240</width>
                        <height>78</height>
                        <aligny>center</aligny>
                        <textcolor>grey</textcolor>
                        <align>left</align>
                        <label>$INFO[ListItem.ChannelName]</label>
                    </control>
                </channellayout>
                <focusedchannellayout height="78" width="420">
                    <control type="group">
                        <include>focuseffect</include>
                        <control type="image">
                            <left>-6</left>
                            <top>1</top>
                            <width>420</width>
                            <height>75</height>
                            <colordiffuse>reddiffuse</colordiffuse>
                            <texture border="5" flipx="true">SideFadeWhite.png</texture>
                        </control>
                        <control type="image" id="2">
                            <left>-6</left>
                            <top>1</top>
                            <width>420</width>
                            <height>75</height>
                            <texture background="true" border="5">buttons/ButtonNFhalf.png</texture>
                        </control>
                        <control type="label">
                            <left>8</left>
                            <top>8</top>
                            <width>60</width>
                            <height>52</height>
                            <align>left</align>
                            <aligny>center</aligny>
                            <info>ListItem.ChannelNumberLabel</info>
                        </control>
                        <control type="image">
                            <left>68</left>
                            <top>15</top>
                            <width>52</width>
                            <height>51</height>
                            <texture background="true" fallback="icons/TVShowsIcon.png">$INFO[ListItem.Icon]</texture>
                            <aspectratio>keep</aspectratio>
                            <visible>!Window.IsVisible(radiochannels)</visible>
                        </control>
                        <control type="image">
                            <left>68</left>
                            <top>15</top>
                            <width>52</width>
                            <height>51</height>
                            <texture background="true" fallback="FallbackRadio.png">$INFO[ListItem.Icon]</texture>
                            <aspectratio>keep</aspectratio>
                            <visible>Window.IsVisible(radiochannels)</visible>
                        </control>
                        <control type="label" id="1">
                            <left>150</left>
                            <top>0</top>
                            <width>240</width>
                            <height>78</height>
                            <aligny>center</aligny>
                            <align>left</align>
                            <label>$INFO[ListItem.ChannelName]</label>
                        </control>
                    </control>
                </focusedchannellayout>
                <itemlayout height="78" width="60">
                    <control type="image" id="2">
                        <width>60</width>
                        <height>78</height>
                        <left>0</left>
                        <top>0</top>
                        <aspectratio>stretch</aspectratio>
                        <texture border="3">epg-genres/$INFO[ListItem.Property(GenreType)].png</texture>
                    </control>
                    <control type="label" id="1">
                        <left>9</left>
                        <top>4</top>
                        <width>45</width>
                        <height>38</height>
                        <aligny>center</aligny>
                        <align>left</align>
                        <info>ListItem.Label</info>
                    </control>
                    <include>PVR-TimerIcons</include>
                </itemlayout>
                <focusedlayout height="78" width="60">
                    <control type="image" id="2">
                        <left>0</left>
                        <top>0</top>
                        <width>60</width>
                        <height>78</height>
                        <aspectratio>stretch</aspectratio>
                        <texture border="3">epg-genres/$INFO[ListItem.Property(GenreType)].png</texture>
                        <include>focuseffect</include>
                    </control>
                    <control type="image" id="14">
                        <left>1</left>
                        <top>1</top>
                        <width>57</width>
                        <height>75</height>
                        <texture background="true" border="1">buttons/ButtonNF.png</texture>
                        <include>focuseffect</include>
                    </control>
                    <control type="image" id="14">
                        <left>3</left>
                        <top>3</top>
                        <width>54</width>
                        <height>72</height>
                        <colordiffuse>reddiffuse</colordiffuse>
                        <texture background="true">White.png</texture>
                        <include>focuseffect</include>
                    </control>
                    <control type="image" id="14">
                        <left>1</left>
                        <top>1</top>
                        <width>57</width>
                        <height>75</height>
                        <texture background="true">GlassOverlay.png</texture>
                        <include>focuseffect</include>
                    </control>
                    <control type="label" id="1">
                        <left>9</left>
                        <top>4</top>
                        <width>45</width>
                        <height>38</height>
                        <aligny>center</aligny>
                        <align>left</align>
                        <info>ListItem.Label</info>
                        <include>focuseffect</include>
                    </control>
                    <include>PVR-TimerIcons</include>
                </focusedlayout>
            </control>
            <control type="group">
                <left>8</left>
                <top>828</top>
                <control type="image">
                    <left>68</left>
                    <top>15</top>
                    <width>300</width>
                    <height>147</height>
                    <texture>$INFO[ListItem.Icon]</texture>
                    <aspectratio align="center" aligny="center">keep</aspectratio>
                </control>
                <control type="label">
                    <left>450</left>
                    <top>8</top>
                    <width>1320</width>
                    <height>45</height>
                    <aligny>center</aligny>
                    <align>left</align>
                    <shadowcolor>black</shadowcolor>
                    <font>ubuntu-r26b</font>
                    <label>$INFO[ListItem.Label]$INFO[ListItem.StartTime, (,]$INFO[ListItem.EndTime, - ,)]</label>
                </control>
                <control type="textbox">
                    <left>450</left>
                    <top>60</top>
                    <width>1320</width>
                    <height>98</height>
                    <shadowcolor>black</shadowcolor>
                    <include condition="!Skin.HasSetting(BigPlotText)">PlotText16Var</include>
                    <include condition="Skin.HasSetting(BigPlotText)">PlotTextBigVar</include>
                    <label>$INFO[ListItem.Plot]</label>
                </control>
            </control>
            <control type="group">
                <left>60</left>
                <control type="image" id="1">
                    <left>-68</left>
                    <top>998</top>
                    <width>1950</width>
                    <height>75</height>
                    <texture background="true" border="1">BlackBack.png</texture>
                </control>
                <control type="image" id="1">
                    <left>-68</left>
                    <top>996</top>
                    <width>1950</width>
                    <height>3</height>
                    <colordiffuse>menudiffuse</colordiffuse>
                    <texture background="true" border="1" flipy="true">Separator1.png</texture>
                </control>
                <control type="image">
                    <left>30</left>
                    <top>1005</top>
                    <width>45</width>
                    <height>45</height>
                    <texture border="3">epg-genres/$INFO[ListItem.Property(GenreType)].png</texture>
                </control>
                <control type="label">
                    <left>90</left>
                    <top>1005</top>
                    <width>1200</width>
                    <height>45</height>
                    <font>impacted21</font>
                    <textcolor>grey</textcolor>
                    <label>$VAR[EpgGenreLabel]</label>
                </control>
            </control>
        </control>
    </include>
    <!-- ID: 11 -->
    <include name="PVRGuideViewNow">
        <control type="group">
            <description>TV Guide Channel</description>
            <visible>Control.IsVisible(11)</visible>
            <include>openclose</include>
            <include>opencloseslideup</include>
            <control type="group">
                <left>120</left>
                <top>300</top>
                <control type="image">
                    <description>Separator image</description>
                    <left>-135</left>
                    <top>12</top>
                    <width>1950</width>
                    <height>975</height>
                    <colordiffuse>menudiffuse</colordiffuse>
                    <texture background="true">BlackBack.png</texture>
                </control>
                <control type="label">
                    <description>Date Time label</description>
                    <left>0</left>
                    <top>27</top>
                    <width>450</width>
                    <height>30</height>
                    <textcolor>white</textcolor>
                    <shadowcolor>black</shadowcolor>
                    <align>center</align>
                    <aligny>center</aligny>
                    <label>21820</label>
                </control>
                <control type="label">
                    <description>Title</description>
                    <left>450</left>
                    <top>27</top>
                    <width>900</width>
                    <height>30</height>
                    <textcolor>white</textcolor>
                    <shadowcolor>black</shadowcolor>
                    <align>center</align>
                    <aligny>center</aligny>
                    <label>369</label>
                </control>
                <control type="label">
                    <description>Status header label</description>
                    <left>1440</left>
                    <top>27</top>
                    <width>210</width>
                    <height>30</height>
                    <textcolor>white</textcolor>
                    <shadowcolor>black</shadowcolor>
                    <align>center</align>
                    <aligny>center</aligny>
                    <label>126</label>
                </control>
                <control type="image">
                    <description>Separator image</description>
                    <left>-135</left>
                    <top>12</top>
                    <width>1950</width>
                    <height>1</height>
                    <texture background="true">Separator2.png</texture>
                </control>
                <control type="list" id="11">
                    <viewtype label="19030">list</viewtype>
                    <left>0</left>
                    <top>68</top>
                    <width>1650</width>
                    <height>657</height>
                    <onup>11</onup>
                    <ondown>11</ondown>
                    <onleft>9000</onleft>
                    <onright>75</onright>
                    <pagecontrol>75</pagecontrol>
                    <scrolltime>200</scrolltime>
                    <itemlayout height="66">
                        <control type="image">
                            <left>0</left>
                            <top>0</top>
                            <width>450</width>
                            <height>57</height>
                            <colordiffuse>menudiffuse</colordiffuse>
                            <texture background="true" border="5">BlackBack.png</texture>
                        </control>
                        <control type="label">
                            <left>15</left>
                            <top>0</top>
                            <width>420</width>
                            <height>60</height>
                            <align>center</align>
                            <aligny>center</aligny>
                            <textcolor>grey</textcolor>
                            <label>$INFO[ListItem.Date]</label>
                        </control>
                        <control type="label">
                            <left>465</left>
                            <top>0</top>
                            <width>960</width>
                            <height>60</height>
                            <align>left</align>
                            <aligny>center</aligny>
                            <textcolor>grey</textcolor>
                            <info>ListItem.Label</info>
                        </control>
                        <control type="image">
                            <left>1470</left>
                            <top>15</top>
                            <width>30</width>
                            <height>30</height>
                            <texture>$VAR[PVRTimerIcon]</texture>
                        </control>
                        <control type="label">
                            <left>1500</left>
                            <top>0</top>
                            <width>120</width>
                            <height>60</height>
                            <align>left</align>
                            <aligny>center</aligny>
                            <textcolor>grey</textcolor>
                            <label>$VAR[PVRTimerLabel]</label>
                        </control>
                    </itemlayout>
                    <focusedlayout height="195">
                        <control type="group">
                            <include>focuseffect</include>
                            <control type="image">
                                <left>0</left>
                                <top>1</top>
                                <width>1650</width>
                                <height>190</height>
                                <colordiffuse>reddiffuse</colordiffuse>
                                <texture background="true" border="5">WhiteBack.png</texture>
                                <visible>Control.HasFocus(11)</visible>
                            </control>
                            <control type="image">
                                <left>0</left>
                                <top>1</top>
                                <width>1650</width>
                                <height>190</height>
                                <texture background="true" border="5">masks/Default_sharp.png</texture>
                            </control>
                            <control type="label">
                                <left>15</left>
                                <top>0</top>
                                <width>420</width>
                                <height>60</height>
                                <align>center</align>
                                <aligny>center</aligny>
                                <textcolor>white</textcolor>
                                <info>ListItem.Date</info>
                            </control>
                            <control type="label">
                                <left>465</left>
                                <top>0</top>
                                <width>960</width>
                                <height>60</height>
                                <align>left</align>
                                <aligny>center</aligny>
                                <textcolor>white</textcolor>
                                <info>ListItem.Label</info>
                            </control>
                            <control type="textbox">
                                <description>Plot Value for TVShow</description>
                                <left>15</left>
                                <top>63</top>
                                <width>1620</width>
                                <height>123</height>
                                <align>justify</align>
                                <include condition="!Skin.HasSetting(BigPlotText)">PlotText16Var</include>
                                <include condition="Skin.HasSetting(BigPlotText)">PlotTextBigVar</include>
                                <label>$INFO[ListItem.Plot]</label>
                            </control>
                            <control type="image">
                                <left>1470</left>
                                <top>15</top>
                                <width>30</width>
                                <height>30</height>
                                <texture>$VAR[PVRTimerIcon]</texture>
                            </control>
                            <control type="label">
                                <left>1500</left>
                                <top>0</top>
                                <width>120</width>
                                <height>60</height>
                                <align>left</align>
                                <aligny>center</aligny>
                                <textcolor>grey</textcolor>
                                <label>31076</label>
                                <label>$VAR[PVRTimerLabel]</label>
                            </control>
                        </control>
                    </focusedlayout>
                </control>
                <control type="scrollbar" id="75">
                    <left>1658</left>
                    <top>68</top>
                    <height>657</height>
                    <onleft>11</onleft>
                    <onright/>
                    <showonepage>false</showonepage>
                    <orientation>vertical</orientation>
                </control>
            </control>
        </control>
    </include>
    <!-- ID: 12 -->
    <include name="PVRGuideViewNext">
        <control type="group">
            <description>TV Guide Channel</description>
            <visible>Control.IsVisible(12)</visible>
            <include>openclose</include>
            <include>opencloseslideup</include>
            <control type="group">
                <left>120</left>
                <top>300</top>
                <control type="image">
                    <description>Separator image</description>
                    <left>-135</left>
                    <top>12</top>
                    <width>1950</width>
                    <height>975</height>
                    <colordiffuse>menudiffuse</colordiffuse>
                    <texture background="true">BlackBack.png</texture>
                </control>
                <control type="label">
                    <description>Date Time label</description>
                    <left>0</left>
                    <top>27</top>
                    <width>450</width>
                    <height>30</height>
                    <textcolor>white</textcolor>
                    <shadowcolor>black</shadowcolor>
                    <align>center</align>
                    <aligny>center</aligny>
                    <label>21820</label>
                </control>
                <control type="label">
                    <description>Title</description>
                    <left>450</left>
                    <top>27</top>
                    <width>900</width>
                    <height>30</height>
                    <textcolor>white</textcolor>
                    <shadowcolor>black</shadowcolor>
                    <align>center</align>
                    <aligny>center</aligny>
                    <label>369</label>
                </control>
                <control type="label">
                    <description>Status header label</description>
                    <left>1440</left>
                    <top>27</top>
                    <width>210</width>
                    <height>30</height>
                    <textcolor>white</textcolor>
                    <shadowcolor>black</shadowcolor>
                    <align>center</align>
                    <aligny>center</aligny>
                    <label>126</label>
                </control>
                <control type="image">
                    <description>Separator image</description>
                    <left>-135</left>
                    <top>12</top>
                    <width>1950</width>
                    <height>1</height>
                    <texture background="true">Separator2.png</texture>
                </control>
                <control type="list" id="12">
                    <viewtype label="19031">list</viewtype>
                    <left>0</left>
                    <top>68</top>
                    <width>1650</width>
                    <height>657</height>
                    <onup>12</onup>
                    <ondown>12</ondown>
                    <onleft>9000</onleft>
                    <onright>75</onright>
                    <pagecontrol>75</pagecontrol>
                    <scrolltime>200</scrolltime>
                    <itemlayout height="66">
                        <control type="image">
                            <left>0</left>
                            <top>0</top>
                            <width>450</width>
                            <height>57</height>
                            <colordiffuse>menudiffuse</colordiffuse>
                            <texture background="true" border="5">BlackBack.png</texture>
                        </control>
                        <control type="label">
                            <left>15</left>
                            <top>0</top>
                            <width>420</width>
                            <height>60</height>
                            <align>center</align>
                            <aligny>center</aligny>
                            <textcolor>grey</textcolor>
                            <info>ListItem.Date</info>
                        </control>
                        <control type="label">
                            <left>465</left>
                            <top>0</top>
                            <width>900</width>
                            <height>60</height>
                            <align>left</align>
                            <aligny>center</aligny>
                            <textcolor>grey</textcolor>
                            <info>ListItem.Label</info>
                        </control>
                        <control type="image">
                            <left>1410</left>
                            <top>18</top>
                            <width>27</width>
                            <height>27</height>
                            <texture>$VAR[PVRTimerIcon]</texture>
                        </control>
                        <control type="image">
                            <left>1372</left>
                            <top>15</top>
                            <width>30</width>
                            <height>30</height>
                            <texture>$VAR[VARSwitchtimer]</texture>
                        </control>
                        <control type="label">
                            <left>1448</left>
                            <top>0</top>
                            <width>188</width>
                            <height>60</height>
                            <align>left</align>
                            <aligny>center</aligny>
                            <textcolor>grey</textcolor>
                            <label>31076</label>
                            <visible>ListItem.HasTimer</visible>
                        </control>
                    </itemlayout>
                    <focusedlayout height="195">
                        <control type="group">
                            <include>focuseffect</include>
                            <control type="image">
                                <left>0</left>
                                <top>1</top>
                                <width>1650</width>
                                <height>190</height>
                                <colordiffuse>reddiffuse</colordiffuse>
                                <texture background="true" border="5">WhiteBack.png</texture>
                                <visible>Control.HasFocus(12)</visible>
                            </control>
                            <control type="image">
                                <left>0</left>
                                <top>1</top>
                                <width>1650</width>
                                <height>190</height>
                                <texture background="true" border="5">masks/Default_sharp.png</texture>
                            </control>
                            <control type="label">
                                <left>15</left>
                                <top>0</top>
                                <width>420</width>
                                <height>60</height>
                                <align>center</align>
                                <aligny>center</aligny>
                                <textcolor>white</textcolor>
                                <info>ListItem.Date</info>
                            </control>
                            <control type="label">
                                <left>465</left>
                                <top>0</top>
                                <width>900</width>
                                <height>60</height>
                                <align>left</align>
                                <aligny>center</aligny>
                                <textcolor>white</textcolor>
                                <info>ListItem.Label</info>
                            </control>
                            <control type="textbox">
                                <description>Plot Value for TVShow</description>
                                <left>15</left>
                                <top>63</top>
                                <width>1620</width>
                                <height>123</height>
                                <align>justify</align>
                                <include condition="!Skin.HasSetting(BigPlotText)">PlotText16Var</include>
                                <include condition="Skin.HasSetting(BigPlotText)">PlotTextBigVar</include>
                                <label>$INFO[ListItem.Plot]</label>
                            </control>
                            <control type="image">
                                <left>1410</left>
                                <top>18</top>
                                <width>27</width>
                                <height>27</height>
                                <texture>$VAR[PVRTimerIcon]</texture>
                            </control>
                            <control type="image">
                                <left>1372</left>
                                <top>15</top>
                                <width>30</width>
                                <height>30</height>
                                <texture background="true">$VAR[VARSwitchtimer]</texture>
                            </control>
                            <control type="label">
                                <left>1448</left>
                                <top>0</top>
                                <width>188</width>
                                <height>60</height>
                                <align>left</align>
                                <aligny>center</aligny>
                                <textcolor>grey</textcolor>
                                <label>31076</label>
                                <visible>ListItem.HasTimer</visible>
                            </control>
                        </control>
                    </focusedlayout>
                </control>
                <control type="scrollbar" id="75">
                    <left>1658</left>
                    <top>68</top>
                    <height>657</height>
                    <onleft>12</onleft>
                    <onright/>
                    <showonepage>false</showonepage>
                    <orientation>vertical</orientation>
                </control>
            </control>
        </control>
    </include>
    <!-- ID: 13 -->
    <include name="PVRGuideViewChannel">
        <control type="group">
            <description>TV Guide Channel</description>
            <visible>Control.IsVisible(13)</visible>
            <include>openclose</include>
            <include>opencloseslideup</include>
            <control type="group">
                <left>120</left>
                <top>300</top>
                <control type="image">
                    <description>Separator image</description>
                    <left>-135</left>
                    <top>12</top>
                    <width>1950</width>
                    <height>975</height>
                    <colordiffuse>menudiffuse</colordiffuse>
                    <texture background="true">BlackBack.png</texture>
                </control>
                <control type="label">
                    <description>Date Time label</description>
                    <left>0</left>
                    <top>27</top>
                    <width>450</width>
                    <height>30</height>
                    <textcolor>white</textcolor>
                    <shadowcolor>black</shadowcolor>
                    <align>center</align>
                    <aligny>center</aligny>
                    <label>21820</label>
                </control>
                <control type="label">
                    <description>Title</description>
                    <left>450</left>
                    <top>27</top>
                    <width>900</width>
                    <height>30</height>
                    <textcolor>white</textcolor>
                    <shadowcolor>black</shadowcolor>
                    <align>center</align>
                    <aligny>center</aligny>
                    <label>369</label>
                </control>
                <control type="label">
                    <description>Status header label</description>
                    <left>1440</left>
                    <top>27</top>
                    <width>210</width>
                    <height>30</height>
                    <textcolor>white</textcolor>
                    <shadowcolor>black</shadowcolor>
                    <align>center</align>
                    <aligny>center</aligny>
                    <label>126</label>
                </control>
                <control type="image">
                    <description>Separator image</description>
                    <left>-135</left>
                    <top>12</top>
                    <width>1950</width>
                    <height>1</height>
                    <texture background="true">Separator2.png</texture>
                </control>
                <control type="list" id="13">
                    <viewtype label="19029">list</viewtype>
                    <left>0</left>
                    <top>68</top>
                    <width>1650</width>
                    <height>657</height>
                    <onup>13</onup>
                    <ondown>13</ondown>
                    <onleft>9000</onleft>
                    <onright>75</onright>
                    <pagecontrol>75</pagecontrol>
                    <scrolltime>200</scrolltime>
                    <visible>Player.PlayingTv</visible>
                    <itemlayout height="66">
                        <control type="image">
                            <left>0</left>
                            <top>0</top>
                            <width>450</width>
                            <height>57</height>
                            <colordiffuse>menudiffuse</colordiffuse>
                            <texture background="true" border="5">BlackBack.png</texture>
                        </control>
                        <control type="label">
                            <left>15</left>
                            <top>0</top>
                            <width>420</width>
                            <height>60</height>
                            <align>center</align>
                            <aligny>center</aligny>
                            <textcolor>grey</textcolor>
                            <info>ListItem.Date</info>
                        </control>
                        <control type="label">
                            <left>465</left>
                            <top>0</top>
                            <width>960</width>
                            <height>60</height>
                            <align>left</align>
                            <aligny>center</aligny>
                            <textcolor>grey</textcolor>
                            <info>ListItem.Label</info>
                        </control>
                        <control type="image">
                            <left>1470</left>
                            <top>15</top>
                            <width>30</width>
                            <height>30</height>
                            <texture>$VAR[PVRTimerIcon]</texture>
                        </control>
                        <control type="label">
                            <left>1500</left>
                            <top>0</top>
                            <width>120</width>
                            <height>60</height>
                            <align>left</align>
                            <aligny>center</aligny>
                            <textcolor>grey</textcolor>
                            <label>$VAR[PVRTimerLabel]</label>
                        </control>
                    </itemlayout>
                    <focusedlayout height="195">
                        <control type="group">
                            <include>focuseffect</include>
                            <control type="image">
                                <left>0</left>
                                <top>1</top>
                                <width>1650</width>
                                <height>190</height>
                                <colordiffuse>reddiffuse</colordiffuse>
                                <texture background="true" border="5">WhiteBack.png</texture>
                                <animation effect="fade" start="100" end="50" time="200" condition="!Control.HasFocus(13)">Conditional</animation>
                            </control>
                            <control type="image">
                                <left>0</left>
                                <top>1</top>
                                <width>1650</width>
                                <height>190</height>
                                <texture background="true" border="5">masks/Default_sharp.png</texture>
                                <animation effect="fade" start="100" end="50" time="200" condition="!Control.HasFocus(13)">Conditional</animation>
                            </control>
                            <control type="label">
                                <left>15</left>
                                <top>0</top>
                                <width>420</width>
                                <height>60</height>
                                <align>center</align>
                                <aligny>center</aligny>
                                <textcolor>white</textcolor>
                                <info>ListItem.Date</info>
                            </control>
                            <control type="label">
                                <left>465</left>
                                <top>0</top>
                                <width>960</width>
                                <height>60</height>
                                <align>left</align>
                                <aligny>center</aligny>
                                <textcolor>white</textcolor>
                                <info>ListItem.Label</info>
                            </control>
                            <control type="textbox">
                                <description>Plot Value for TVShow</description>
                                <left>15</left>
                                <top>63</top>
                                <width>1620</width>
                                <height>123</height>
                                <align>justify</align>
                                <include condition="!Skin.HasSetting(BigPlotText)">PlotText16Var</include>
                                <include condition="Skin.HasSetting(BigPlotText)">PlotTextBigVar</include>
                                <label>$INFO[ListItem.Plot]</label>
                            </control>
                            <control type="image">
                                <left>1470</left>
                                <top>15</top>
                                <width>30</width>
                                <height>30</height>
                                <texture>$VAR[PVRTimerIcon]</texture>
                            </control>
                            <control type="label">
                                <left>1500</left>
                                <top>0</top>
                                <width>120</width>
                                <height>60</height>
                                <align>left</align>
                                <aligny>center</aligny>
                                <textcolor>grey</textcolor>
                                <label>$VAR[PVRTimerLabel]</label>
                            </control>
                        </control>
                    </focusedlayout>
                </control>
                <control type="scrollbar" id="75">
                    <left>1658</left>
                    <top>68</top>
                    <height>657</height>
                    <onleft>13</onleft>
                    <onright/>
                    <showonepage>false</showonepage>
                    <orientation>vertical</orientation>
                </control>
            </control>
        </control>
    </include>
</includes>
