<?xml version="1.0" encoding="UTF-8"?>
<includes>
    <include name="BannerView_Videos">
		<param name="viewid">57</param>
		<definition>
			<control type="group">
				<visible>Control.IsVisible($PARAM[viewid])</visible>
				<include>openclose</include>
				<control type="group">
					<include>openclosevisible</include>
					<include content="FakeButton444">
						<param name="visible" value="Control.IsVisible($PARAM[viewid])"/>
					</include>
					<visible>Control.IsVisible($PARAM[viewid])+!Control.HasFocus(666)</visible>
					<include>WhiteGrunge</include>
					<include>VideoGrid</include>
					<control type="image">
						<left>315</left>
						<top>-15</top>
						<width>1275</width>
						<height>1095</height>
						<colordiffuse>dustdiffuse</colordiffuse>
						<texture background="true">BlackBack.png</texture>
					</control>
				</control>
				<control type="group">
					<include>openclosebox</include>
					<visible>Control.IsVisible($PARAM[viewid])+!Control.HasFocus(666)</visible>
					<animation effect="slide" end="10" condition="!Control.IsVisible($PARAM[viewid]1)">Conditional</animation>
					<control type="fixedlist" id="$PARAM[viewid]">
						<left>390</left>
						<top>105</top>
						<width>1125</width>
						<height>864</height>
						<onleft>9000</onleft>
						<onright condition="Control.IsVisible($PARAM[viewid]1)">$PARAM[viewid]1</onright>
						<onright condition="!Control.IsVisible($PARAM[viewid]1)+Control.IsVisible(15000)">15000</onright>
						<onright condition="!Control.IsVisible($PARAM[viewid]1)+!Control.IsVisible(15000)">732</onright>
						<onup>$PARAM[viewid]</onup>
						<ondown>$PARAM[viewid]</ondown>
						<viewtype label="Banner">list</viewtype>
						<pagecontrol>$PARAM[viewid]1</pagecontrol>
						<focusposition>2</focusposition>
						<preloaditems>2</preloaditems>
						<movement>2</movement>
						<wraparound>true</wraparound>
						<scrolltime tween="Quadratic" easing="out">300</scrolltime>
						<visible>[Container.Content(Sets)|Container.Content(Movies)|Container.Content(TVShows)|Container.Content(Seasons)|Container.Content(Episodes)|Window.IsVisible(VideoPlaylist)]</visible>
						<visible>!String.StartsWith(Container.FolderPath,plugin://)+!Container.Content(Addons)</visible>
						<itemlayout width="840" height="90">
							<control type="group">
								<top>15</top>
								<control type="label">
									<left>60</left>
									<width>825</width>
									<label>$VAR[OriginalTitle]</label>
									<shadowcolor>black</shadowcolor>
								</control>
								<control type="label">
									<left>60</left>
									<top>34</top>
									<width>825</width>
									<label>$VAR[EpisodeSubTitleVar]</label>
									<textcolor>grey</textcolor>
									<shadowcolor>black</shadowcolor>
								</control>
								<control type="group">
									<left>195</left>
									<control type="image">
										<left>832</left>
										<top>12</top>
										<width>60</width>
										<height>39</height>
										<aspectratio align="right">keep</aspectratio>
										<texture background="true">$VAR[ListFlag]</texture>
										<visible>Window.IsVisible(Videos) + [Container.Content(Movies)|Container.Content(Episodes)|Container.Content(MusicVideos)]</visible>
									</control>
								</control>
								<control type="image">
									<left>22</left>
									<top>8</top>
									<width>38</width>
									<height>30</height>
									<texture background="true">$INFO[ListItem.Overlay]</texture>
									<visible>!ListItem.IsResumable</visible>
								</control>
								<control type="image">
									<left>22</left>
									<top>8</top>
									<width>30</width>
									<height>30</height>
									<texture background="true">OverlayWatching.png</texture>
									<visible>ListItem.IsResumable</visible>
								</control>
							</control>
						</itemlayout>
						<focusedlayout condition="![Container.Content(TVShows)|Container.Content(Seasons)|Container.Content(Episodes)]" width="840" height="390">
							<control type="group">
								<include>focuseffect</include>
								<top>24</top>
								<control type="image">
									<left>0</left>
									<top>-30</top>
									<width>1118</width>
									<height>423</height>
									<texture background="true" border="30">InlayDark.png</texture>
								</control>
								<control type="image">
									<left>32</left>
									<top>81</top>
									<width>1054</width>
									<height>195</height>
									<aspectratio>keep</aspectratio>
									<texture>$INFO[ListItem.Icon]</texture>
									<visible>ListItem.IsParentFolder</visible>
								</control>
								<control type="group">
									<left>15</left>
									<top>-8</top>
									<visible>!ListItem.IsParentFolder</visible>
									<control type="group" id="5">
										<left>3</left>
										<top>24</top>
										<control type="group">
											<left>30</left>
											<top>0</top>
											<visible>!Skin.HasSetting(hideMovieCases)</visible>
											<control type="image">
												<description>case by resolution</description>
												<left>22</left>
												<top>4</top>
												<width>200</width>
												<height>327</height>
												<texture background="true" diffuse="clear-cases/clearcase_inlay.png" fallback="FallbackCover.png">$VAR[PosterThumb]</texture>
												<aspectratio align="center" aligny="center">stretch</aspectratio>
											</control>
											<control type="image">
												<description>case by resolution</description>
												<left>0</left>
												<top>0</top>
												<width>225</width>
												<height>333</height>
												<texture background="true" fallback="clear-cases/fallback.png">$VAR[clearcase]</texture>
												<aspectratio align="left" aligny="top">stretch</aspectratio>
											</control>
											<control type="group">
												<left>24</left>
												<top>4</top>
												<include>WatchedIcon_Focus_Small</include>
											</control>
											<control type="group">
												<left>24</left>
												<top>4</top>
												<include>Amazon_Flagg_Small_Focus</include>
											</control>
										</control>
										<control type="group">
											<visible>Skin.HasSetting(hideMovieCases)</visible>
											<control type="image" id="5">
												<left>32</left>
												<top>0</top>
												<width>225</width>
												<height>333</height>
												<texture background="true" fallback="FallbackCover.png">$VAR[PosterThumb]</texture>
												<aspectratio align="center" aligny="center">stretch</aspectratio>
												<bordertexture border="2">buttons/ButtonNF.png</bordertexture>
												<bordersize>4</bordersize>
												<visible>!Container.Content(Episodes)|String.IsEmpty(ListItem.Art(tvshow.poster))</visible>
											</control>
											<control type="group">
												<left>38</left>
												<top>6</top>
												<include>WatchedIcon_Focus_Small</include>
											</control>
											<control type="group">
												<left>38</left>
												<top>6</top>
												<include>Amazon_Flagg_Small_Focus</include>
											</control>
										</control>
									</control>
									<control type="label">
										<left>270</left>
										<top>30</top>
										<width>780</width>
										<textcolor>white</textcolor>
										<align>left</align>
										<label>$VAR[OriginalTitle]</label>
									</control>
									<control type="label">
										<left>270</left>
										<top>62</top>
										<width>780</width>
										<align>left</align>
										<font>font16</font>
										<textcolor>grey</textcolor>
										<label>$VAR[EpisodeSubTitleVar]</label>
										<!-- <visible>ListItem.IsCollection</visible> -->
									</control>
									<!-- <control type="label">
										<left>270</left>
										<top>62</top>
										<width>780</width>
										<align>left</align>
										<font>font16</font>
										<textcolor>grey</textcolor>
										<label>$VAR[EpisodeSubTitleVar]$INFO[ListItem.Votes, • $LOCALIZE[205] ,]</label>
										<visible>!ListItem.IsCollection</visible>
									</control> -->
									<control type="image">
										<description>Rated</description>
										<left>270</left>
										<top>102</top>
										<width>780</width>
										<height>3</height>
										<colordiffuse>fanartdiffuse</colordiffuse>
										<texture border="1" background="true">Separator1.png</texture>
									</control>
									<control type="textbox">
										<left>270</left>
										<top>112</top>
										<width>780</width>
										<height>207</height>
										<include condition="!Skin.HasSetting(BigPlotText)">PlotText16Var</include>
										<include condition="Skin.HasSetting(BigPlotText)">PlotTextBigVar</include>
										<label fallback="195">$INFO[ListItem.Plot]</label>
										<visible>!String.IsEmpty(ListItem.Plot)</visible>
									</control>
									<control type="label">
										<left>270</left>
										<top>188</top>
										<width>780</width>
										<height>30</height>
										<align>center</align>
										<font>menufontimpacted</font>
										<textcolor>grey1</textcolor>
										<label>20457</label>
										<visible>ListItem.IsCollection+String.IsEmpty(ListItem.Plot)</visible>
									</control>
									<control type="image">
										<description>Rated</description>
										<left>264</left>
										<top>327</top>
										<width>150</width>
										<height>33</height>
										<aspectratio align="left">stretch</aspectratio>
										<texture background="true" fallback="leftratingvideo/0.0.png">$INFO[ListItem.Rating,leftratingvideo/,.png]</texture>
										<visible>!ListItem.IsCollection</visible>
									</control>
									<control type="image">
										<left>420</left>
										<top>330</top>
										<width>42</width>
										<height>26</height>
										<aspectratio align="left" aligny="bottom">keep</aspectratio>
										<texture background="true">$VAR[ListFlag]</texture>
										<visible>Window.IsVisible(Videos) + [Container.Content(Movies)|Container.Content(Episodes)|Container.Content(MusicVideos)]</visible>
										<animation effect="slide" end="-150,0" time="0" condition="ListItem.IsCollection">Conditional</animation>
									</control>
									<control type="image">
										<include>openclosevisible</include>
										<left>900</left>
										<top>327</top>
										<width>150</width>
										<height>33</height>
										<aspectratio align="right" aligny="bottom">keep</aspectratio>
										<texture background="true">$VAR[Furniture_VideoRating]</texture>
										<!-- <visible>Skin.HasSetting(fsk_original)|Skin.HasSetting(fsk_dual)</visible> -->
									</control>
								</control>
							</control>
						</focusedlayout>
						<focusedlayout condition="Container.Content(TVShows)|Container.Content(Seasons)" width="840" height="390">
							<control type="group">
								<include>focuseffect</include>
								<top>24</top>
								<animation effect="zoom" start="94" end="100" center="auto" time="250" condition="Skin.HasSetting(animation)+!Skin.HasSetting(no_wall_animation)">Focus</animation>
								<control type="image">
									<left>0</left>
									<top>-30</top>
									<width>1118</width>
									<height>423</height>
									<texture background="true" border="30">InlayDark.png</texture>
								</control>
								<control type="image" id="70">
									<left>32</left>
									<top>3</top>
									<width>1054</width>
									<height>195</height>
									<aspectratio>scale</aspectratio>
									<texture border="10" background="true" diffuse="ShadowWhiteFlipy.png" fallback="FallbackBanner2.png">$VAR[BannerVAR]</texture>
									<visible>!ListItem.IsParentFolder</visible>
								</control>
								<control type="image">
									<left>32</left>
									<top>81</top>
									<width>1054</width>
									<height>195</height>
									<aspectratio>keep</aspectratio>
									<texture>$INFO[ListItem.Icon]</texture>
									<visible>ListItem.IsParentFolder</visible>
								</control>
								<control type="group">
									<left>33</left>
									<top>3</top>
									<include>WatchedIcon_Focus_Small</include>
								</control>
								<control type="group">
									<left>33</left>
									<top>3</top>
									<include>Amazon_Flagg_Small_Focus</include>
								</control>
								<control type="group">
									<left>998</left>
									<top>0</top>
									<include>UnwatchedIcon</include>
								</control>
								<control type="group">
									<left>45</left>
									<top>105</top>
									<visible>!ListItem.IsParentFolder</visible>
									<control type="label">
										<left>6</left>
										<top>24</top>
										<width>780</width>
										<textcolor>white</textcolor>
										<align>left</align>
										<label>$VAR[OriginalTitle]</label>
										<animation effect="slide" end="0,27" time="0" condition="Container.Content(seasons)">Conditional</animation>
									</control>
									<control type="label">
										<left>6</left>
										<top>54</top>
										<width>780</width>
										<align>left</align>
										<font>font16</font>
										<textcolor>grey</textcolor>
										<label>$VAR[EpisodeSubTitleVar]$INFO[ListItem.Votes, • $LOCALIZE[205] ,]</label>
										<visible>!Container.Content(Seasons)</visible>
									</control>
									<control type="image">
										<description>Rated</description>
										<left>6</left>
										<top>93</top>
										<width>1012</width>
										<height>3</height>
										<colordiffuse>fanartdiffuse</colordiffuse>
										<texture border="1" background="true">Separator1.png</texture>
									</control>
									<control type="textbox">
										<left>6</left>
										<top>102</top>
										<width>1012</width>
										<height>147</height>
										<include condition="!Skin.HasSetting(BigPlotText)">PlotText16Var</include>
										<include condition="Skin.HasSetting(BigPlotText)">PlotTextBigVar</include>
										<label fallback="195">$INFO[ListItem.Plot]</label>
									</control>
									<control type="image">
										<description>Rated</description>
										<left>873</left>
										<top>56</top>
										<width>150</width>
										<height>33</height>
										<aspectratio align="left">stretch</aspectratio>
										<texture background="true" fallback="leftratingvideo/0.0.png">$INFO[ListItem.Rating,leftratingvideo/,.png]</texture>
										<visible>!Container.Content(seasons)</visible>
									</control>
								</control>
								<control type="image">
									<animation effect="slide" end="0,33" time="0" condition="Container.Content(seasons)">Conditional</animation>
									<include>openclosevisible</include>
									<left>915</left>
									<top>122</top>
									<width>150</width>
									<height>33</height>
									<aspectratio align="right" aligny="bottom">keep</aspectratio>
									<texture background="true">$VAR[Furniture_VideoRating]</texture>
									<!-- <visible>Skin.HasSetting(fsk_original)|Skin.HasSetting(fsk_dual)</visible> -->
								</control>
							</control>
						</focusedlayout>
						<focusedlayout condition="Container.Content(Episodes)" width="840" height="390">
							<control type="group">
								<include>focuseffect</include>
								<top>24</top>
								<animation effect="zoom" start="94" end="100" center="auto" time="250" condition="Skin.HasSetting(animation)+!Skin.HasSetting(no_wall_animation)">Focus</animation>
								<control type="image">
									<left>0</left>
									<top>-30</top>
									<width>1118</width>
									<height>423</height>
									<texture background="true" border="30">InlayDark.png</texture>
								</control>
								<control type="image">
									<left>32</left>
									<top>81</top>
									<width>1054</width>
									<height>195</height>
									<aspectratio>keep</aspectratio>
									<texture>$INFO[ListItem.Icon]</texture>
									<visible>ListItem.IsParentFolder</visible>
								</control>
								<control type="image">
									<left>388</left>
									<top>3</top>
									<width>698</width>
									<height>357</height>
									<colordiffuse>grey</colordiffuse>
									<texture background="true" diffuse="SideFadeWhite_round.png">$INFO[ListItem.Art(thumb)]</texture>
									<aspectratio align="right" aligny="top">keep</aspectratio>
								</control>
								<control type="group">
									<left>45</left>
									<top>15</top>
									<visible>!ListItem.IsParentFolder</visible>
									<control type="group">
										<animation effect="slide" end="84" time="0" condition="ListItem.IsResumable|String.IsEqual(ListItem.Overlay,OverlayWatched.png)|!Skin.HasSetting(HideOverlayIconNew)">Conditional</animation>
										<control type="label">
											<left>6</left>
											<top>0</top>
											<width>1017</width>
											<textcolor>grey</textcolor>
											<align>left</align>
											<shadowcolor>black</shadowcolor>
											<label>$INFO[ListItem.TVShowTitle] $INFO[ListItem.Season,,x]$INFO[ListItem.Episode]</label>
										</control>
										<control type="label">
											<left>6</left>
											<top>33</top>
											<width>1017</width>
											<textcolor>white</textcolor>
											<align>left</align>
											<shadowcolor>black</shadowcolor>
											<label>$VAR[OriginalTitle]</label>
											<animation effect="slide" end="0,27" time="0" condition="Container.Content(seasons)">Conditional</animation>
										</control>
										<control type="label">
											<left>6</left>
											<top>63</top>
											<width>1017</width>
											<align>left</align>
											<font>font16</font>
											<shadowcolor>black</shadowcolor>
											<textcolor>grey</textcolor>
											<label>$VAR[EpisodeSubTitleVar]$INFO[ListItem.Votes, • $LOCALIZE[205] ,]</label>
										</control>
									</control>
									<control type="image">
										<left>6</left>
										<top>105</top>
										<width>1017</width>
										<height>3</height>
										<colordiffuse>fanartdiffuse</colordiffuse>
										<texture border="1" background="true">Separator1.png</texture>
									</control>
									<control type="textbox">
										<left>6</left>
										<top>114</top>
										<width>1017</width>
										<height>218</height>
										<include condition="!Skin.HasSetting(BigPlotText)">PlotText16Var</include>
										<include condition="Skin.HasSetting(BigPlotText)">PlotTextBigVar</include>
										<shadowcolor>black</shadowcolor>
										<label fallback="195">$INFO[ListItem.Plot]</label>
									</control>
									<control type="image">
										<description>Rated</description>
										<left>873</left>
										<top>63</top>
										<width>150</width>
										<height>33</height>
										<aspectratio align="left">stretch</aspectratio>
										<texture background="true" fallback="leftratingvideo/0.0.png">$INFO[ListItem.Rating,leftratingvideo/,.png]</texture>
										<visible>!Container.Content(seasons)</visible>
									</control>
									<control type="image">
										<left>825</left>
										<top>66</top>
										<width>42</width>
										<height>26</height>
										<aspectratio align="left" aligny="bottom">stretch</aspectratio>
										<texture background="true">$INFO[ListItem.VideoResolution,flagging/lists/,.png]</texture>
										<visible>Window.IsVisible(Videos) + [Container.Content(Movies)|Container.Content(Episodes)|Container.Content(MusicVideos)]</visible>
										<visible>!ListItem.IsStereoscopic</visible>
									</control>
								</control>
								<control type="image">
									<left>908</left>
									<top>38</top>
									<width>150</width>
									<height>33</height>
									<aspectratio align="right" aligny="bottom">keep</aspectratio>
									<texture background="true">$VAR[Furniture_VideoRating]</texture>
									<!-- <visible>Skin.HasSetting(fsk_original)|Skin.HasSetting(fsk_dual)</visible> -->
								</control>
								<control type="group">
									<left>33</left>
									<top>3</top>
									<include>WatchedIcon_Focus_Small</include>
								</control>
								<control type="group">
									<left>33</left>
									<top>3</top>
									<include>Amazon_Flagg_Small_Focus</include>
								</control>
							</control>
						</focusedlayout>
					</control>
					<control type="group">
						<left>315</left>
						<top>88</top>
						<control type="image">
							<left>0</left>
							<top>0</top>
							<width>1275</width>
							<height>18</height>
							<colordiffuse>dustdiffuse</colordiffuse>
							<texture background="true" diffuse="Separator2.png">Shadow.png</texture>
						</control>
						<control type="image">
							<left>0</left>
							<top>15</top>
							<width>1275</width>
							<height>1</height>
							<colordiffuse>dustdiffuse</colordiffuse>
							<texture background="true">Separator2.png</texture>
						</control>
						<control type="group">
							<left>0</left>
							<top>872</top>
							<control type="image">
								<left>0</left>
								<top>0</top>
								<width>1275</width>
								<height>21</height>
								<colordiffuse>dustdiffuse</colordiffuse>
								<texture flipx="true" background="true" diffuse="Separator2.png">Shadow.png</texture>
							</control>
							<control type="image">
								<left>0</left>
								<top>9</top>
								<width>1275</width>
								<height>1</height>
								<colordiffuse>dustdiffuse</colordiffuse>
								<texture background="true">Separator2.png</texture>
							</control>
						</control>
					</control>
					<include content="DefaultScrollbar">
						<param name="id" value="$PARAM[viewid]1" />
						<param name="left" value="1520" />
						<param name="top" value="155" />
						<param name="height" value="764" />
						<param name="onleft" value="$PARAM[viewid]" />
					</include>
				</control>
				<control type="group">
					<include>openclosevisible</include>
					<visible>Control.IsVisible($PARAM[viewid])+!Control.HasFocus(666)</visible>
					<control type="group">
						<left>1461</left>
						<top>186</top>
						<control type="image">
							<include>openclosevisible</include>
							<left>141</left>
							<top>532</top>
							<width>315</width>
							<height>172</height>
							<texture background="true">Black.png</texture>
							<visible>!String.IsEmpty(ListItem.Art(fanart))</visible>
						</control>
						<control type="image" id="1100">
							<include>openclosevisible</include>
							<left>141</left>
							<top>537</top>
							<width>304</width>
							<height>164</height>
							<aspectratio align="left" aligny="bottom">scale</aspectratio>
							<texture background="true">$INFO[ListItem.Art(fanart)]</texture>
							<visible>!String.IsEmpty(ListItem.Art(fanart))</visible>
						</control>
						<control type="image">
							<include>openclosevisible</include>
							<left>135</left>
							<top>0</top>
							<width>315</width>
							<height>170</height>
							<texture background="true">Black.png</texture>
							<visible>!String.IsEmpty(ListItem.Studio)</visible>
						</control>
						<control type="image" id="9898">
							<include>openclosevisible</include>
							<left>141</left>
							<top>6</top>
							<width>303</width>
							<height>162</height>
							<aspectratio>keep</aspectratio>
							<texture background="true" fallback="Horizonzv.png">$VAR[MovieStudioLogoVar]$INFO[ListItem.Studio,,.png]</texture>
							<visible>!String.IsEmpty(ListItem.Studio)</visible>
						</control>
					</control>
					<control type="group">
						<top>292</top>
						<left>3</left>
						<control type="image">
							<include>openclosevisible</include>
							<left>0</left>
							<top>68</top>
							<width>318</width>
							<height>172</height>
							<texture background="true">Black.png</texture>
							<visible>!String.IsEmpty(Control.GetLabel(3203))</visible>
						</control>
						<control type="image" id="3203">
							<include>openclosevisible</include>
							<left>12</left>
							<top>76</top>
							<width>302</width>
							<height>160</height>
							<aspectratio align="center" aligny="bottom">keep</aspectratio>
							<texture background="true">$VAR[extraart_listitem_rule]</texture>
							<visible>!String.IsEmpty(Control.GetLabel(3203))</visible>
							<visible>Skin.HasSetting(EnableExtendedArt)</visible>
						</control>
					</control>
				</control>
				<control type="group">
					<include>opencloseslideup</include>
					<visible>Control.IsVisible($PARAM[viewid])+!Control.HasFocus(666)</visible>
					<visible>!ListItem.IsParentFolder+!Container.Content(tvshows)+!Container.Content(seasons)</visible>
					<control type="group">
						<left>0</left>
						<top>1005</top>
						<control type="image">
							<left>-15</left>
							<top>-15</top>
							<width>1950</width>
							<height>15</height>
							<colordiffuse>fanartdiffuse</colordiffuse>
							<texture background="true">Shadow.png</texture>
						</control>
						<control type="image">
							<left>-15</left>
							<top>0</top>
							<width>1950</width>
							<height>112</height>
							<texture background="true">BlackBack.png</texture>
						</control>
						<control type="image">
							<left>0</left>
							<top>0</top>
							<width>1920</width>
							<height>1</height>
							<texture background="true">Separator2.png</texture>
						</control>
					</control>
					<control type="grouplist">
						<!-- Movie Flagging -->
						<visible>!ListItem.IsParentFolder</visible>
						<left>10</left>
						<top>1025</top>
						<width>1900</width>
						<height>120</height>
						<itemgap>12</itemgap>
						<align>center</align>
						<orientation>horizontal</orientation>
						<include>FlagVideo</include>
						<include>FlagVideoAudioStream1</include>
						<include>FlagVideoAudioStream2</include>
						<include>FlagVideoSubtitles</include>
					</control>
				</control>
				<control type="group">
					<animation effect="slide" end="0,14" condition="Player.HasMedia">Conditional</animation>
					<include content="TMDbhelper_Provider_Icon">
						<param name="align" value="center"/>
						<param name="left" value="315"/>
						<param name="top" value="42"/>
						<param name="width" value="1275"/>
						<param name="box" value="40"/>
						<param name="orientation" value="horizontal"/>
						<param name="id" value="$PARAM[viewid]"/>
					</include>
				</control>
				<include content="AlphaBarV" condition="!Skin.HasSetting(HideJumpSMSBar)"><param name="id" value="$PARAM[viewid]"/></include>
			</control>
		</definition>
    </include>
</includes>
