<?xml version="1.0" encoding="UTF-8"?>
<includes>
    <include name="LiveTVChannelViewLayout">
        <itemlayout height="112" width="870" condition="!Control.IsVisible(14)">
            <control type="image">
                <left>0</left>
                <top>0</top>
                <width>825</width>
                <height>105</height>
                <colordiffuse>menudiffuse</colordiffuse>
                <texture border="4">buttons/ButtonNFhalf_round.png</texture>
                <visible>ListItem.IsRecording</visible>
            </control>
            <control type="group">
                <left>0</left>
                <top>8</top>
                <control type="label">
                    <left>0</left>
                    <top>15</top>
                    <width>60</width>
                    <height>52</height>
                    <align>right</align>
                    <aligny>center</aligny>
                    <textcolor>white</textcolor>
                    <info>ListItem.ChannelNumberLabel</info>
                </control>
                <control type="label">
                    <left>195</left>
                    <top>0</top>
                    <width>615</width>
                    <height>38</height>
                    <align>left</align>
                    <aligny>center</aligny>
                    <textcolor>grey1</textcolor>
                    <label>$INFO[ListItem.Label]</label>
                    <font>ubuntu-r16b</font>
                </control>
                <control type="label">
                    <left>195</left>
                    <top>38</top>
                    <width>615</width>
                    <height>30</height>
                    <textcolor>white</textcolor>
                    <align>left</align>
                    <aligny>center</aligny>
                    <label>$INFO[ListItem.Title]</label>
                    <font>ubuntu-r21b</font>
                </control>
                <control type="progress">
                    <description>Progressbar</description>
                    <left>195</left>
                    <top>75</top>
                    <width>615</width>
                    <height>9</height>
                    <info>ListItem.Progress</info>
                    <visible>ListItem.HasEpg</visible>
                </control>
                <control type="image">
                    <left>90</left>
                    <top>6</top>
                    <width>75</width>
                    <height>75</height>
                    <texture fallback="icons/TVShowsIcon.png">$INFO[ListItem.Icon]</texture>
                    <aspectratio>keep</aspectratio>
                    <visible>!Window.IsVisible(radiochannels)</visible>
                </control>
                <control type="image">
                    <left>90</left>
                    <top>6</top>
                    <width>75</width>
                    <height>75</height>
                    <texture fallback="FallbackRadio.png">$INFO[ListItem.Icon]</texture>
                    <aspectratio>keep</aspectratio>
                    <visible>Window.IsVisible(radiochannels)</visible>
                </control>
                <control type="image">
                    <left>788</left>
                    <top>0</top>
                    <width>27</width>
                    <height>27</height>
                    <texture>PVR-IsRecording.png</texture>
                    <visible>ListItem.IsRecording</visible>
                </control>
            </control>
        </itemlayout>
        <focusedlayout height="112" width="870" condition="!Control.IsVisible(14)">
            <control type="group">
                <include>focuseffect</include>
                <control type="image">
                    <left>0</left>
                    <top>0</top>
                    <width>825</width>
                    <height>105</height>
                    <texture diffuse="masks/banner_mask.png">Black.png</texture>
                    <visible>Control.HasFocus(15)|Control.HasFocus(9)</visible>
                </control>
                <control type="image">
                    <left>0</left>
                    <top>0</top>
                    <width>825</width>
                    <height>105</height>
                    <colordiffuse>reddiffuse</colordiffuse>
                    <texture diffuse="masks/banner_mask.png">WhiteBack.png</texture>
                    <visible>Control.HasFocus(15)|Control.HasFocus(9)</visible>
                </control>
                <control type="image">
                    <left>0</left>
                    <top>0</top>
                    <width>825</width>
                    <height>105</height>
                    <colordiffuse>grey</colordiffuse>
                    <texture border="4">masks/Default.png</texture>
                </control>
                <control type="group">
                    <left>0</left>
                    <top>8</top>
                    <control type="label">
                        <left>0</left>
                        <top>15</top>
                        <width>60</width>
                        <height>52</height>
                        <align>right</align>
                        <aligny>center</aligny>
                        <info>ListItem.ChannelNumberLabel</info>
                    </control>
                    <control type="label">
                        <left>195</left>
                        <top>0</top>
                        <width>615</width>
                        <height>38</height>
                        <align>left</align>
                        <aligny>center</aligny>
                        <textcolor>grey1</textcolor>
                        <label>$INFO[ListItem.Label]</label>
                        <font>ubuntu-r16b</font>
                    </control>
                    <control type="label">
                        <left>195</left>
                        <top>38</top>
                        <width>615</width>
                        <height>30</height>
                        <textcolor>white</textcolor>
                        <selectedcolor>white</selectedcolor>
                        <align>left</align>
                        <aligny>center</aligny>
                        <label>$INFO[ListItem.Title]</label>
                        <font>ubuntu-r21b</font>
                    </control>
                    <control type="progress">
                        <description>Progressbar</description>
                        <left>195</left>
                        <top>75</top>
                        <width>615</width>
                        <height>9</height>
                        <visible>ListItem.HasEpg</visible>
                        <info>ListItem.Progress</info>
                    </control>
                    <control type="image">
                        <left>90</left>
                        <top>6</top>
                        <width>75</width>
                        <height>75</height>
                        <texture fallback="icons/TVShowsIcon.png">$INFO[ListItem.Icon]</texture>
                        <aspectratio>keep</aspectratio>
                        <visible>!Window.IsVisible(radiochannels)</visible>
                    </control>
                    <control type="image">
                        <left>90</left>
                        <top>6</top>
                        <width>75</width>
                        <height>75</height>
                        <texture fallback="FallbackRadio.png">$INFO[ListItem.Icon]</texture>
                        <aspectratio>keep</aspectratio>
                        <visible>Window.IsVisible(radiochannels)</visible>
                    </control>
                    <control type="image">
                        <left>788</left>
                        <top>0</top>
                        <width>27</width>
                        <height>27</height>
                        <texture>PVR-IsRecording.png</texture>
                        <visible>ListItem.IsRecording</visible>
                    </control>
                </control>
            </control>
        </focusedlayout>
        <itemlayout height="140" width="140" condition="Control.IsVisible(14)">
            <control type="image">
                <left>6</left>
                <top>6</top>
                <width>128</width>
                <height>128</height>
                <texture border="4">BlackBack.png</texture>
            </control>
            <control type="image">
                <left>6</left>
                <top>6</top>
                <width>128</width>
                <height>128</height>
                <colordiffuse>grey</colordiffuse>
                <texture fallback="icons/TVShowsIcon.png">$INFO[ListItem.Icon]</texture>
                <aspectratio>keep</aspectratio>
                <visible>!Window.IsVisible(radiochannels)</visible>
            </control>
            <control type="image">
                <left>6</left>
                <top>6</top>
                <width>128</width>
                <height>128</height>
                <colordiffuse>grey</colordiffuse>
                <texture fallback="FallbackRadio.png">$INFO[ListItem.Icon]</texture>
                <aspectratio>keep</aspectratio>
                <visible>Window.IsVisible(radiochannels)</visible>
            </control>
            <control type="image">
                <left>6</left>
                <top>6</top>
                <width>128</width>
                <height>128</height>
                <colordiffuse>fanartdiffuse</colordiffuse>
                <texture border="4">masks/Default_sharp.png</texture>
            </control>
            <control type="image">
                <left>104</left>
                <top>9</top>
                <width>27</width>
                <height>27</height>
                <texture>PVR-IsRecording.png</texture>
                <visible>ListItem.IsRecording</visible>
            </control>
        </itemlayout>
        <focusedlayout height="140" width="140" condition="Control.IsVisible(14)">
            <control type="group">
                <include>focuseffect</include>
                <control type="image">
                    <left>3</left>
                    <top>3</top>
                    <width>135</width>
                    <height>135</height>
                    <texture border="4">White.png</texture>
                </control>
                <control type="image">
                    <left>3</left>
                    <top>3</top>
                    <width>135</width>
                    <height>135</height>
                    <texture fallback="icons/TVShowsIcon.png">$INFO[ListItem.Icon]</texture>
                    <aspectratio>keep</aspectratio>
                    <visible>!Window.IsVisible(radiochannels)</visible>
                </control>
                <control type="image">
                    <left>3</left>
                    <top>3</top>
                    <width>135</width>
                    <height>135</height>
                    <texture fallback="FallbackRadio.png">$INFO[ListItem.Icon]</texture>
                    <aspectratio>keep</aspectratio>
                    <visible>Window.IsVisible(radiochannels)</visible>
                </control>
                <control type="image">
                    <left>3</left>
                    <top>3</top>
                    <width>135</width>
                    <height>135</height>
                    <colordiffuse>fanartdiffuse</colordiffuse>
                    <texture border="4">masks/Default_sharp.png</texture>
                </control>
                <control type="image">
                    <left>110</left>
                    <top>3</top>
                    <width>27</width>
                    <height>27</height>
                    <texture>PVR-IsRecording.png</texture>
                    <visible>ListItem.IsRecording</visible>
                </control>
            </control>
        </focusedlayout>
    </include>
    <include name="LiveTVChannelView_List">
        <control type="group">
            <!-- TV Channels group -->
            <description>TV Channels group</description>
            <visible>Control.IsVisible(15)</visible>
            <include>openclose</include>
            <include>opencloseslideup</include>
            <control type="group">
                <left>-15</left>
                <top>315</top>
                <control type="image">
                    <left>0</left>
                    <top>0</top>
                    <width>1950</width>
                    <height>780</height>
                    <colordiffuse>menudiffuse</colordiffuse>
                    <texture border="2">BlackBack.png</texture>
                </control>
                <control type="image">
                    <left>0</left>
                    <top>0</top>
                    <width>1950</width>
                    <height>1</height>
                    <texture>Separator2.png</texture>
                </control>
            </control>
            <control type="list" id="15">
                <left>75</left>
                <top>360</top>
                <width>870</width>
                <height>675</height>
                <onleft>9000</onleft>
                <onright>15</onright>
                <onup>15</onup>
                <ondown>15</ondown>
                <viewtype label="535">list</viewtype>
                <pagecontrol>70</pagecontrol>
                <scrolltime>200</scrolltime>
                <orientation>vertical</orientation>
                <include>LiveTVChannelViewLayout</include>
            </control>
            <control type="group">
                <left>975</left>
                <top>390</top>
                <control type="image">
                    <left>0</left>
                    <top>34</top>
                    <width>900</width>
                    <height>1</height>
                    <colordiffuse>grey1</colordiffuse>
                    <texture>Separator2.png</texture>
                </control>
                <control type="label">
                    <left>0</left>
                    <top>0</top>
                    <width>900</width>
                    <height>30</height>
                    <font>ubuntu-r19b</font>
                    <textcolor>description</textcolor>
                    <shadowcolor/>
                    <scroll>true</scroll>
                    <align>center</align>
                    <aligny>center</aligny>
                    <label>[B]$INFO[Container(15).ListItem.Title][/B]</label>
                </control>
                <control type="label">
                    <left>0</left>
                    <top>30</top>
                    <width>900</width>
                    <height>45</height>
                    <align>center</align>
                    <aligny>center</aligny>
                    <font>ubuntu-r16b</font>
                    <textcolor>description</textcolor>
                    <visible>Container(15).ListItem.HasEpg</visible>
                    <label>$INFO[Container(15).ListItem.StartTime]$INFO[Container(15).ListItem.EndTime, - ,]</label>
                </control>
                <control type="textbox">
                    <description>Plot Value for TVShow</description>
                    <left>0</left>
                    <top>98</top>
                    <width>900</width>
                    <height>495</height>
                    <align>justify</align>
                    <textcolor>white</textcolor>
                    <shadowcolor>black</shadowcolor>
                    <pagecontrol/>
                    <include condition="!Skin.HasSetting(BigPlotText)">PlotText16Var</include>
                    <include condition="Skin.HasSetting(BigPlotText)">PlotTextBigVar</include>
                    <label>$INFO[Container(15).ListItem.Plot]</label>
                </control>
            </control>
        </control>
    </include>
    <include name="LiveTVChannelView_Panel">
        <control type="group">
            <!-- TV Channels group -->
            <description>TV Channels group</description>
            <visible>Control.IsVisible(9)</visible>
            <include>openclose</include>
            <include>opencloseslideup</include>
            <control type="group">
                <left>-15</left>
                <top>315</top>
                <control type="image">
                    <left>0</left>
                    <top>0</top>
                    <width>1950</width>
                    <height>780</height>
                    <colordiffuse>menudiffuse</colordiffuse>
                    <texture border="2">BlackBack.png</texture>
                </control>
                <control type="image">
                    <left>0</left>
                    <top>0</top>
                    <width>1950</width>
                    <height>1</height>
                    <texture>Separator2.png</texture>
                </control>
            </control>
            <control type="panel" id="9">
                <left>112</left>
                <top>336</top>
                <width>1740</width>
                <height>720</height>
                <onleft>9000</onleft>
                <onright>9</onright>
                <onup>9</onup>
                <ondown>9</ondown>
                <viewtype label="panel">panel</viewtype>
                <pagecontrol>70</pagecontrol>
                <scrolltime>200</scrolltime>
                <orientation>horizontal</orientation>
                <include>LiveTVChannelViewLayout</include>
            </control>
            <control type="group">
                <top>30</top>
                <control type="group">
                    <visible>Container(9).HasNext</visible>
                    <include>openclosevisible</include>
                    <control type="image">
                        <left>60r</left>
                        <top>555</top>
                        <width>1</width>
                        <height>180</height>
                        <colordiffuse>menudiffuse</colordiffuse>
                        <texture>Separator3.png</texture>
                    </control>
                    <control type="image">
                        <left>50r</left>
                        <top>618</top>
                        <width>30</width>
                        <height>45</height>
                        <colordiffuse>menudiffuse</colordiffuse>
                        <texture flipx="true">ArrowBig.png</texture>
                    </control>
                </control>
                <control type="group">
                    <visible>Container(9).HasPrevious</visible>
                    <include>openclosevisible</include>
                    <control type="image">
                        <left>60</left>
                        <top>555</top>
                        <width>1</width>
                        <height>180</height>
                        <colordiffuse>menudiffuse</colordiffuse>
                        <texture>Separator3.png</texture>
                    </control>
                    <control type="image">
                        <left>21</left>
                        <top>618</top>
                        <width>30</width>
                        <height>45</height>
                        <colordiffuse>menudiffuse</colordiffuse>
                        <texture>ArrowBig.png</texture>
                    </control>
                </control>
            </control>
        </control>
    </include>
    <include name="LiveTVChannelView_Icons">
        <control type="group">
            <!-- TV Channels group -->
            <description>TV Channels group</description>
            <visible>Control.IsVisible(14)</visible>
            <include>openclose</include>
            <include>opencloseslideup</include>
            <control type="group">
                <left>-15</left>
                <top>315</top>
                <control type="image">
                    <left>0</left>
                    <top>0</top>
                    <width>1950</width>
                    <height>780</height>
                    <colordiffuse>menudiffuse</colordiffuse>
                    <texture border="2">BlackBack.png</texture>
                </control>
                <control type="image">
                    <left>0</left>
                    <top>0</top>
                    <width>1950</width>
                    <height>1</height>
                    <texture>Separator2.png</texture>
                </control>
            </control>
            <control type="panel" id="14">
                <left>112</left>
                <top>336</top>
                <width>981</width>
                <height>698</height>
                <onleft>9000</onleft>
                <onright>14</onright>
                <onup>14</onup>
                <ondown>14</ondown>
                <viewtype label="Icons">panel</viewtype>
                <pagecontrol>70</pagecontrol>
                <scrolltime>200</scrolltime>
                <orientation>horizontal</orientation>
                <include>LiveTVChannelViewLayout</include>
            </control>
            <control type="group">
                <left>1185</left>
                <top>336</top>
                <control type="image">
                    <left>0</left>
                    <top>0</top>
                    <width>630</width>
                    <height>682</height>
                    <texture border="4">osd/ProgressBack.png</texture>
                </control>
                <control type="group">
                    <left>15</left>
                    <top>15</top>
                    <control type="label">
                        <left>0</left>
                        <top>0</top>
                        <width>60</width>
                        <height>52</height>
                        <align>left</align>
                        <aligny>center</aligny>
                        <font>Small</font>
                        <textcolor>white</textcolor>
                        <info>ListItem.ChannelNumberLabel</info>
                    </control>
                    <control type="label">
                        <left>0</left>
                        <top>60</top>
                        <width>600</width>
                        <height>38</height>
                        <align>left</align>
                        <aligny>center</aligny>
                        <font>impacted26</font>
                        <textcolor>grey1</textcolor>
                        <label>$INFO[ListItem.Label]</label>
                        <font>ubuntu-r16b</font>
                    </control>
                    <control type="label">
                        <left>0</left>
                        <top>105</top>
                        <width>600</width>
                        <height>30</height>
                        <textcolor>white</textcolor>
                        <align>left</align>
                        <aligny>center</aligny>
                        <label>$INFO[ListItem.Title]</label>
                        <font>ubuntu-r21b</font>
                    </control>
                    <control type="progress">
                        <description>Progressbar</description>
                        <left>0</left>
                        <top>150</top>
                        <width>600</width>
                        <height>9</height>
                        <visible>ListItem.HasEpg</visible>
                        <info>ListItem.Progress</info>
                    </control>
                    <control type="textbox">
                        <left>0</left>
                        <top>171</top>
                        <width>600</width>
                        <height>480</height>
                        <textcolor>white</textcolor>
                        <align>left</align>
                        <aligny>top</aligny>
                        <include condition="!Skin.HasSetting(BigPlotText)">PlotText16Var</include>
                        <include condition="Skin.HasSetting(BigPlotText)">PlotTextBigVar</include>
                        <label>$INFO[ListItem.Plot]</label>
                    </control>
                </control>
            </control>
            <control type="group">
                <top>30</top>
                <control type="group">
                    <visible>Container(14).HasNext</visible>
                    <include>openclosevisible</include>
                    <control type="image">
                        <left>60r</left>
                        <top>555</top>
                        <width>1</width>
                        <height>180</height>
                        <colordiffuse>menudiffuse</colordiffuse>
                        <texture>Separator3.png</texture>
                    </control>
                    <control type="image">
                        <left>50r</left>
                        <top>618</top>
                        <width>30</width>
                        <height>45</height>
                        <colordiffuse>menudiffuse</colordiffuse>
                        <texture flipx="true">ArrowBig.png</texture>
                    </control>
                </control>
                <control type="group">
                    <visible>Container(14).HasPrevious</visible>
                    <include>openclosevisible</include>
                    <control type="image">
                        <left>60</left>
                        <top>555</top>
                        <width>1</width>
                        <height>180</height>
                        <colordiffuse>menudiffuse</colordiffuse>
                        <texture>Separator3.png</texture>
                    </control>
                    <control type="image">
                        <left>21</left>
                        <top>618</top>
                        <width>30</width>
                        <height>45</height>
                        <colordiffuse>menudiffuse</colordiffuse>
                        <texture>ArrowBig.png</texture>
                    </control>
                </control>
            </control>
        </control>
    </include>
</includes>
