<?xml version="1.0" encoding="UTF-8"?>
<includes>
    <include name="WideIconView">
		<param name="viewid">505</param>
		<definition>
			<control type="group">
				<visible>Control.IsVisible($PARAM[viewid])</visible>
				<include>openclosebox</include>
				<include content="FakeButton444">
					<param name="visible" value="Control.IsVisible($PARAM[viewid])"/>
				</include>
				<include>BlackBack</include>
				<control type="label">
					<animation effect="slide" end="0,10" condition="Player.HasMedia+Control.IsVisible(99950)">Conditional</animation>
					<left>150</left>
					<top>100</top>
					<width>1620</width>
					<height>38</height>
					<align>center</align>
					<font>impacted24</font>
					<label>$INFO[ListItem.Label]</label>
					<visible>Skin.HasSetting(CommonPageCount)</visible>
					<visible>Container.Content(episodes)|Container.Content(movies)|Container.Content(Sets)|Container.Content(artists)</visible>
				</control>
				<control type="panel" id="$PARAM[viewid]">
					<visible>Container.Content(TVShows)|Container.Content(Sets)|Container.Content(Movies)|Container.Content(episodes)|Container.Content(seasons)|Container.Content(Files)|Container.Content(artists)</visible>
					<left>150</left>
					<top>180</top>
					<width>1620</width>
					<height>727</height>
					<onleft>9000</onleft>
					<onright condition="Control.IsVisible($PARAM[viewid]1)">$PARAM[viewid]1</onright>
					<onright condition="!Control.IsVisible($PARAM[viewid]1)+Control.IsVisible(15000)">15000</onright>
					<onright condition="!Control.IsVisible($PARAM[viewid]1)+!Control.IsVisible(15000)">732</onright>
					<onup>$PARAM[viewid]</onup>
					<ondown>$PARAM[viewid]</ondown>
					<viewtype label="$LOCALIZE[539]">list</viewtype>
					<pagecontrol>$PARAM[viewid]1</pagecontrol>
					<scrolltime>200</scrolltime>
					<preloaditems>2</preloaditems>
					<animation effect="slide" end="0,-15" time="150" condition="Skin.HasSetting(CommonPageCount)">Conditional</animation>
					<itemlayout height="104" width="540" condition="Container.Content(TVShows)|Container.Content(Movies)|Container.Content(Sets)|Container.Content(Files)|Container.Content(artists)">
						<control type="image">
							<left>0</left>
							<top>0</top>
							<width>540</width>
							<height>102</height>
							<colordiffuse>grey2</colordiffuse>
							<texture border="5">masks/Default_sharp.png</texture>
							<aspectratio>stretch</aspectratio>
						</control>
						<control type="image">
							<left>8</left>
							<top>8</top>
							<width>525</width>
							<height>87</height>
							<colordiffuse>grey2</colordiffuse>
							<texture border="5">masks/Default_sharp.png</texture>
							<aspectratio>stretch</aspectratio>
							<visible>ListItem.IsParentFolder</visible>
						</control>
						<control type="image">
							<left>8</left>
							<top>8</top>
							<width>525</width>
							<height>87</height>
							<texture>$VAR[PosterThumb]</texture>
							<aspectratio>keep</aspectratio>
							<visible>ListItem.IsParentFolder</visible>
						</control>
						<control type="image">
							<left>8</left>
							<top>8</top>
							<width>525</width>
							<height>87</height>
							<aspectratio>stretch</aspectratio>
							<colordiffuse>$VAR[CoverDim]</colordiffuse>
							<texture background="true" fallback="FallbackBanner2.png">$VAR[BannerVAR]</texture>
							<visible>!ListItem.IsParentFolder</visible>
						</control>
						<control type="label">
							<left>18</left>
							<top>8</top>
							<width>$PARAM[viewid]</width>
							<height>87</height>
							<align>center</align>
							<aligny>center</aligny>
							<font>impacted21</font>
							<textcolor>$VAR[CoverDim]</textcolor>
							<shadowcolor>black</shadowcolor>
							<label>$VAR[OriginalTitle]</label>
							<visible>!ListItem.IsParentFolder</visible>
							<visible>[String.IsEmpty(ListItem.Art(banner))+String.IsEmpty(ListItem.Art(set.banner))+String.IsEmpty(ListItem.Art(tvshow.banner))]|Container.Content(episodes)</visible>
						</control>
						<control type="group">
							<left>8</left>
							<top>8</top>
							<include>Amazon_Flagg_Small</include>
						</control>
						<control type="group">
							<left>8</left>
							<top>8</top>
							<include>WatchedIcon_Small</include>
						</control>
						<control type="group">
							<left>458</left>
							<top>20</top>
							<include>Set_Flagg_Small</include>
						</control>
					</itemlayout>
					<focusedlayout height="104" width="540" condition="Container.Content(TVShows)|Container.Content(Movies)|Container.Content(Sets)|Container.Content(Files)|Container.Content(artists)">
						<control type="group">
							<include>focuseffect</include>
							<control type="image">
								<left>0</left>
								<top>0</top>
								<width>540</width>
								<height>102</height>
								<colordiffuse>red</colordiffuse>
								<texture>WhiteBack.png</texture>
								<aspectratio>stretch</aspectratio>
							</control>
							<control type="image">
								<left>8</left>
								<top>8</top>
								<width>525</width>
								<height>87</height>
								<colordiffuse>grey2</colordiffuse>
								<texture border="5">masks/Default_sharp.png</texture>
								<aspectratio>stretch</aspectratio>
								<visible>ListItem.IsParentFolder</visible>
							</control>
							<control type="image">
								<left>8</left>
								<top>8</top>
								<width>525</width>
								<height>87</height>
								<texture>$VAR[PosterThumb]</texture>
								<aspectratio>keep</aspectratio>
								<visible>ListItem.IsParentFolder</visible>
							</control>
							<control type="image">
								<left>8</left>
								<top>8</top>
								<width>525</width>
								<height>87</height>
								<aspectratio>stretch</aspectratio>
								<texture background="true" fallback="FallbackBanner2.png">$VAR[BannerVAR]</texture>
								<visible>!ListItem.IsParentFolder</visible>
							</control>
							<control type="image">
								<left>0</left>
								<top>0</top>
								<width>540</width>
								<height>102</height>
								<texture border="5">masks/Default_sharp.png</texture>
								<aspectratio>stretch</aspectratio>
							</control>
							<control type="label">
								<left>18</left>
								<top>8</top>
								<width>$PARAM[viewid]</width>
								<height>87</height>
								<align>center</align>
								<aligny>center</aligny>
								<font>impacted21</font>
								<textcolor>white</textcolor>
								<shadowcolor>black</shadowcolor>
								<label>$VAR[OriginalTitle]</label>
								<visible>!ListItem.IsParentFolder</visible>
								<visible>[String.IsEmpty(ListItem.Art(banner))+String.IsEmpty(ListItem.Art(set.banner))+String.IsEmpty(ListItem.Art(tvshow.banner))]|Container.Content(episodes)</visible>
							</control>
							<control type="group">
								<left>8</left>
								<top>8</top>
								<include>Amazon_Flagg_Small_Focus</include>
							</control>
							<control type="group">
								<left>8</left>
								<top>8</top>
								<include>WatchedIcon_Focus_Small</include>
							</control>
							<control type="group">
								<left>458</left>
								<top>20</top>
								<include>Set_Flagg_Small_Focus</include>
							</control>
						</control>
					</focusedlayout>
					<itemlayout height="243" width="324" condition="Container.Content(episodes)">
						<control type="image">
							<left>0</left>
							<top>0</top>
							<width>324</width>
							<height>180</height>
							<colordiffuse>grey2</colordiffuse>
							<texture border="5">masks/Default_sharp.png</texture>
							<aspectratio>stretch</aspectratio>
						</control>
						<control type="image">
							<left>8</left>
							<top>8</top>
							<width>309</width>
							<height>165</height>
							<colordiffuse>grey2</colordiffuse>
							<texture border="5">masks/Default_sharp.png</texture>
							<aspectratio>stretch</aspectratio>
							<visible>ListItem.IsParentFolder</visible>
						</control>
						<control type="image">
							<left>8</left>
							<top>8</top>
							<width>309</width>
							<height>165</height>
							<colordiffuse>$VAR[CoverDim]</colordiffuse>
							<texture>$VAR[PosterThumb]</texture>
							<aspectratio>keep</aspectratio>
						</control>
						<control type="label">
							<left>8</left>
							<top>177</top>
							<width>309</width>
							<height>38</height>
							<align>center</align>
							<font>ubuntu-r13b</font>
							<textcolor>$VAR[CoverDim]</textcolor>
							<label>$INFO[ListItem.Episode,,. ]$INFO[ListItem.Title]</label>
						</control>
						<control type="group">
							<left>8</left>
							<top>8</top>
							<include>WatchedIcon_Small</include>
						</control>
						<control type="group">
							<left>8</left>
							<top>8</top>
							<include>Amazon_Flagg_Small</include>
						</control>
					</itemlayout>
					<focusedlayout height="243" width="324" condition="Container.Content(episodes)">
						<control type="group">
							<include>focuseffect</include>
							<control type="image">
								<left>8</left>
								<top>8</top>
								<width>309</width>
								<height>165</height>
								<colordiffuse>grey2</colordiffuse>
								<texture border="5">masks/Default_sharp.png</texture>
								<aspectratio>stretch</aspectratio>
								<visible>ListItem.IsParentFolder</visible>
							</control>
							<control type="image">
								<left>8</left>
								<top>8</top>
								<width>309</width>
								<height>165</height>
								<texture>$VAR[PosterThumb]</texture>
								<aspectratio>keep</aspectratio>
							</control>
							<control type="image">
								<left>0</left>
								<top>0</top>
								<width>324</width>
								<height>180</height>
								<texture border="5">masks/Default_sharp.png</texture>
								<aspectratio>stretch</aspectratio>
							</control>
							<control type="label">
								<left>8</left>
								<top>177</top>
								<width>309</width>
								<height>38</height>
								<align>center</align>
								<font>ubuntu-r13b</font>
								<label>$INFO[ListItem.Episode,,. ]$INFO[ListItem.Title]</label>
							</control>
							<control type="group">
								<left>8</left>
								<top>8</top>
								<include>Amazon_Flagg_Small_Focus</include>
							</control>
							<control type="group">
								<left>8</left>
								<top>8</top>
								<include>WatchedIcon_Focus_Small</include>
							</control>
						</control>
					</focusedlayout>
					<itemlayout height="360" width="270" condition="Container.Content(seasons)">
						<control type="image">
							<left>0</left>
							<top>0</top>
							<width>255</width>
							<height>357</height>
							<colordiffuse>grey2</colordiffuse>
							<texture border="5">masks/Default_sharp.png</texture>
							<aspectratio>stretch</aspectratio>
						</control>
						<control type="image">
							<left>8</left>
							<top>8</top>
							<width>240</width>
							<height>342</height>
							<colordiffuse>grey2</colordiffuse>
							<texture border="5">masks/Default_sharp.png</texture>
							<aspectratio>stretch</aspectratio>
							<visible>ListItem.IsParentFolder</visible>
						</control>
						<control type="image">
							<left>8</left>
							<top>8</top>
							<width>240</width>
							<height>342</height>
							<colordiffuse>$VAR[CoverDim]</colordiffuse>
							<texture>$VAR[PosterThumb]</texture>
							<aspectratio>keep</aspectratio>
						</control>
						<control type="image">
							<left>8</left>
							<top>304</top>
							<width>240</width>
							<height>45</height>
							<texture>BlackBack.png</texture>
							<aspectratio>stretch</aspectratio>
						</control>
						<control type="label">
							<left>8</left>
							<top>308</top>
							<width>240</width>
							<height>45</height>
							<align>center</align>
							<font>ubuntu-r13b</font>
							<textcolor>$VAR[CoverDim]</textcolor>
							<label>$INFO[ListItem.Label]</label>
						</control>
						<control type="group">
							<left>8</left>
							<top>8</top>
							<include>WatchedIcon_Small</include>
						</control>
						<control type="group">
							<left>8</left>
							<top>8</top>
							<include>Amazon_Flagg_Small</include>
						</control>
					</itemlayout>
					<focusedlayout height="360" width="270" condition="Container.Content(seasons)">
						<control type="group">
							<include>focuseffect</include>
							<control type="image">
								<left>8</left>
								<top>8</top>
								<width>240</width>
								<height>342</height>
								<colordiffuse>grey2</colordiffuse>
								<texture border="5">masks/Default_sharp.png</texture>
								<aspectratio>stretch</aspectratio>
								<visible>ListItem.IsParentFolder</visible>
							</control>
							<control type="image">
								<left>8</left>
								<top>8</top>
								<width>240</width>
								<height>342</height>
								<texture>$VAR[PosterThumb]</texture>
								<aspectratio>keep</aspectratio>
							</control>
							<control type="image">
								<left>0</left>
								<top>0</top>
								<width>255</width>
								<height>357</height>
								<texture border="5">masks/Default_sharp.png</texture>
								<aspectratio>stretch</aspectratio>
							</control>
							<control type="image">
								<left>8</left>
								<top>304</top>
								<width>240</width>
								<height>45</height>
								<texture>BlackBack.png</texture>
								<aspectratio>stretch</aspectratio>
							</control>
							<control type="label">
								<left>8</left>
								<top>308</top>
								<width>240</width>
								<height>45</height>
								<align>center</align>
								<font>ubuntu-r13b</font>
								<label>$INFO[ListItem.Label]</label>
							</control>
							<control type="group">
								<left>8</left>
								<top>8</top>
								<include>WatchedIcon_Focus_Small</include>
							</control>
							<control type="group">
								<left>8</left>
								<top>8</top>
								<include>Amazon_Flagg_Small_Focus</include>
							</control>
						</control>
					</focusedlayout>
				</control>
				<include content="sidefade_shadow">
					<param name="left" value="165r" />
					<param name="flipx" value="true" />
					<param name="id" value="$PARAM[viewid]1" />
					<param name="visible" value="Control.HasFocus($PARAM[viewid]1)" />
				</include>
				<control type="group">
					<animation effect="slide" end="-30" time="150" condition="Control.HasFocus($PARAM[viewid]1)">Conditional</animation>
					<include content="DefaultScrollbar">
						<param name="id" value="$PARAM[viewid]1" />
						<param name="left" value="1920" />
						<param name="top" value="105" />
						<param name="height" value="864" />
						<param name="onleft" value="$PARAM[viewid]" />
					</include>
				</control>
				<control type="group">
					<animation effect="slide" end="0,18" condition="Player.HasMedia">Conditional</animation>
					<include content="TMDbhelper_Provider_Icon">
						<param name="align" value="center"/>
						<param name="left" value="315"/>
						<param name="top" value="42"/>
						<param name="width" value="1275"/>
						<param name="box" value="40"/>
						<param name="orientation" value="horizontal"/>
						<param name="id" value="$PARAM[viewid]"/>
					</include>
				</control>
				<control type="label">
					<visible>Skin.HasSetting(CommonPageCount)</visible>
					<left>165</left>
					<top>936</top>
					<width>1620</width>
					<height>38</height>
					<align>right</align>
					<font>ubuntu-r13b</font>
					<label>$INFO[Container.NumItems,([COLOR=selected],[/COLOR]) $LOCALIZE[31009]]$INFO[Container.CurrentPage, - $LOCALIZE[31008] ([COLOR=selected]]$INFO[Container.NumPages,/,[/COLOR])]</label>
				</control>
				<control type="image">
					<left>150</left>
					<top>914</top>
					<width>300</width>
					<height>80</height>
					<aspectratio align="left" aligny="center">keep</aspectratio>
					<texture background="true">$VAR[ClearlogoVAR]</texture>
					<animation effect="slide" end="0,-6" time="150" condition="Skin.HasSetting(CommonPageCount)">Conditional</animation>
					<visible>Skin.HasSetting(EnableExtendedArt)</visible>
				</control>
			</control>
			<control type="group">
				<include>opencloseslideup</include>
				<visible>Control.IsVisible($PARAM[viewid])</visible>
				<visible>!ListItem.IsParentFolder</visible>
				<control type="group">
					<left>0</left>
					<top>1005</top>
					<control type="image">
						<left>-15</left>
						<top>-15</top>
						<width>1950</width>
						<height>15</height>
						<colordiffuse>fanartdiffuse</colordiffuse>
						<texture background="true">Shadow.png</texture>
					</control>
					<control type="image">
						<left>-15</left>
						<top>0</top>
						<width>1950</width>
						<height>112</height>
						<texture background="true">BlackBack.png</texture>
					</control>
					<control type="image">
						<left>0</left>
						<top>0</top>
						<width>1920</width>
						<height>1</height>
						<texture background="true">Separator2.png</texture>
					</control>
					<control type="group">
						<visible>Container.Content(TVShows)|Container.Content(seasons)</visible>
						<control type="label">
							<left>150</left>
							<top>18</top>
							<width>1620</width>
							<height>38</height>
							<font>impacted24</font>
							<label>$INFO[ListItem.Label]</label>
						</control>
						<control type="label">
							<left>150</left>
							<top>18</top>
							<width>1620</width>
							<height>38</height>
							<align>right</align>
							<font>impacted21</font>
							<label>$INFO[ListItem.Property(WatchedEpisodes),$LOCALIZE[16102]: ,]$INFO[ListItem.Property(TotalEpisodes), $LOCALIZE[20163] ,]</label>
						</control>
					</control>
				</control>
				<control type="grouplist">
					<!-- Movie Flagging -->
					<visible>!ListItem.IsParentFolder+!Container.Content(tvshows)+!Container.Content(seasons)</visible>
					<left>10</left>
					<top>1025</top>
					<width>1900</width>
					<height>120</height>
					<itemgap>12</itemgap>
					<align>center</align>
					<orientation>horizontal</orientation>
					<include>FlagVideo</include>
					<include>FlagVideoAudioStream1</include>
					<include>FlagVideoAudioStream2</include>
					<include>FlagVideoSubtitles</include>
				</control>
				<include content="AlphaBarV" condition="!Skin.HasSetting(HideJumpSMSBar)"><param name="id" value="$PARAM[viewid]"/></include>
			</control>
		</definition>
    </include>
</includes>
