<?xml version="1.0" encoding="UTF-8"?>
<includes>
    <include name="MusicFanart">
		<param name="viewid">509</param>
		<definition>
			<control type="group">
				<visible>Control.IsVisible($PARAM[viewid])</visible>
				<include>openclose</include>
				<control type="group">
					<include>openclose</include>
					<include>openclosevisible</include>
					<visible>Control.IsVisible($PARAM[viewid])+!Control.HasFocus(666)</visible>
					<include content="FakeButton444">
						<param name="visible" value="Control.IsVisible($PARAM[viewid])"/>
					</include>
					<control type="button" id="888">
						<onup>Control.SetFocus(9000)</onup>
						<ondown>Control.SetFocus($PARAM[viewid])</ondown>
						<include>HiddenButton</include>
					</control>
					<control type="group">
						<visible>Control.IsVisible($PARAM[viewid])+[Control.HasFocus(888)|Skin.HasSetting(MusicInfo)]</visible>
						<include>openclosevisible</include>
						<include>BlackGrunge</include>
					</control>
				</control>
				<control type="group">
					<include>opencloseslideup</include>
					<visible>Control.IsVisible($PARAM[viewid])+!Control.HasFocus(666)</visible>
					<include>MirrorPanel</include>
				</control>
				<control type="group">
					<visible>Control.IsVisible($PARAM[viewid])</visible>
					<include>opencloseslideup</include>
					<left>0</left>
					<top>675</top>
					<control type="fixedlist" id="$PARAM[viewid]">
						<hitrect x="0" y="-15" w="1920" h="285" />
						<left>-128</left>
						<top>0</top>
						<width>2055</width>
						<height>375</height>
						<onleft>$PARAM[viewid]</onleft>
						<onright>$PARAM[viewid]</onright>
						<onup condition="!Skin.HasSetting(MusicInfo)+!ListItem.IsParentFolder">888</onup>
						<onup condition="[Skin.HasSetting(MusicInfo)|ListItem.IsParentFolder]">9000</onup>
						<ondown condition="Control.IsVisible($PARAM[viewid]1)">$PARAM[viewid]1</ondown>
						<ondown condition="!Control.IsVisible($PARAM[viewid]1)+Control.IsVisible(17000)">17000</ondown>
						<ondown condition="!Control.IsVisible($PARAM[viewid]1)+!Control.IsVisible(17000)">732</ondown>
						<viewtype label="20445">wrap</viewtype>
						<pagecontrol>$PARAM[viewid]1</pagecontrol>
						<scrolltime>200</scrolltime>
						<focusposition>4</focusposition>
						<movement>2</movement>
						<orientation>horizontal</orientation>
						<preloaditems>4</preloaditems>
						<visible>Container.Content(artists)|Container.Content(Albums)</visible>
						<itemlayout height="300" width="240">
							<control type="image">
								<left>3</left>
								<top>33</top>
								<width>240</width>
								<height>240</height>
								<colordiffuse>$VAR[CoverDim]</colordiffuse>
								<aspectratio>stretch</aspectratio>
								<bordertexture border="10">ThumbShadow.png</bordertexture>
								<bordersize>6</bordersize>
								<texture background="true" fallback="FallbackCover.png">$INFO[ListItem.Icon]</texture>
							</control>
							<control type="image">
								<left>10</left>
								<top>270</top>
								<width>225</width>
								<height>90</height>
								<colordiffuse>grey2</colordiffuse>
								<aspectratio>stretch</aspectratio>
								<texture background="true" flipy="true" diffuse="ShadowWhite.png" fallback="FallbackCover.png">$INFO[ListItem.Icon]</texture>
							</control>
						</itemlayout>
						<focusedlayout height="300" width="240">
							<control type="image">
								<left>-3</left>
								<top>24</top>
								<width>252</width>
								<height>252</height>
								<aspectratio>stretch</aspectratio>
								<bordertexture border="10">ThumbShadowWhite.png</bordertexture>
								<bordersize>8</bordersize>
								<texture background="true" fallback="FallbackCover.png">$INFO[ListItem.Icon]</texture>
								<animation effect="zoom" center="auto" end="120" time="250" condition="Control.HasFocus($PARAM[viewid])|Control.HasFocus(2000)">Focus</animation>
								<animation effect="zoom" center="auto" end="100" time="200" condition="Control.HasFocus(888)">Conditional</animation>
								<animation effect="zoom" center="auto" start="120" end="100" time="100">UnFocus</animation>
							</control>
						</focusedlayout>
					</control>
					<control type="group">
						<animation effect="slide" start="0,-15" end="0,0" time="150" condition="!Control.HasFocus($PARAM[viewid]1)">Conditional</animation>
						<animation effect="slide" start="0,0" end="0,150" time="150" condition="ControlGroup(17000).HasFocus()">Conditional</animation>
						<include content="DefaultScrollbar_horizontal">
							<param name="id" value="$PARAM[viewid]1" />
							<param name="onup" value="$PARAM[viewid]" />
							<param name="ondown1" value="17000" />
							<param name="ondown1_condi" value="Control.IsVisible(17000)" />
							<param name="ondown2" value="732" />
							<param name="ondown2_condi" value="!Control.IsVisible(17000)" />
						</include>
					</control>
				</control>
				<control type="group">
					<visible>Control.IsVisible($PARAM[viewid])</visible>
					<include>opencloseslideup</include>
					<top>22</top>
					<control type="image">
						<left>-15</left>
						<top>996</top>
						<width>1950</width>
						<height>15</height>
						<colordiffuse>fanartdiffuse</colordiffuse>
						<texture background="true" border="2" flipy="true">Shadow.png</texture>
					</control>
					<control type="image">
						<visible>Control.IsVisible($PARAM[viewid])</visible>
						<left>-15</left>
						<top>996</top>
						<width>1950</width>
						<height>1</height>
						<colordiffuse>menudiffuse</colordiffuse>
						<texture background="true">Separator2.png</texture>
					</control>
					<control type="label">
						<left>60</left>
						<top>960</top>
						<width>1800</width>
						<height>30</height>
						<shadowcolor>black</shadowcolor>
						<scroll>true</scroll>
						<align>center</align>
						<aligny>center</aligny>
						<font>impacted31</font>
						<label>$INFO[ListItem.Label]</label>
						<visible>!ListItem.IsParentFolder</visible>
						<include>openclosevisible</include>
					</control>
				</control>
				<control type="group">
					<visible>Control.IsVisible($PARAM[viewid])</visible>
					<control type="image">
						<include>openclosemedium</include>
						<left>1552</left>
						<top>112</top>
						<width>345</width>
						<height>105</height>
						<aspectratio>keep</aspectratio>
						<texture background="true">$VAR[ClearlogoVAR]</texture>
						<visible>Skin.HasSetting(EnableExtendedArt)</visible>
					</control>
					<control type="group">
						<visible>Control.IsVisible($PARAM[viewid])+[Control.HasFocus(888)|Skin.HasSetting(MusicInfo)]</visible>
						<visible>!ListItem.IsParentFolder</visible>
						<include>openclosevisible</include>
						<control type="group">
							<left>30</left>
							<top>60</top>
							<control type="image">
								<left>-15</left>
								<top>174</top>
								<width>1890</width>
								<height>420</height>
								<!-- <colordiffuse>fanartdiffuse</colordiffuse> -->
								<texture background="true">BlackBack.png</texture>
							</control>
							<control type="group">
								<control type="label">
									<left>15</left>
									<top>75</top>
									<width>1500</width>
									<height>30</height>
									<font>impacted31</font>
									<textcolor>focused</textcolor>
									<shadowcolor>black</shadowcolor>
									<label>$INFO[ListItem.Property(Album_Artist)]</label>
								</control>
								<control type="label">
									<left>22</left>
									<top>110</top>
									<width>1500</width>
									<height>30</height>
									<font>impacted36</font>
									<textcolor>grey</textcolor>
									<shadowcolor>black</shadowcolor>
									<label>$INFO[ListItem.Label]</label>
								</control>
								<control type="group">
									<visible>!String.IsEmpty(Control.GetLabel(1203))+!Container.Content(artists)</visible>
									<visible>Skin.HasSetting(EnableExtendedArt)</visible>
									<include>openclosevisible</include>
									<control type="image">
										<description>Separator</description>
										<left>-15</left>
										<top>38</top>
										<width>638</width>
										<height>3</height>
										<colordiffuse>fanartdiffuse</colordiffuse>
										<texture background="true" border="1">Separator1.png</texture>
									</control>
									<control type="image">
										<description>Separator</description>
										<left>1233</left>
										<top>38</top>
										<width>636</width>
										<height>3</height>
										<colordiffuse>fanartdiffuse</colordiffuse>
										<texture background="true" border="1">Separator1.png</texture>
									</control>
									<control type="image">
										<description>Separator</description>
										<left>-15</left>
										<top>172</top>
										<width>720</width>
										<height>3</height>
										<colordiffuse>fanartdiffuse</colordiffuse>
										<texture background="true" border="1">Separator1.png</texture>
									</control>
									<control type="image">
										<description>Separator</description>
										<left>1155</left>
										<top>172</top>
										<width>720</width>
										<height>3</height>
										<colordiffuse>fanartdiffuse</colordiffuse>
										<texture background="true" border="1">Separator1.png</texture>
									</control>
								</control>
								<control type="group">
									<visible>String.IsEmpty(Control.GetLabel(1203))|Container.Content(artists)|!Skin.HasSetting(EnableExtendedArt)</visible>
									<include>openclosevisible</include>
									<control type="image">
										<description>Separator</description>
										<left>-15</left>
										<top>38</top>
										<width>1890</width>
										<height>3</height>
										<colordiffuse>fanartdiffuse</colordiffuse>
										<texture background="true" border="1">Separator1.png</texture>
									</control>
									<control type="image">
										<description>Separator</description>
										<left>-15</left>
										<top>172</top>
										<width>1890</width>
										<height>3</height>
										<colordiffuse>fanartdiffuse</colordiffuse>
										<texture background="true" border="1">Separator1.png</texture>
									</control>
								</control>
							</control>
							<control type="group">
								<left>45</left>
								<top>120</top>
								<visible>[!System.HasAddon(script.skin.info.service)|!Skin.HasSetting(extendedinfo_music)]|[Container.Content(Albums)|Container.Content(Songs)]</visible>
								<visible>Container.Content(Albums)|Container.Content(Songs)</visible>
								<visible>!ListItem.IsParentFolder</visible>
								<include>openclosemedium</include>
								<control type="label">
									<left>0</left>
									<top>52</top>
									<width>1275</width>
									<height>45</height>
									<scroll>true</scroll>
									<align>left</align>
									<aligny>center</aligny>
									<label>$LOCALIZE[515]: $INFO[ListItem.Genre]</label>
								</control>
								<control type="label">
									<left>0</left>
									<top>90</top>
									<width>1275</width>
									<height>45</height>
									<scroll>true</scroll>
									<align>left</align>
									<aligny>center</aligny>
									<label>$LOCALIZE[562]: $INFO[ListItem.Year]</label>
								</control>
								<control type="fadelabel">
									<left>0</left>
									<top>128</top>
									<width>600</width>
									<height>45</height>
									<scroll>true</scroll>
									<align>left</align>
									<aligny>center</aligny>
									<label>$LOCALIZE[563]:</label>
									<scrollout>false</scrollout>
									<pauseatend>2000</pauseatend>
								</control>
								<control type="image">
									<description>Rating value</description>
									<left>128</left>
									<top>130</top>
									<width>240</width>
									<height>39</height>
									<aspectratio>keep</aspectratio>
									<texture>$INFO[ListItem.StarRating,LeftRating/]</texture>
								</control>
								<control type="label">
									<description>Description Value for Album</description>
									<left>0</left>
									<top>180</top>
									<width>1170</width>
									<height>270</height>
									<font>font16</font>
									<wrapmultiline>true</wrapmultiline>
									<label>$INFO[ListItem.Property(Album_Description)]</label>
								</control>
							</control>
							<control type="group">
								<left>30</left>
								<top>120</top>
								<visible>!System.HasAddon(script.skin.info.service)|!Skin.HasSetting(extendedinfo_music)</visible>
								<visible>Container.Content(artists)|Container.Content(Album)</visible>
								<visible>!ListItem.IsParentFolder</visible>
								<include>openclosemedium</include>
								<control type="list" id="49">
									<left>0</left>
									<top>120</top>
									<width>600</width>
									<height>495</height>
									<onleft>49</onleft>
									<onright>49</onright>
									<onup>9000</onup>
									<ondown>61</ondown>
									<pagecontrol/>
									<scrolltime>200</scrolltime>
									<itemlayout height="30">
										<control type="label">
											<left>0</left>
											<top>0</top>
											<width>240</width>
											<height>33</height>
											<align>right</align>
											<aligny>center</aligny>
											<textcolor>grey</textcolor>
											<info>ListItem.Label</info>
										</control>
										<control type="label">
											<left>255</left>
											<top>0</top>
											<width>330</width>
											<height>33</height>
											<align>left</align>
											<aligny>center</aligny>
											<scroll>true</scroll>
											<info>ListItem.Label2</info>
										</control>
									</itemlayout>
									<focusedlayout height="30">
										<control type="label">
											<left>0</left>
											<top>0</top>
											<width>240</width>
											<height>33</height>
											<align>right</align>
											<aligny>center</aligny>
											<textcolor>grey</textcolor>
											<info>ListItem.Label</info>
										</control>
										<control type="label">
											<left>255</left>
											<top>0</top>
											<width>330</width>
											<height>33</height>
											<align>left</align>
											<aligny>center</aligny>
											<scroll>true</scroll>
											<info>ListItem.Label2</info>
										</control>
									</focusedlayout>
									<content>
										<item>
											<label>$LOCALIZE[21893]:</label>
											<label2 fallback="-">$INFO[ListItem.Property(Artist_Born)]</label2>
											<onclick/>
											<!-- <visible>!String.IsEmpty(ListItem.Property(Artist_Born))</visible> -->
										</item>
										<item>
											<label>$LOCALIZE[21894]:</label>
											<label2 fallback="-">$INFO[ListItem.Property(Artist_Formed)]</label2>
											<onclick/>
											<!-- <visible>!String.IsEmpty(ListItem.Property(Artist_Formed))</visible> -->
										</item>
										<item>
											<label>$LOCALIZE[515]:</label>
											<label2 fallback="-">$INFO[ListItem.Genre]</label2>
											<onclick/>
											<!-- <visible>!String.IsEmpty(ListItem.Genre)</visible> -->
										</item>
										<item>
											<label>$LOCALIZE[175]:</label>
											<label2 fallback="-">$INFO[ListItem.Property(Artist_Mood)]</label2>
											<onclick/>
											<!-- <visible>!String.IsEmpty(ListItem.Property(Artist_Mood))</visible> -->
										</item>
										<item>
											<label>$LOCALIZE[176]:</label>
											<label2 fallback="-">$INFO[ListItem.Property(Artist_Style)]</label2>
											<onclick/>
											<!-- <visible>!String.IsEmpty(ListItem.Property(Artist_Style))</visible> -->
										</item>
										<item>
											<label>$LOCALIZE[21892]:</label>
											<label2 fallback="-">$INFO[ListItem.Property(Artist_Instrument)]</label2>
											<onclick/>
											<!-- <visible>!String.IsEmpty(ListItem.Property(Artist_Instrument))</visible> -->
										</item>
										<item>
											<label>$LOCALIZE[21897]:</label>
											<label2 fallback="-">$INFO[ListItem.Property(Artist_Died)]</label2>
											<onclick/>
											<!-- <visible>!String.IsEmpty(ListItem.Property(Artist_Died))</visible> -->
										</item>
										<item>
											<label>$LOCALIZE[21896]:</label>
											<label2 fallback="-">$INFO[ListItem.Property(Artist_Disbanded)]</label2>
											<onclick/>
											<!-- <visible>!String.IsEmpty(ListItem.Property(Artist_Disbanded))</visible> -->
										</item>
										<item>
											<label>$LOCALIZE[21898]:</label>
											<label2>$INFO[ListItem.Property(Artist_YearsActive)]</label2>
											<onclick/>
											<!-- <visible>!String.IsEmpty(ListItem.Property(Artist_YearsActive))</visible> -->
										</item>
									</content>
								</control>
								<control type="textbox">
									<description>Description Value for Album</description>
									<left>600</left>
									<top>68</top>
									<width>600</width>
									<height>390</height>
									<font>font16</font>
									<label>$INFO[ListItem.Property(Artist_Description)]</label>
								</control>
							</control>
							<control type="group">
								<left>150</left>
								<top>210</top>
								<include>MusicExtendedInfoStripe</include>
							</control>
						</control>
						<control type="image">
							<description>Separator</description>
							<include>opencloseslideleft</include>
							<left>1284</left>
							<top>258</top>
							<width>3</width>
							<height>375</height>
							<colordiffuse>fanartdiffuse</colordiffuse>
							<texture background="true" border="1">Separator4.png</texture>
						</control>
						<control type="image" id="1201">
							<include>opencloseslideleft</include>
							<left>1320</left>
							<top>258</top>
							<width>558</width>
							<height>375</height>
							<aspectratio>keep</aspectratio>
							<texture background="true" fallback="special://skin/backgrounds/fallback_background.jpg">$INFO[ListItem.Art(fanart)]</texture>
							<!-- <visible>!Skin.HasSetting(EnableExtendedArt)</visible> -->
						</control>
						<control type="image">
							<description>Separator</description>
							<include>openclosevisible</include>
							<left>15</left>
							<top>652</top>
							<width>1890</width>
							<height>3</height>
							<colordiffuse>fanartdiffuse</colordiffuse>
							<texture background="true" border="1">Separator1.png</texture>
						</control>
					</control>
					<control type="group">
						<visible>Skin.HasSetting(CommonPageCount)</visible>
						<visible>!Control.HasFocus($PARAM[viewid]1)</visible>
						<include>opencloseslideup</include>
						<control type="label">
							<description>Page Count Label</description>
							<left>780r</left>
							<top>55r</top>
							<width>750</width>
							<height>30</height>
							<font>impacted18</font>
							<textcolor>grey</textcolor>
							<shadowcolor>grey3</shadowcolor>
							<scroll>false</scroll>
							<align>right</align>
							<aligny>center</aligny>
							<label>$INFO[Container.NumItems,([COLOR=white],[/COLOR]) $LOCALIZE[31009]]$INFO[Container.CurrentPage, - $LOCALIZE[31008] ([COLOR=white]]$INFO[Container.NumPages,/,[/COLOR])]</label>
						</control>
					</control>
					<control type="image" id="1203">
						<visible>!Container($PARAM[viewid]).OnNext+!Container($PARAM[viewid]).OnPrevious</visible>
						<visible>!ListItem.IsParentFolder+Skin.HasSetting(EnableExtendedArt)+[Container.Content(albums)|Container.Content(artists)|Container.Content(songs)]</visible>
						<visible>Control.IsVisible($PARAM[viewid])+[Control.HasFocus(888)|Skin.HasSetting(MusicInfo)]</visible>
						<centerleft>50%</centerleft>
						<top>-280</top>
						<width>1920</width>
						<height>500</height>
						<aspectratio>keep</aspectratio>
						<texture background="true">$VAR[DiscartVAR]</texture>
						<animation type="Visible" reversible="false">
							<effect type="slide" start="0,-400" end="0" time="800" delay="800" />
							<effect type="rotate" center="auto" end="-900" time="30000" delay="1700" />
						</animation>
					</control>
					<control type="group">
						<left>-1140</left>
						<top>585</top>
						<include>ScrollOffsetLabel</include>
					</control>
				</control>
				<include content="AlphaBarH" condition="!Skin.HasSetting(HideJumpSMSBar)"><param name="id" value="$PARAM[viewid]"/></include>
			</control>
		</definition>
    </include>
</includes>
