<?xml version="1.0" encoding="UTF-8"?>
<includes>
    <variable name="Panel3Content">
        <value condition="[String.StartsWith(ListItem.FolderPath,videodb://movies/genres)|String.StartsWith(ListItem.FolderPath,library://video/movies/genres)]+[String.IsEqual(Container.FolderPath,videodb://movies/)|String.IsEqual(Container.FolderPath,videodb://movies/genres/)]">videodb://movies/genres/$INFO[Container(303).ListItem.DBID]</value>
        <value condition="String.StartsWith(ListItem.FolderPath,videodb://movies/years)|String.StartsWith(ListItem.FolderPath,library://video/movies/years)">videodb://movies/years/$INFO[Container(303).ListItem.Label]</value>
        <value condition="String.StartsWith(ListItem.FolderPath,videodb://movies/actors)|String.StartsWith(ListItem.FolderPath,library://video/movies/actors)">videodb://movies/actors/$INFO[Container(303).ListItem.DBID]</value>
        <value condition="String.StartsWith(ListItem.FolderPath,videodb://movies/directors)|String.StartsWith(ListItem.FolderPath,library://video/movies/directors)">videodb://movies/directors/$INFO[Container(303).ListItem.DBID]</value>
        <value condition="String.StartsWith(ListItem.FolderPath,videodb://movies/studios)">$INFO[ListItem.FolderPath]$INFO[Container(303).ListItem.DBID]</value>
        <value condition="String.StartsWith(ListItem.FolderPath,library://video/movies/studios)">videodb://movies/studios/$INFO[Container(303).ListItem.DBID]</value>
        <value condition="[String.StartsWith(ListItem.FolderPath,videodb://movies/sets)|String.StartsWith(ListItem.FolderPath,library://video/movies/sets)]+[String.IsEqual(Container.FolderPath,videodb://movies/)|String.IsEqual(Container.FolderPath,videodb://movies/sets/)]">$INFO[ListItem.FolderPath]$INFO[Container(303).ListItem.DBID]</value>
        <value condition="[String.StartsWith(ListItem.FolderPath,videodb://movies/countries)|String.StartsWith(ListItem.FolderPath,library://video/movies/country)]+!String.StartsWith(Container.FolderPath,videodb://movies/countries)">videodb://movies/countries/$INFO[Container(303).ListItem.DBID]</value>
        <value condition="String.StartsWith(ListItem.FolderPath,videodb://movies/tags)|String.StartsWith(ListItem.FolderPath,library://video/movies/tags)">videodb://movies/tags/$INFO[Container(303).ListItem.DBID]</value>
        <value condition="String.StartsWith(ListItem.FolderPath,library://video/movies/)+String.Contains(Container(303).ListItem.Label,$LOCALIZE[515])">videodb://movies/genres</value>
        <value condition="String.StartsWith(ListItem.FolderPath,library://video/movies/)+String.Contains(Container(303).ListItem.Label,$LOCALIZE[556])">videodb://movies/titles</value>
        <value condition="String.StartsWith(ListItem.FolderPath,library://video/movies/)+String.Contains(Container(303).ListItem.Label,$LOCALIZE[562])">videodb://movies/years</value>
        <value condition="String.StartsWith(ListItem.FolderPath,library://video/movies/)+String.Contains(Container(303).ListItem.Label,$LOCALIZE[20337])">videodb://movies/actors</value>
        <value condition="String.StartsWith(ListItem.FolderPath,library://video/movies/)+String.Contains(Container(303).ListItem.Label,$LOCALIZE[20348])">videodb://movies/directors</value>
        <value condition="String.StartsWith(ListItem.FolderPath,library://video/movies/)+String.Contains(Container(303).ListItem.Label,$LOCALIZE[20388])">videodb://movies/studios</value>
        <value condition="String.StartsWith(ListItem.FolderPath,library://video/movies/)+String.Contains(Container(303).ListItem.Label,$LOCALIZE[20434])">videodb://movies/sets</value>
        <value condition="String.StartsWith(ListItem.FolderPath,library://video/movies/)+String.Contains(Container(303).ListItem.Label,$LOCALIZE[20451])">videodb://movies/countries</value>
        <value condition="String.StartsWith(ListItem.FolderPath,library://video/movies/)+String.Contains(Container(303).ListItem.Label,$LOCALIZE[20459])">videodb://movies/tags</value>
        <value condition="String.StartsWith(ListItem.FolderPath,library://video/files)">sources://video/$INFO[Container(303).ListItem.FolderPath]</value>
        <value condition="String.StartsWith(ListItem.FolderPath,library://video/playlists)">special://profile/playlists/video/$INFO[Container(303).ListItem.FileName]</value>
        <!-- Musicvideos -->
        <value condition="String.StartsWith(ListItem.FolderPath,videodb://musicvideos/genres)|String.StartsWith(ListItem.FolderPath,library://video/musicvideos/genres)">videodb://musicvideos/genres/$INFO[Container(303).ListItem.DBID]</value>
        <value condition="String.StartsWith(ListItem.FolderPath,videodb://musicvideos/years)|String.StartsWith(ListItem.FolderPath,library://video/musicvideos/years)">videodb://musicvideos/years/$INFO[Container(303).ListItem.Label]</value>
        <value condition="String.StartsWith(ListItem.FolderPath,videodb://musicvideos/artists)|String.StartsWith(ListItem.FolderPath,library://video/musicvideos/artists)">videodb://musicvideos/artists/$INFO[Container(303).ListItem.DBID]</value>
        <value condition="String.StartsWith(ListItem.FolderPath,videodb://musicvideos/directors)|String.StartsWith(ListItem.FolderPath,library://video/musicvideos/directors)">videodb://musicvideos/directors/$INFO[Container(303).ListItem.DBID]</value>
        <value condition="String.StartsWith(ListItem.FolderPath,videodb://musicvideos/studios)|String.StartsWith(ListItem.FolderPath,library://video/musicvideos/studios)">videodb://musicvideos/studios/$INFO[Container(303).ListItem.DBID]</value>
        <value condition="[String.StartsWith(ListItem.FolderPath,videodb://musicvideos/sets)|String.StartsWith(ListItem.FolderPath,library://video/musicvideos/sets)]+!String.Contains(Container.FolderPath,videodb://musicvideos/countries)">videodb://musicvideos/sets/$INFO[Container(303).ListItem.DBID]</value>
        <value condition="[String.StartsWith(ListItem.FolderPath,videodb://musicvideos/countries)|String.StartsWith(ListItem.FolderPath,library://video/musicvideos/country)]+!String.Contains(Container.FolderPath,videodb://musicvideos/countries)">videodb://musicvideos/countries/$INFO[Container(303).ListItem.DBID]</value>
        <value condition="String.StartsWith(ListItem.FolderPath,videodb://musicvideos/tags)|String.StartsWith(ListItem.FolderPath,library://video/musicvideos/tags)">videodb://musicvideos/tags/$INFO[Container(303).ListItem.DBID]</value>
        <value condition="String.StartsWith(ListItem.FolderPath,library://video/musicvideos/)+String.Contains(Container(303).ListItem.Label,$LOCALIZE[515])">videodb://musicvideos/genres</value>
        <value condition="String.StartsWith(ListItem.FolderPath,library://video/musicvideos/)+String.Contains(Container(303).ListItem.Label,$LOCALIZE[556])">videodb://musicvideos/titles</value>
        <value condition="String.StartsWith(ListItem.FolderPath,library://video/musicvideos/)+String.Contains(Container(303).ListItem.Label,$LOCALIZE[562])">videodb://musicvideos/years</value>
        <value condition="String.StartsWith(ListItem.FolderPath,library://video/musicvideos/)+String.Contains(Container(303).ListItem.Label,$LOCALIZE[133])">videodb://musicvideos/artists</value>
        <value condition="String.StartsWith(ListItem.FolderPath,library://video/musicvideos/)+String.Contains(Container(303).ListItem.Label,$LOCALIZE[132])">videodb://musicvideos/albums</value>
        <value condition="String.StartsWith(ListItem.FolderPath,library://video/musicvideos/)+String.Contains(Container(303).ListItem.Label,$LOCALIZE[20348])">videodb://musicvideos/directors</value>
        <value condition="String.StartsWith(ListItem.FolderPath,library://video/musicvideos/)+String.Contains(Container(303).ListItem.Label,$LOCALIZE[20388])">videodb://musicvideos/studios</value>
        <value condition="String.StartsWith(ListItem.FolderPath,library://video/musicvideos/)+String.Contains(Container(303).ListItem.Label,$LOCALIZE[20451])">videodb://musicvideos/countries</value>
        <value condition="String.StartsWith(ListItem.FolderPath,library://video/musicvideos/)+String.Contains(Container(303).ListItem.Label,$LOCALIZE[20459])">videodb://musicvideos/tags</value>
        <!-- TVShows -->
        <value condition="[String.StartsWith(ListItem.FolderPath,videodb://tvshows/genres)|String.StartsWith(ListItem.FolderPath,library://video/tvshows/genres)]">videodb://tvshows/genres/$INFO[Container(303).ListItem.DBID]</value>
        <value condition="[String.StartsWith(ListItem.FolderPath,videodb://tvshows/title)|String.StartsWith(ListItem.FolderPath,library://video/tvshows/title)]+!Container.Content(tvshows)">videodb://tvshows/titles/$INFO[Container(303).ListItem.DBID]</value>
        <value condition="[String.IsEqual(ListItem.FolderPath,videodb://tvshows/years/)|String.StartsWith(ListItem.FolderPath,library://video/tvshows/years)]">videodb://tvshows/years/$INFO[Container(303).ListItem.Label]/</value>
        <value condition="[String.StartsWith(ListItem.FolderPath,videodb://tvshows/actors)|String.StartsWith(ListItem.FolderPath,library://video/tvshows/actors)]">videodb://tvshows/actors/$INFO[Container(303).ListItem.DBID]</value>
        <value condition="[String.StartsWith(ListItem.FolderPath,videodb://tvshows/studios)|String.StartsWith(ListItem.FolderPath,library://video/tvshows/studios)]">videodb://tvshows/studios/$INFO[Container(303).ListItem.DBID]</value>
        <value condition="[String.StartsWith(ListItem.FolderPath,videodb://tvshows/tags)|String.StartsWith(ListItem.FolderPath,library://video/tvshows/tags)]">videodb://tvshows/tags/$INFO[Container(303).ListItem.DBID]</value>
        <value condition="String.StartsWith(ListItem.FolderPath,library://video/tvshows/)+String.Contains(Container(303).ListItem.Label,$LOCALIZE[515])">videodb://tvshows/genres</value>
        <value condition="String.StartsWith(ListItem.FolderPath,library://video/tvshows/)+String.Contains(Container(303).ListItem.Label,$LOCALIZE[556])">videodb://tvshows/titles</value>
        <value condition="String.StartsWith(ListItem.FolderPath,library://video/tvshows/)+String.Contains(Container(303).ListItem.Label,$LOCALIZE[562])">videodb://tvshows/years</value>
        <value condition="String.StartsWith(ListItem.FolderPath,library://video/tvshows/)+String.Contains(Container(303).ListItem.Label,$LOCALIZE[20337])">videodb://tvshows/actors</value>
        <value condition="String.StartsWith(ListItem.FolderPath,library://video/tvshows/)+String.Contains(Container(303).ListItem.Label,$LOCALIZE[20388])">videodb://tvshows/studios</value>
        <value condition="String.StartsWith(ListItem.FolderPath,library://video/tvshows/)+String.Contains(Container(303).ListItem.Label,$LOCALIZE[20459])">videodb://tvshows/tags</value>
    </variable>
    <variable name="Panel3Fanart">
        <value condition="!String.IsEmpty(Container(303).ListItem.Art(fanart))">$INFO[Container(303).ListItem.Art(fanart)]</value>
        <value>$INFO[ListItem.Art(fanart)]</value>
    </variable>
    <variable name="Panel3Cover">
        <value condition="Control.HasFocus($PARAM[viewid])+!String.IsEmpty(ListItem.Art(season.poster))">$INFO[ListItem.Art(season.poster)]</value>
        <value condition="Control.HasFocus($PARAM[viewid])+String.IsEmpty(ListItem.Art(season.poster))">$INFO[ListItem.Art(poster)]</value>
        <value condition="Control.HasFocus(303)">$INFO[Container(303).ListItem.Art(poster)]</value>
        <value>$INFO[ListItem.Art(poster)]</value>
    </variable>
    <variable name="Panel1Color">
        <value condition="Control.HasFocus(302)|Control.HasFocus(3021)">FFFFFFFF</value>
        <value>grey1</value>
    </variable>
    <variable name="Panel2Color">
        <value condition="Control.HasFocus(303)|Control.HasFocus(3031)">FFFFFFFF</value>
        <value>grey1</value>
    </variable>
    <include name="View_302_3Panel">
		<param name="viewid">302</param>
		<definition>
			<control type="group">
				<visible>Control.IsVisible($PARAM[viewid])</visible>
				<include>openclose</include>
				<control type="image">
					<include>Dimensions_Fullscreen</include>
					<colordiffuse>fanartdiffuse</colordiffuse>
					<texture>WhiteBack.png</texture>
					<visible>Control.IsVisible($PARAM[viewid])+!Control.HasFocus(666)</visible>
				</control>
				<control type="group">
					<include content="FakeButton444">
						<param name="visible" value="Control.IsVisible($PARAM[viewid])"/>
					</include>
					<visible>Control.IsVisible($PARAM[viewid])+!Control.HasFocus(666)</visible>
					<include>opencloseslideup</include>
					<include>MirrorPanel</include>
				</control>
				<control type="group">
					<visible>Control.IsVisible($PARAM[viewid])+!Control.HasFocus(666)</visible>
					<include>opencloseslideright</include>
					<control type="group"> <!-- Panel 3 -->
						<left>1270</left>
						<top>75</top>
						<animation type="WindowOpen">
							<effect type="fade" start="0" end="100" time="300" delay="1500" />
							<effect type="slide" start="-500" end="0,0" time="500" delay="1500" />
						</animation>
						<animation type="Visible">
							<effect type="fade" start="0" end="100" time="300" delay="1000" />
							<effect type="slide" start="-500" end="0,0" time="500" delay="1000" />
						</animation>
						<animation type="Hidden">
							<effect type="fade" start="100" end="0" time="300" delay="100" />
							<effect type="slide" start="0" end="-500" time="300" delay="100" />
						</animation>
						<visible>!ListItem.IsParentFolder+!String.EndsWith(ListItem.Label,$LOCALIZE[20462])</visible>
						<visible>Control.IsVisible($PARAM[viewid])</visible>
						<control type="image">
							<left>87</left>
							<top>879</top>
							<width>539</width>
							<height>75</height>
							<texture border="16">ContentPanelMirror.png</texture>
						</control>
						<control type="image">
							<left>81</left>
							<top>20</top>
							<width>550</width>
							<height>878</height>
							<colordiffuse>grey1</colordiffuse>
							<texture>InlayDark.png</texture>
						</control>
						<control type="image">
							<left>100</left>
							<top>48</top>
							<width>514</width>
							<height>724</height>
							<aspectratio align="right">stretch</aspectratio>
							<colordiffuse>menudiffuse</colordiffuse>
							<texture background="true" border="8" diffuse="ShadowWhiteFlipy.png">$VAR[Panel3Cover]</texture>
							<include>openclosevisible</include>
							<visible>Skin.HasSetting(ShowCover)</visible>
						</control>
						<control type="image">
							<left>100</left>
							<top>48</top>
							<width>514</width>
							<height>514</height>
							<aspectratio>scale</aspectratio>
							<colordiffuse>menudiffuse</colordiffuse>
							<texture background="true" border="5" diffuse="ShadowWhiteFlipy.png">$VAR[Panel3Fanart]</texture>
							<include>openclosevisible</include>
							<visible>!Skin.HasSetting(ShowCover)</visible>
						</control>
						<!-- <control type="image">
							<left>270</left>
							<top>240</top>
							<width>200</width>
							<height>600</height>
							<aspectratio aligny="bottom">keep</aspectratio>
							<texture background="true" diffuse="Shine.png">$INFO[Container(303).ListItem.Icon]</texture>
							<visible>[[Control.HasFocus(303)|Control.HasFocus(3031)]+!String.IsEmpty(Container(303).ListItem.Icon)]</visible>
							<visible>!Control.IsVisible(80)</visible>
							<include>openclosevisible</include>
						</control> -->
						<control type="image">
							<left>270</left>
							<top>240</top>
							<width>200</width>
							<height>600</height>
							<aspectratio aligny="bottom">keep</aspectratio>
							<texture background="true" diffuse="Shine.png">$INFO[Container($PARAM[viewid]).ListItem.Icon]</texture>
							<visible>[[Control.HasFocus($PARAM[viewid])|Control.HasFocus($PARAM[viewid]1)]+String.IsEmpty(ListItem.Art(poster))]
							|String.IsEqual(Container.FolderPath,videodb://tvshows/actors/)|String.IsEqual(Container.FolderPath,videodb://movies/actors/)
							|[[Control.HasFocus(303)|Control.HasFocus(3031)]+!String.IsEmpty(Container(303).ListItem.Icon)]</visible>
							<visible>!Control.IsVisible(80)</visible>
							<include>openclosevisible</include>
						</control>
						<control type="image" id="80">
							<left>158</left>
							<top>542</top>
							<width>425</width>
							<height>310</height>
							<colordiffuse>menudiffuse</colordiffuse>
							<aspectratio align="center" aligny="bottom">keep</aspectratio>
							<texture background="true" border="5">$VAR[ClearlogoVAR]</texture>
							<visible>Control.HasFocus($PARAM[viewid])|Control.HasFocus(303)</visible>
							<visible>Skin.HasSetting(EnableExtendedArt)</visible>
							<visible>!Skin.HasSetting(ShowCover)</visible>
							<visible>![String.IsEqual(Container.FolderPath,videodb://tvshows/actors/)|String.IsEqual(Container.FolderPath,videodb://movies/actors/)]</visible>
							<include>openclosevisible</include>
						</control>
						<control type="textbox">
							<left>158</left>
							<top>68</top>
							<width>425</width>
							<height>780</height>
							<include condition="!Skin.HasSetting(BigPlotText)">PlotText16Var</include>
							<include condition="Skin.HasSetting(BigPlotText)">PlotTextBigVar</include>
							<shadowcolor>black</shadowcolor>
							<label>$VAR[InfoWallTextboxVar]</label>
							<visible>Container.Content(tvshows)|Container.Content(seasons)|Container.Content(episodes)|Container.Content(sets)|ListItem.IsCollection</visible>
						</control>
						<control type="textbox">
							<left>158</left>
							<top>68</top>
							<width>425</width>
							<height>780</height>
							<font>ubuntu-r16b</font>
							<shadowcolor>black</shadowcolor>
							<label>$INFO[Container(303).ListItem.AddonDescription]</label>
							<visible>String.StartsWith(ListItem.FolderPath,library://video/addons)</visible>
						</control>
						<control type="textbox">
							<left>158</left>
							<top>68</top>
							<width>425</width>
							<height>780</height>
							<font>ubuntu-r16b</font>
							<shadowcolor>black</shadowcolor>
							<label>$INFO[ListItem.AddonDescription]</label>
							<visible>Container.Content(addons)</visible>
						</control>
					</control>
					<control type="group"> <!-- Panel 2 -->
						<left>585</left>
						<top>60</top>
						<animation type="WindowOpen">
							<effect type="fade" start="0" end="100" time="300" delay="1000" />
							<effect type="slide" start="-600" end="0,0" time="500" delay="1000" />
						</animation>
						<animation type="Visible">
							<effect type="fade" start="0" end="100" time="300" delay="500" />
							<effect type="slide" start="-600" end="0,0" time="500" delay="500" />
						</animation>
						<animation type="Hidden">
							<effect type="fade" start="100" end="0" time="300" delay="400" />
							<effect type="slide" start="0" end="-600" time="300" delay="400" />
						</animation>
						<visible>!ListItem.IsParentFolder+!String.EndsWith(ListItem.Label,$LOCALIZE[20462])</visible>
						<visible>Control.IsVisible($PARAM[viewid])</visible>
						<control type="image">
							<left>72</left>
							<top>909</top>
							<width>754</width>
							<height>75</height>
							<texture border="16">ContentPanelMirror.png</texture>
						</control>
						<control type="image">
							<left>66</left>
							<top>20</top>
							<width>764</width>
							<height>908</height>
							<colordiffuse>$VAR[Panel2Color]</colordiffuse>
							<texture>InlayDark.png</texture>
						</control>
						<control type="label">
							<left>150</left>
							<top>60</top>
							<width>640</width>
							<height>45</height>
							<font>impacted21</font>
							<align>center</align>
							<label>$INFO[ListItem.Label]</label>
							<visible>!Container.Content(episodes)</visible>
							<include>openclosevisible</include>
						</control>
						<control type="image">
							<left>138</left>
							<top>112</top>
							<width>655</width>
							<height>3</height>
							<colordiffuse>fanartdiffuse</colordiffuse>
							<texture background="true" border="1">Separator1.png</texture>
							<include>openclosevisible</include>
						</control>
						<control type="grouplist">
							<left>150</left>
							<top>135</top>
							<width>640</width>
							<height>300</height>
							<align>left</align>
							<include>openclosevisible</include>
							<!-- <visible>!Control.IsVisible(303)</visible> -->
							<visible>Container.Content(Movies)</visible>
							<visible>!ListItem.IsParentFolder</visible>
							<visible>!System.HasAddon(script.skin.info.service)+![ListItem.IsCollection|Container.Content(Sets)|ListItem.IsFolder]</visible>
							<include>MovieDataList_Content</include>
						</control>
						<control type="image">
							<left>138</left>
							<top>450</top>
							<width>655</width>
							<height>3</height>
							<colordiffuse>fanartdiffuse</colordiffuse>
							<!-- <visible>!Control.IsVisible(303)</visible> -->
							<texture background="true" border="1">Separator1.png</texture>
							<include>openclosevisible</include>
							<visible>!String.IsEmpty(Control.GetLabel(90))</visible>
							<visible>![Container.Content(TVShows)|Container.Content(seasons)|Container.Content(addons)|ListItem.IsFolder]</visible>
							<visible>!ListItem.IsCollection</visible>
						</control>
						<include content="TMDbhelper_Provider_Icon">
							<param name="align" value="center"/>
							<param name="left" value="138"/>
							<param name="top" value="430"/>
							<param name="width" value="655"/>
							<param name="height" value="40"/>
							<param name="box" value="40"/>
							<param name="id" value="$PARAM[viewid]"/>
							<param name="orientation" value="horizontal"/>
							<param name="visible" value="!Control.IsVisible(303)"/>
						</include>
						<control type="label">
							<left>150</left>
							<top>60</top>
							<width>640</width>
							<height>45</height>
							<font>impacted21</font>
							<align>center</align>
							<label>$INFO[ListItem.TVShowTitle]$INFO[ListItem.Season, ($LOCALIZE[20373] ,)]</label>
							<visible>!String.IsEmpty(ListItem.Label)+!ListItem.IsParentFolder</visible>
							<visible>Container.Content(episodes)</visible>
							<include>openclosevisible</include>
						</control>
						<control type="image">
							<left>160</left>
							<top>140</top>
							<width>610</width>
							<height>270</height>
							<aspectratio>keep</aspectratio>
							<texture background="true">$INFO[ListItem.Icon]</texture>
							<visible>Container.Content(episodes)</visible>
							<visible>!ListItem.IsParentFolder+!ListItem.IsFolder</visible>
							<visible>!String.IsEmpty(ListItem.Icon)</visible>
							<include>openclosevisible</include>
						</control>
						<control type="group">
							<left>150</left>
							<top>470</top>
							<visible>Container.Content(episodes)</visible>
							<visible>!ListItem.IsParentFolder</visible>
							<control type="grouplist">
								<width>655</width>
								<height>240</height>
								<align>center</align>
								<control type="label">
									<width>655</width>
									<height>30</height>
									<font>font16</font>
									<label>[COLOR=grey]$LOCALIZE[2050]: [/COLOR]$INFO[ListItem.Duration] $LOCALIZE[12391] $INFO[ListItem.PercentPlayed,/ , % $LOCALIZE[576]]</label>
								</control>
								<control type="label">
									<width>655</width>
									<height>30</height>
									<font>font16</font>
									<label>[COLOR=grey]$LOCALIZE[515]: [/COLOR]$INFO[ListItem.Genre]</label>
									<visible>!String.IsEmpty(ListItem.Genre)</visible>
								</control>
								<control type="label">
									<width>655</width>
									<height>30</height>
									<font>font16</font>
									<label>[COLOR=grey]$LOCALIZE[572]: [/COLOR]$INFO[ListItem.Studio]</label>
								</control>
								<control type="label">
									<width>655</width>
									<height>30</height>
									<font>font16</font>
									<label>[COLOR=grey]$LOCALIZE[563]: [/COLOR]$INFO[ListItem.RatingAndVotes]</label>
								</control>
								<control type="label">
									<width>655</width>
									<height>30</height>
									<font>font16</font>
									<label>[COLOR=grey]$LOCALIZE[20074]: [/COLOR]$INFO[ListItem.mpaa]</label>
								</control>
								<control type="label">
									<width>655</width>
									<height>30</height>
									<font>font16</font>
									<label>[COLOR=grey]$LOCALIZE[568]: [/COLOR]$INFO[ListItem.LastPlayed]</label>
									<visible>!String.IsEmpty(ListItem.LastPlayed)</visible>
								</control>
							</control>
							<control type="group">
								<left>30</left>
								<top>250</top>
								<control type="label">
									<width>655</width>
									<height>60</height>
									<align>left</align>
									<textcolor>grey1</textcolor>
									<font>menufontimpacted</font>
									<label>$INFO[ListItem.Season,$LOCALIZE[20373] ,]</label>
								</control>
								<control type="label">
									<left>15</left>
									<top>60</top>
									<width>655</width>
									<height>60</height>
									<align>left</align>
									<font>menufontimpacted</font>
									<shadowcolor>grey3</shadowcolor>
									<label>$INFO[ListItem.Episode,$LOCALIZE[20452] ,]</label>
								</control>
							</control>
						</control>
						<control type="textbox" id="90">
							<left>154</left>
							<top>490</top>
							<width>625</width>
							<height>375</height>
							<include condition="!Skin.HasSetting(BigPlotText)">PlotText16Var</include>
							<include condition="Skin.HasSetting(BigPlotText)">PlotTextBigVar</include>
							<shadowcolor>black</shadowcolor>
							<label>$VAR[InfoWallTextboxVar]</label>
							<include>openclosevisible</include>
							<!-- <visible>!Control.IsVisible(303)</visible> -->
							<visible>![Container.Content(TVShows)|Container.Content(seasons)|Container.Content(episodes)|Container.Content(addons)|ListItem.IsFolder]</visible>
							<visible>!ListItem.IsCollection</visible>
						</control>
						<control type="group">
							<left>0</left>
							<top>30</top>
							<include>openclosevisible</include>
							<!-- <visible>!String.IsEmpty(ListItem.Label)+!ListItem.IsParentFolder</visible>
							<visible>!Container.Content(episodes)+Window.IsVisible(videos)</visible> -->
							<visible>!ListItem.IsParentFolder+ListItem.IsFolder</visible>
							<control type="list" id="303">
								<left>142</left>
								<top>90</top>
								<width>640</width>
								<height>750</height>
								<onleft>$PARAM[viewid]</onleft>
								<onright condition="Control.IsVisible(3031)">3031</onright>
								<onright condition="Control.IsVisible(15000)">15000</onright>
								<onright condition="!Control.IsVisible(15000)">732</onright>
								<onup>303</onup>
								<ondown>303</ondown>
								<viewtype label="3 Panel">panel</viewtype>
								<pagecontrol>3031</pagecontrol>
								<scrolltime>200</scrolltime>
								<visible>!String.IsEmpty(ListItem.Label)+!ListItem.IsParentFolder</visible>
								<itemlayout width="640" height="52">
									<control type="label">
										<left>15</left>
										<width>580</width>
										<height>66</height>
										<align>left</align>
										<textcolor>grey</textcolor>
										<label>$VAR[OriginalTitle]</label>
									</control>
									<control type="image">
										<left>38r</left>
										<top>18</top>
										<width>38</width>
										<height>30</height>
										<texture background="true">$INFO[ListItem.Overlay]</texture>
										<visible>!Container($PARAM[viewid]).ListItem.IsResumable</visible>
									</control>
									<control type="image">
										<left>38r</left>
										<top>18</top>
										<width>30</width>
										<height>30</height>
										<texture background="true">OverlayWatching.png</texture>
										<visible>Container($PARAM[viewid]).ListItem.IsResumable</visible>
									</control>
								</itemlayout>
								<focusedlayout width="640" height="52">
									<control type="image">
										<left>0</left>
										<top>6</top>
										<width>640</width>
										<height>52</height>
										<colordiffuse>grey1</colordiffuse>
										<texture border="5">buttons/ButtonFOlightGlow.png</texture>
										<visible>Control.HasFocus(303)</visible>
									</control>
									<control type="image">
										<left>0</left>
										<top>6</top>
										<width>640</width>
										<height>52</height>
										<colordiffuse>grey2</colordiffuse>
										<texture border="5">buttons/ButtonFOlightGlow.png</texture>
										<visible>!Control.HasFocus(303)</visible>
									</control>
									<control type="label">
										<left>15</left>
										<width>680</width>
										<height>66</height>
										<align>left</align>
										<label>$VAR[OriginalTitle]</label>
									</control>
									<control type="image">
										<left>38r</left>
										<top>18</top>
										<width>38</width>
										<height>30</height>
										<texture background="true">$INFO[ListItem.Overlay]</texture>
										<visible>!Container($PARAM[viewid]).ListItem.IsResumable</visible>
									</control>
									<control type="image">
										<left>38r</left>
										<top>18</top>
										<width>30</width>
										<height>30</height>
										<texture background="true">OverlayWatching.png</texture>
										<visible>Container($PARAM[viewid]).ListItem.IsResumable</visible>
									</control>
								</focusedlayout>
								<content target="videos">$INFO[ListItem.FolderPath]</content>
							</control>
							<include content="DefaultScrollbar">
								<param name="id" value="3031" />
								<param name="left" value="787" />
								<param name="top" value="105" />
								<param name="height" value="720" />
								<param name="onleft" value="303" />
							</include>
						</control>
					</control>
					<control type="group">
						<left>-420</left>
						<animation effect="slide" end="30" time="200" condition="Control.HasFocus($PARAM[viewid]1)">Conditional</animation>
						<include>ScrollOffsetLabel</include>
					</control>
					<control type="group"> <!-- Panel 1 -->
						<animation effect="slide" end="30" time="200" condition="Control.HasFocus($PARAM[viewid]1)">Conditional</animation>
						<animation type="WindowOpen">
							<effect type="fade" start="0" end="100" time="300" />
							<effect type="slide" start="-600" end="0,0" time="500" />
						</animation>
						<animation type="Visible">
							<effect type="fade" start="0" end="100" time="300" />
							<effect type="slide" start="-600" end="0,0" time="500" />
						</animation>
						<include content="sidefade_shadow">
							<param name="left" value="-30" />
							<param name="id" value="$PARAM[viewid]1" />
							<param name="visible" value="Control.HasFocus($PARAM[viewid]1)" />
						</include>
						<visible>Control.IsVisible($PARAM[viewid])</visible>
						<control type="group">
							<left>-15</left>
							<top>45</top>
							<control type="image">
								<left>42</left>
								<top>939</top>
								<width>684</width>
								<height>75</height>
								<texture border="16">ContentPanelMirror.png</texture>
							</control>
							<control type="image">
								<left>36</left>
								<top>20</top>
								<width>694</width>
								<height>938</height>
								<colordiffuse>$VAR[Panel1Color]</colordiffuse>
								<texture>InlayDark.png</texture>
							</control>
							<control type="image">
								<left>36</left>
								<top>20</top>
								<width>694</width>
								<height>938</height>
								<colordiffuse>$VAR[Panel1Color]</colordiffuse>
								<texture>InlayDark.png</texture>
							</control>
						</control>
						<control type="list" id="$PARAM[viewid]">
							<left>76</left>
							<top>112</top>
							<width>585</width>
							<height>840</height>
							<onleft condition="Control.IsVisible($PARAM[viewid]1)">$PARAM[viewid]1</onleft>
							<onleft condition="!Control.IsVisible($PARAM[viewid]1)">9000</onleft>
							<onright condition="!String.IsEmpty(Container(303).ListItem.Label)">303</onright>
							<onright condition="String.IsEmpty(Container(303).ListItem.Label)+!Control.IsVisible(15000)">732</onright>
							<onright condition="String.IsEmpty(Container(303).ListItem.Label)+Control.IsVisible(15000)">15000</onright>
							<onup>$PARAM[viewid]</onup>
							<ondown>$PARAM[viewid]</ondown>
							<viewtype label="3 Panel">panel</viewtype>
							<pagecontrol>$PARAM[viewid]1</pagecontrol>
							<preloaditems>20</preloaditems>
							<scrolltime>200</scrolltime>
							<visible>Container.Content(Sets)|Container.Content(Musicvideos)|Container.Content(Movies)|Container.Content(TVShows)|Container.Content(Episodes)|Container.Content(Seasons)</visible>
							<itemlayout width="585" height="105">
								<control type="image">
									<left>0</left>
									<top>6</top>
									<width>585</width>
									<height>98</height>
									<aspectratio>keep</aspectratio>
									<colordiffuse>$VAR[CoverDim]</colordiffuse>
									<texture diffuse="masks/banner_mask.png">$VAR[PosterThumb]</texture>
									<visible>ListItem.IsParentFolder</visible>
								</control>
								<control type="image">
									<left>0</left>
									<top>6</top>
									<width>585</width>
									<height>98</height>
									<aspectratio>stretch</aspectratio>
									<colordiffuse>$VAR[CoverDim]</colordiffuse>
									<texture diffuse="masks/banner_mask.png" fallback="FallbackBanner2.png">$VAR[BannerVAR]</texture>
									<visible>!ListItem.IsParentFolder</visible>
								</control>
								<control type="group">
									<left>0</left>
									<top>8</top>
									<include>Amazon_Flagg_Small</include>
								</control>
								<control type="group">
									<left>0</left>
									<top>8</top>
									<include>WatchedIcon_Small</include>
								</control>
								<control type="group">
									<left>510</left>
									<top>27</top>
									<include>Set_Flagg_Small</include>
								</control>
								<control type="image">
									<left>0</left>
									<top>6</top>
									<width>585</width>
									<height>98</height>
									<aspectratio>stretch</aspectratio>
									<colordiffuse>grey3</colordiffuse>
									<texture border="5">masks/Default.png</texture>
									<!-- <visible>String.IsEmpty(ListItem.Art(banner))|!Skin.HasSetting(EnableExtendedArt)</visible> -->
								</control>
								<control type="label">
									<left>8</left>
									<top>9</top>
									<width>570</width>
									<height>98</height>
									<align>center</align>
									<aligny>center</aligny>
									<textcolor>grey</textcolor>
									<font>impacted21</font>
									<shadowcolor>black</shadowcolor>
									<label>$VAR[OriginalTitle]</label>
									<visible>!ListItem.IsParentFolder</visible>
									<visible>[String.IsEmpty(ListItem.Art(banner))+String.IsEmpty(ListItem.Art(set.banner))+String.IsEmpty(ListItem.Art(tvshow.banner))]|Container.Content(episodes)</visible>
								</control>
							</itemlayout>
							<focusedlayout width="585" height="120">
								<control type="group">
									<top>9</top>
									<animation effect="zoom" start="100" end="105" center="auto" time="150">Focus</animation>
									<control type="image">
										<left>0</left>
										<top>6</top>
										<width>585</width>
										<height>98</height>
										<aspectratio>keep</aspectratio>
										<texture diffuse="masks/banner_mask.png">$VAR[PosterThumb]</texture>
										<visible>ListItem.IsParentFolder</visible>
									</control>
									<control type="image">
										<left>0</left>
										<top>6</top>
										<width>585</width>
										<height>98</height>
										<aspectratio>stretch</aspectratio>
										<texture diffuse="masks/banner_mask.png" fallback="FallbackBanner2.png">$VAR[BannerVAR]</texture>
										<visible>!ListItem.IsParentFolder</visible>
									</control>
									<control type="group">
										<left>0</left>
										<top>8</top>
										<include>Amazon_Flagg_Small_Focus</include>
									</control>
									<control type="group">
										<left>0</left>
										<top>8</top>
										<include>WatchedIcon_Focus_Small</include>
									</control>
									<control type="group">
										<left>510</left>
										<top>27</top>
										<include>Set_Flagg_Small_Focus</include>
									</control>
									<control type="image">
										<left>0</left>
										<top>6</top>
										<width>585</width>
										<height>98</height>
										<colordiffuse>fanartdiffuse</colordiffuse>
										<texture border="5">masks/Default.png</texture>
										<visible>!Control.HasFocus($PARAM[viewid])</visible>
									</control>
									<control type="image">
										<left>0</left>
										<top>6</top>
										<width>585</width>
										<height>98</height>
										<texture border="5">masks/Default.png</texture>
										<visible>Control.HasFocus($PARAM[viewid])</visible>
									</control>
									<control type="label">
										<left>8</left>
										<top>9</top>
										<width>570</width>
										<height>98</height>
										<align>center</align>
										<aligny>center</aligny>
										<font>impacted21</font>
										<textcolor>white</textcolor>
										<shadowcolor>black</shadowcolor>
										<label>$VAR[OriginalTitle]</label>
										<visible>!ListItem.IsParentFolder</visible>
										<visible>[String.IsEmpty(ListItem.Art(banner))+String.IsEmpty(ListItem.Art(set.banner))+String.IsEmpty(ListItem.Art(tvshow.banner))]|Container.Content(episodes)</visible>
										<!-- <visible>[[String.IsEmpty(ListItem.Art(banner))+String.IsEmpty(ListItem.Art(tvshow.banner))]|Container.Content(episodes)]|[!Skin.HasSetting(EnableExtendedArt)|ListItem.IsParentFolder]</visible> -->
									</control>
								</control>
							</focusedlayout>
						</control>
						<include content="DefaultScrollbar">
							<param name="id" value="$PARAM[viewid]1" />
							<param name="left" value="-14" />
							<param name="top" value="120" />
							<param name="height" value="832" />
							<param name="onleft" value="9000" />
							<param name="onright1" value="$PARAM[viewid]" />
							<param name="onright1_condi" value="true" />
						</include>
					</control>
				</control>
				<control type="group"> <!-- Movie Flagging -->
					<left>30</left>
					<top>1015</top>
					<include>opencloseslideup</include>
					<visible>Control.IsVisible($PARAM[viewid])+!Control.HasFocus(666)</visible>
					<visible>!Container.Content(songs)</visible>
					<animation type="Conditional" condition="ControlGroup(9000).HasFocus()|ControlGroup(90000).HasFocus()|ControlGroup(9001).HasFocus()| ControlGroup(9002).HasFocus()">
						<effect type="slide" start="0" end="0,150" time="250" />
					</animation>
					<control type="grouplist">
						<left>0</left>
						<top>0</top>
						<width>1400</width>
						<height>45</height>
						<itemgap>12</itemgap>
						<align>left</align>
						<orientation>horizontal</orientation>
						<include>FlagVideo</include>
						<include>FlagVideoAudioStream1</include>
						<include>FlagVideoAudioStream2</include>
						<include>FlagVideoSubtitles</include>
					</control>
				</control>
				<control type="group">
					<include>opencloseslideup</include>
					<visible>Control.IsVisible($PARAM[viewid])+!Control.HasFocus(666)</visible>
					<include>CommonPageCount</include>
					<animation type="Conditional" condition="ControlGroup(9000).HasFocus()|ControlGroup(90000).HasFocus()|ControlGroup(9001).HasFocus()| ControlGroup(9002).HasFocus()">
						<effect type="slide" start="0" end="0,150" time="250" />
					</animation>
				</control>
				<include content="AlphaBarV" condition="!Skin.HasSetting(HideJumpSMSBar)"><param name="id" value="$PARAM[viewid]"/></include>
			</control>
		</definition>
    </include>
</includes>
