<?xml version="1.0" encoding="UTF-8"?>
<!-------------------------------------------------------------------------------------------------------------------------------->
<!-- This file create the extras menu found on screen like the video info page                                                  -->
<!-------------------------------------------------------------------------------------------------------------------------------->
<window id="1119" type="dialog">
	<defaultcontrol always="true">90200</defaultcontrol>
	<include>DialogOpenCloseAnimation</include>
	<onunload>ClearProperty(Info.DBID,movieinformation)</onunload>
	<onunload>ClearProperty(Info.FileNameAndPath,movieinformation)</onunload>
	<onunload>ClearProperty(Info.Path,movieinformation)</onunload>
	<onunload>ClearProperty(Info.Fanart,movieinformation)</onunload>
	<onunload>ClearProperty(Info.Artist,movieinformation)</onunload>
	<onunload>ClearProperty(Info.DBType,movieinformation)</onunload>
	<controls>
		<control type="grouplist" id="90200">
			<centerleft>50%</centerleft>
			<width>510</width>
			<height>1080</height>
			<onleft>90200</onleft>
			<onright>90200</onright>
			<onup>90200</onup>
			<ondown>90200</ondown>
			<align>center</align>
			<!-- Draw the popup -->
			<control type="image">
				<description>background image</description>
				<width>510</width>
				<height>34</height>
				<texture border="30,20,30,2">dialog_top2.png</texture>
			</control>
			<!-- Button - Cinema Experience -->
			<control type="button" id="90202">
				<visible>System.HasAddon(script.cinema.experience)</visible>
				<visible>String.IsEqual(Window(movieinformation).Property(Info.DBType),movie) + !String.Contains(Window(videos).Property(CinemaExperienceRunning),True)</visible>
				<width>510</width>
				<textwidth>435</textwidth>
				<textoffsetx>45</textoffsetx>
				<texturefocus border="35,2,35,2">button_shutdown_focus.png</texturefocus>
				<texturenofocus border="35,2,35,2">button_shutdown_nofocus.png</texturenofocus>
				<onclick>Dialog.Close(1119)</onclick>
				<onclick>Dialog.Close(MovieInformation)</onclick>
				<onclick>RunScript(script.cinema.experience,movieid=$INFO[Window(movieinformation).Property(Info.DBID)])</onclick>
				<label>$INFO[System.AddonTitle(script.cinema.experience)]</label>
			</control>
			<!-- Button - CinemaVision -->
			<control type="button" id="90203">
				<visible>System.HasAddon(script.cinemavision)</visible>
				<visible>String.IsEqual(Window(movieinformation).Property(Info.DBType),movie) | String.IsEqual(Window(movieinformation).Property(Info.DBType),tvshow) | String.IsEqual(Window(movieinformation).Property(Info.DBType),season) | String.IsEqual(Window(movieinformation).Property(Info.DBType),episode)</visible>
				<width>510</width>
				<textwidth>435</textwidth>
				<textoffsetx>45</textoffsetx>
				<texturefocus border="35,2,35,2">button_shutdown_focus.png</texturefocus>
				<texturenofocus border="35,2,35,2">button_shutdown_nofocus.png</texturenofocus>
				<onclick>Dialog.Close(1119)</onclick>
				<onclick>Dialog.Close(MovieInformation)</onclick>
				<onclick>RunScript(script.cinemavision,experience)</onclick>
				<label>$INFO[System.AddonTitle(script.cinemavision)]</label>
			</control>
			<!-- Button - Artwork downloader -->
			<control type="button" id="90204">
				<visible>System.HasAddon(script.artwork.downloader) + [String.IsEqual(Window(movieinformation).Property(Info.DBType),movie) | String.IsEqual(Window(movieinformation).Property(Info.DBType),tvshow)]</visible>
				<width>510</width>
				<textwidth>435</textwidth>
				<textoffsetx>45</textoffsetx>
				<texturefocus border="35,2,35,2">button_shutdown_focus.png</texturefocus>
				<texturenofocus border="35,2,35,2">button_shutdown_nofocus.png</texturenofocus>
				<onclick>Dialog.Close(1119)</onclick>
				<onclick condition="String.IsEqual(Window(movieinformation).Property(Info.DBType),movie)">RunScript(script.artwork.downloader, mediatype=movie, dbid=$INFO[Window(movieinformation).Property(Info.DBID)])</onclick>
				<onclick condition="String.IsEqual(Window(movieinformation).Property(Info.DBType),tvshow)">RunScript(script.artwork.downloader, mediatype=tvshow, dbid=$INFO[Window(movieinformation).Property(Info.DBID)])</onclick>
				<label>$INFO[System.AddonTitle(script.artwork.downloader)]</label>
			</control>
			<!-- Button - Artwork downloader -->
			<control type="button" id="90205">
				<visible>System.HasAddon(script.artwork.downloader) + [String.IsEqual(Window(movieinformation).Property(Info.DBType),movie) | String.IsEqual(Window(movieinformation).Property(Info.DBType),tvshow)]</visible>
				<width>510</width>
				<textwidth>435</textwidth>
				<textoffsetx>45</textoffsetx>
				<texturefocus border="35,2,35,2">button_shutdown_focus.png</texturefocus>
				<texturenofocus border="35,2,35,2">button_shutdown_nofocus.png</texturenofocus>
				<onclick>Dialog.Close(1119)</onclick>
				<onclick condition="String.IsEqual(Window(movieinformation).Property(Info.DBType),movie)">RunScript(script.artwork.downloader, mode=gui, mediatype=movie, dbid=$INFO[Window(movieinformation).Property(Info.DBID)])</onclick>
				<onclick condition="String.IsEqual(Window(movieinformation).Property(Info.DBType),tvshow)">RunScript(script.artwork.downloader,mode=gui, mediatype=tvshow, dbid=$INFO[Window(movieinformation).Property(Info.DBID)])</onclick>
				<label>$INFO[System.AddonTitle(script.artwork.downloader),,: $LOCALIZE[413]]</label>
			</control>
			<!-- Button - Edit -->
			<control type="button" id="90206">
				<visible>System.HasAddon(script.libraryeditor)</visible>
				<width>510</width>
				<textwidth>435</textwidth>
				<textoffsetx>45</textoffsetx>
				<texturefocus border="35,2,35,2">button_shutdown_focus.png</texturefocus>
				<texturenofocus border="35,2,35,2">button_shutdown_nofocus.png</texturenofocus>
				<onclick>Dialog.Close(1119)</onclick>
				<onclick>RunScript(script.libraryeditor,DBID=$INFO[Window(movieinformation).Property(Info.DBID)])</onclick>
				<label>21435</label>
			</control>
			<!-- Button - Rating Update -->
			<control type="button" id="90207">
				<visible>System.HasAddon(script.ratingupdate)</visible>
				<visible>String.IsEqual(Window(movieinformation).Property(Info.DBType),movie) | String.IsEqual(Window(movieinformation).Property(Info.DBType),tvshow)</visible>
				<width>510</width>
				<textwidth>435</textwidth>
				<textoffsetx>45</textoffsetx>
				<texturefocus border="35,2,35,2">button_shutdown_focus.png</texturefocus>
				<texturenofocus border="35,2,35,2">button_shutdown_nofocus.png</texturenofocus>
				<onclick>Dialog.Close(1119)</onclick>
				<onclick>RunScript(script.ratingupdate,Single=Movie)</onclick>
				<label>31067</label>
			</control>
			<!-- Button - TvTunes -->
			<control type="button" id="90208">
				<visible>System.HasAddon(script.tvtunes)</visible>
				<visible>[String.IsEqual(Window(movieinformation).Property(Info.DBType),movie) | String.IsEqual(Window(movieinformation).Property(Info.DBType),tvshow) | Container.Content(musicvideos)] + String.IsEmpty(Window(movieinformation).Property("TvTunes_HideVideoInfoButton"))</visible>
				<width>510</width>
				<textwidth>435</textwidth>
				<textoffsetx>45</textoffsetx>
				<texturefocus border="35,2,35,2">button_shutdown_focus.png</texturefocus>
				<texturenofocus border="35,2,35,2">button_shutdown_nofocus.png</texturenofocus>
				<onclick>Dialog.Close(1119)</onclick>
				<onclick>RunScript(script.tvtunes,mode=solo)</onclick>
				<label>$INFO[System.AddonTitle(script.tvtunes)]</label>
			</control>
			<!-- Button - VideoExtras -->
			<control type="button" id="90209">
				<visible>System.HasAddon(script.videoextras)</visible>
				<visible>[String.IsEqual(Window(movieinformation).Property(Info.DBType),movie) | String.IsEqual(Window(movieinformation).Property(Info.DBType),tvshow) | Container.Content(episodes) | Container.Content(musicvideos)]</visible>
				<width>510</width>
				<textwidth>435</textwidth>
				<textoffsetx>45</textoffsetx>
				<texturefocus border="35,2,35,2">button_shutdown_focus.png</texturefocus>
				<texturenofocus border="35,2,35,2">button_shutdown_nofocus.png</texturenofocus>
				<onclick>Dialog.Close(1119)</onclick>
				<onclick condition="!String.IsEqual(Window(movieinformation).Property(Info.DBType),tvshow)">RunScript(script.videoextras,display,"$INFO[Window(movieinformation).Property(Info.FileNameAndPath)]")</onclick>
				<onclick condition="String.IsEqual(Window(movieinformation).Property(Info.DBType),tvshow)">RunScript(script.videoextras,display,"$INFO[Window(movieinformation).Property(Info.Path)]")</onclick>
				<label>$INFO[System.AddonTitle(script.videoextras)]</label>
			</control>
			<!-- Button - Search YouTube -->
			<control type="button" id="90210">
				<visible>System.HasAddon(plugin.video.youtube) + [Container.Content(albums) | Container.Content(songs)]</visible>
				<width>510</width>
				<textwidth>435</textwidth>
				<textoffsetx>45</textoffsetx>
				<texturefocus border="35,2,35,2">button_shutdown_focus.png</texturefocus>
				<texturenofocus border="35,2,35,2">button_shutdown_nofocus.png</texturenofocus>
				<onclick>Dialog.Close(all,true)</onclick>
				<onclick>ActivateWindow(videos,$ESCINFO[Window(movieinformation).Property(Info.Label),plugin://plugin.video.youtube/?path=/root/search&amp;feed=search&amp;search=],return)</onclick>
				<label>$INFO[System.AddonTitle(plugin.video.youtube)]</label>
			</control>
			<!-- Button - Fullscreen Fanart -->
			<control type="button" id="90211">
				<visible>!String.IsEmpty(Window(movieinformation).Property(Info.Fanart))</visible>
				<width>510</width>
				<textwidth>435</textwidth>
				<textoffsetx>45</textoffsetx>
				<texturefocus border="35,2,35,2">button_shutdown_focus.png</texturefocus>
				<texturenofocus border="35,2,35,2">button_shutdown_nofocus.png</texturenofocus>
				<onclick>SetProperty(FSFanart,$INFO[Window(movieinformation).Property(Info.Fanart)],movieinformation)</onclick>
				<onclick>ActivateWindow(1131)</onclick>
				<label>$LOCALIZE[31092]</label>
			</control>
			<!-- Button - Concerts in google maps addon -->
			<control type="button" id="90212">
				<visible>Container.Content(artists) + System.HasAddon(script.maps.browser)</visible>
				<width>510</width>
				<textwidth>435</textwidth>
				<textoffsetx>45</textoffsetx>
				<texturefocus border="35,2,35,2">button_shutdown_focus.png</texturefocus>
				<texturenofocus border="35,2,35,2">button_shutdown_nofocus.png</texturenofocus>
				<onclick>RunScript(script.maps.browser,artist=$INFO[Window(movieinformation).Property(Info.Artist)])</onclick>
				<onclick>Dialog.Close(1119)</onclick>
				<label>$LOCALIZE[31096]</label>
			</control>
			<!-- Button - Extended Info -->
			<control type="button" id="90213">
				<visible>[String.IsEqual(Window(movieinformation).Property(Info.DBType),movie) | String.IsEqual(Window(movieinformation).Property(Info.DBType),tvshow)] + System.HasAddon(script.extendedinfo)</visible>
				<width>510</width>
				<textwidth>435</textwidth>
				<textoffsetx>45</textoffsetx>
				<texturefocus border="35,2,35,2">button_shutdown_focus.png</texturefocus>
				<texturenofocus border="35,2,35,2">button_shutdown_nofocus.png</texturenofocus>
				<onclick condition="String.IsEqual(Window(movieinformation).Property(Info.DBType),movie)">RunScript(script.extendedinfo,info=extendedinfo,dbid=$INFO[Window(movieinformation).Property(Info.DBID)])</onclick>
				<onclick condition="String.IsEqual(Window(movieinformation).Property(Info.DBType),tvshow)">RunScript(script.extendedinfo,info=extendedtvinfo,dbid=$INFO[Window(movieinformation).Property(Info.DBID)])</onclick>
				<onclick>Dialog.Close(1119)</onclick>
				<label>$INFO[System.AddonTitle(script.extendedinfo)]</label>
			</control>
			<!-- Button - Embuary Info settings -->
			<control type="button" id="90214">
				<width>510</width>
				<textwidth>435</textwidth>
				<textoffsetx>45</textoffsetx>
				<texturefocus border="35,2,35,2">button_shutdown_focus.png</texturefocus>
				<texturenofocus border="35,2,35,2">button_shutdown_nofocus.png</texturenofocus>
				<onclick>Addon.OpenSettings(script.embuary.info)</onclick>
				<label>$LOCALIZE[31991]</label>
			</control>
			<!-- Button - No extra feautures -->
			<control type="button" id="90299">
				<visible>![Control.IsVisible(90202) | Control.IsVisible(90203) | Control.IsVisible(90204) | Control.IsVisible(90205) | Control.IsVisible(90206) | Control.IsVisible(90207) | Control.IsVisible(90208) | Control.IsVisible(90209) | Control.IsVisible(90210) | Control.IsVisible(90211) | Control.IsVisible(90212) | Control.IsVisible(90213) | Control.IsVisible(90214)]</visible>
				<width>510</width>
				<textwidth>435</textwidth>
				<textoffsetx>45</textoffsetx>
				<texturefocus border="35,2,35,2">button_shutdown_focus.png</texturefocus>
				<texturenofocus border="35,2,35,2">button_shutdown_nofocus.png</texturenofocus>
				<onclick>Dialog.Close(1119)</onclick>
				<label>$LOCALIZE[31075]</label>
			</control>
			<control type="image">
				<description>background image</description>
				<width>510</width>
				<height>34</height>
				<texture border="30,2,30,20">dialog_bottom2.png</texture>
			</control>
		</control>
	</controls>
</window>