<?xml version="1.0" encoding="UTF-8"?>
<!-------------------------------------------------------------------------------------------------------------------------------->
<!-- This is the file responsible for displaying TMDB person data from the Embuary Info addon                                   -->
<!-------------------------------------------------------------------------------------------------------------------------------->
<window>
	<allowoverlay>no</allowoverlay>
	<onload>SetFocus(900181)</onload>
	<controls>

		<!-- A hidden list to pull Embuary actor details from -->
		<control type="list" id="10051">
			<include>HiddenList</include>
		</control>

		<!-- Left Side - Poster -->
		<control type="group">
			<!-- <top>140</top> Unable to define here due to animation on control in group -->
			<left>0</left>
			<animation effect="slide" start="0,0" end="0,-10" time="700" condition="Skin.HasSetting(scopeFormat235)">Conditional</animation>
			<animation effect="slide" start="-729,0" end="0,0" time="500" tween="quadratic">WindowOpen</animation>
			<animation effect="slide" end="-729,0" time="500" tween="quadratic">WindowClose</animation>
			<animation effect="slide" start="-729,0" end="0,0" time="500" tween="quadratic" condition="![Window.IsVisible(script-ExtendedInfo Script-DialogVideoInfo.xml) | Window.IsVisible(script-ExtendedInfo Script-DialogInfo.xml)]">Conditional</animation>
			<animation effect="slide" end="-729,0" time="500" tween="quadratic" condition="Window.IsVisible(script-ExtendedInfo Script-DialogVideoInfo.xml) | Window.IsVisible(script-ExtendedInfo Script-DialogInfo.xml)">Conditional</animation>
			<control type="image">
				<animation effect="zoom" end="0,140,547,820" time="700" condition="Skin.HasSetting(scopeFormat235)">Conditional</animation>
				<top>140</top> <!-- Need to define here due to animation on control-->
				<width>533</width>
				<height>800</height>
				<aspectratio aligny="top">scale</aspectratio>
				<texture background="true" fallback="black.png">$INFO[Container(10051).ListItem.Art(thumb)]</texture>
			</control>
		</control>
		<!-- Right Side - everything else -->
		<control type="group">
			<animation effect="slide" start="0,0" end="0,-10" time="700" condition="Skin.HasSetting(scopeFormat235)">Conditional</animation>	
			<animation effect="slide" start="VideoInfoSlidePos" end="0,0" time="500" tween="quadratic">WindowOpen</animation>
			<animation effect="slide" end="VideoInfoSlidePos" time="500" tween="quadratic">WindowClose</animation>
			<animation effect="slide" start="VideoInfoSlidePos" end="0,0" time="500" tween="quadratic" condition="![Window.IsVisible(script-ExtendedInfo Script-DialogVideoInfo.xml) | Window.IsVisible(script-ExtendedInfo Script-DialogInfo.xml)]">Conditional</animation>
			<animation effect="slide" end="VideoInfoSlidePos" time="500" tween="quadratic" condition="Window.IsVisible(script-ExtendedInfo Script-DialogVideoInfo.xml) | Window.IsVisible(script-ExtendedInfo Script-DialogInfo.xml)">Conditional</animation>
			<!-- <top>140</top> Unable to define here due to animation on control in group -->
			<left>533</left>
			<!-- Right panel overlay -->
			<control type="image">
				<animation effect="slide" start="0,0" end="14,0" time="700" condition="Skin.HasSetting(scopeFormat235)">Conditional</animation>
				<animation effect="zoom" end="0,140,1387,820" time="700" condition="Skin.HasSetting(scopeFormat235)">Conditional</animation>
				<top>140</top> <!-- Need to define here due to animation on control-->
				<width>1387</width>
				<height>800</height>
				<texture>colors\TMDB-primary.png</texture>
			</control>
			<!-- Info -->
			<control type="group">
				<animation effect="slide" start="0,0" end="14,0" time="700" condition="Skin.HasSetting(scopeFormat235)">Conditional</animation>
				<top>140</top> <!-- Need to define here due to animation defined on controls in parent(s)-->
				<left>40</left>
				<!-- Top Bar -->
				<control type="group">
					<control type="grouplist">
						<!-- Name -->
						<control type="label">
							<width>1307</width>
							<height>55</height>
							<align>left</align>
							<aligny>center</aligny>
							<font>font30_title_bold</font>
							<textcolor>grey</textcolor>
							<scroll>true</scroll>
							<label>$INFO[Container(10051).ListItem.Label]</label>
						</control>
						<!-- Known for -->
						<control type="label">
							<width>1307</width>
							<height>30</height>
							<align>left</align>
							<aligny>center</aligny>
							<font>font14</font>
							<scroll>true</scroll>
							<label>[COLOR TMDBSecondaryColor]$LOCALIZE[31986] $INFO[Container(10051).ListItem.Property(Known_For_Department)][/COLOR]</label>
						</control>
					</control>
					<!-- TMDB Logo -->
					<control type="image">
						<left>230r</left>
						<top>10</top>
						<width>190</width>
						<height>81</height>
						<aspectratio>keep</aspectratio>
						<texture background="true">logos\TMDB\TMDB-primary-short.png</texture>
					</control>
				</control>
				<!-- Seperator -->
				<control type="image">
					<top>100</top>
					<left>-36</left>
					<height>1</height>
					<texture colordiffuse="TMDBTertiaryColor">separator_horizontal.png</texture>
				</control>
				<!-- Data labels -->
				<control type="group">
					<control type="panel" id="300">
					<enable>no</enable>
					<top>100</top>
					<left>-36</left>
					<orientation>vertical</orientation>
					<scrolltime tween="quadratic" easing="out">200</scrolltime>
						<itemlayout height="40" width="1060">
							<control type="label">
								<include>ButtonInfo</include>
								<label>[COLOR TMDBSecondaryColor]$INFO[ListItem.Label2][/COLOR] [COLOR grey]$INFO[ListItem.Label][/COLOR]</label>
							</control>
						</itemlayout>
						<focusedlayout height="40" width="1060">
							<control type="label">
								<include>ButtonInfo</include>
								<label>[COLOR TMDBSecondaryColor]$INFO[ListItem.Label2][/COLOR] [COLOR grey]$INFO[ListItem.Label][/COLOR]</label>
							</control>
						</focusedlayout>
						<content>
							<item>
								<visible>!String.IsEmpty(Container(10051).ListItem.Property(Age))</visible>
								<label>$INFO[Container(10051).ListItem.Property(Age)]</label>
								<label2>$ADDON[script.embuary.info 32006]:</label2>
							</item>
							<item>
								<visible>!String.IsEmpty(Container(10051).ListItem.Property(Birthday))</visible>
								<label>$INFO[Container(10051).ListItem.Property(Birthday)]</label>
								<label2>$LOCALIZE[21893]:</label2>
							</item>
							<item>
								<visible>!String.IsEmpty(Container(10051).ListItem.Property(Deathday))</visible>
								<label>$INFO[Container(10051).ListItem.Property(Deathday)]</label>
								<label2>$LOCALIZE[21897]:</label2>
							</item>
							<item>
								<visible>!String.IsEmpty(Container(10051).ListItem.Property(place_of_birth))</visible>
								<label>$INFO[Container(10051).ListItem.Property(place_of_birth)]</label>
								<label2>$ADDON[script.embuary.info 32007]:</label2>
							</item>
							<item>
								<visible>!String.IsEmpty(Container(10052).ListItemAbsolute(0).Label)</visible>
								<label>$INFO[Container(10052).NumItems]</label>
								<label2>$LOCALIZE[342]:</label2>
								<onclick>SetFocus(10052)</onclick>
							</item>
							<item>
								<visible>!String.IsEmpty(Container(10053).ListItemAbsolute(0).Label)</visible>
								<label>$INFO[Container(10053).NumItems]</label>
								<label2>$LOCALIZE[20343]:</label2>
								<onclick>SetFocus(10053)</onclick>
							</item>
						</content>
					</control>
				</control>
				<!-- Separator -->
				<control type="image">
					<top>344</top>
					<left>-36</left>
					<height>1</height>
					<texture colordiffuse="TMDBTertiaryColor">separator_horizontal.png</texture>
				</control>
				<!-- Main buttons bar -->
				<control type="group">
					<top>345</top>
					<left>-36</left>
					<!-- Buttons label -->
					<control type="group">
						<enable>no</enable>
						<left>36</left>
						<font>font14</font>
						<!-- Focus is on buttons area -->
						<control type="Label">
							<visible>!ControlGroup(9001).HasFocus | ControlGroup(9001).HasFocus(90017)</visible>
							<width>1000</width>
							<align>left</align>
							<scroll>true</scroll>
							<include>ButtonInfoDialogsCommonValues</include>
							<label>$VAR[EmbuaryInfoButtonLabelVar]</label>
						</control>
						<!-- Focus is on ExtendedInfo area -->
						<control type="label">
							<visible>ControlGroup(9001).HasFocus + !Control(90017).HasFocus</visible>
							<width>1000</width>
							<align>left</align>
							<scroll>true</scroll>
							<include>ButtonInfoDialogsCommonValues</include>
							<label>$VAR[EmbuaryInfoDetailsLabelVar]</label>
						</control>
					</control>
					<!-- Buttons -->
					<control type="grouplist" id="9000">
					<animation effect="slide" start="0,0" end="-14,0" time="700" condition="Skin.HasSetting(scopeFormat235)">Conditional</animation>
						<align>right</align>
						<orientation>horizontal</orientation>
						<onleft>9000</onleft>
						<onright>9000</onright>
						<onup>300</onup>
						<ondown>9001</ondown>
						<!-- Extras -->
						<control type="button" id="207">
							<enable>!Skin.HasSetting(KioskMode.Enabled)</enable>
							<width>65</width>
							<texturenofocus></texturenofocus>
							<font>IconMediumMD</font>
							<include>ButtonInfoDialogsCommonValues</include>
							<label></label>
							<onclick>ActivateWindow(1119)</onclick>
						</control>
					</control>
				</control>
				<!-- Separator -->
				<control type="image">
					<top>390</top>
					<left>-36</left>
					<height>1</height>
					<texture colordiffuse="TMDBTertiaryColor">separator_horizontal.png</texture>
				</control>
				<!-- ExtendedInfo area for 2.40 setting  -->
				<include content="VariableHeightExtendedInfo" condition="!Skin.HasSetting(scopeFormat235)">
					<param name="isembuaryperson" value="true" /> <!-- determines panels shown -->
					<param name="totalheight" value="409" />
					<param name="textheight" value="389" /> <!-- total height - media icon height - 10 -->
					<param name="posterheight" value="329" /> <!-- poster height - 80 -->
					<param name="posterwidth" value="219" />
				</include>
				<!-- ExtendedInfo area for 2.35 setting  -->
				<include content="VariableHeightExtendedInfo" condition="Skin.HasSetting(scopeFormat235)">
					<param name="isembuaryperson" value="true" /> <!-- determines panels shown -->
					<param name="totalheight" value="429" />
					<param name="textheight" value="409" /> <!-- total height - media icon height - 10 -->
					<param name="posterheight" value="349" /> <!-- poster height - 80 -->
					<param name="posterwidth" value="233" />
				</include>
				<!-- No clue what purpose this serves -->
				<control type="scrollbar" id="70">
					<include>HiddenObject</include>
				</control>
			</control>
		</control>
	</controls>
</window>
