<?xml version="1.0" encoding="UTF-8"?>
<window>
	<defaultcontrol></defaultcontrol>
	<onload>RunScript(script.artistslideshow)</onload>
	<controls>
		<control type="group">
			<control type="image">
				<aspectratio>scale</aspectratio>
				<texture>special://skin/extras/backgrounds/SKINDEFAULT.jpg</texture>
			</control>
			<control type="image">
				<aspectratio>scale</aspectratio>
				<fadetime>400</fadetime>
				<texture background="true">$INFO[Player.Art(fanart)]</texture>
				<visible>String.IsEmpty(Window(Visualisation).Property(ArtistSlideshow.Image))</visible>
			</control>
			<control type="image">
				<aspectratio>scale</aspectratio>
				<fadetime>400</fadetime>
				<texture background="true">$INFO[Window(Visualisation).Property(ArtistSlideshow.Image)]</texture>
				<visible>!String.IsEmpty(Window(Visualisation).Property(ArtistSlideshow.Image))</visible>
			</control>
			<control type="multiimage">
				<aspectratio>scale</aspectratio>
				<timeperimage>10000</timeperimage>
				<randomize>true</randomize>
				<fadetime>600</fadetime>
				<loop>yes</loop>
				<imagepath background="true">$INFO[Window(Visualisation).Property(ArtistSlideshow)]</imagepath>
				<visible>!String.IsEmpty(Window(Visualisation).Property(ArtistSlideshow.ArtworkReady)</visible>
			</control>
			<control type="visualisation" id="2">
				<description>visualisation</description>
				<left>0</left>
				<top>0</top>
				<width>100%</width>
				<height>100%</height>
				<visible>!String.IsEmpty(Visualisation.Name)</visible>
			</control>
			<control type="group">
				<visible>!Skin.HasSetting(MusicOSDHideInfo)</visible>
				<visible>Player.ShowInfo</visible>
				<visible>!Player.Paused</visible>
				<control type="image">
					<left>0</left>
					<top>400r</top>
					<width>100%</width>
					<height>400</height>
					<texture>backgrounds/gradient_floor.png</texture>
				</control>
				<control type="image">
					<left>0</left>
					<top>0</top>
					<width>100%</width>
					<height>400</height>
					<texture flipy="true">backgrounds/gradient_floor.png</texture>
				</control>
				<control type="group">
					<visible>Player.ShowInfo</visible>
					<visible>!Player.Paused</visible>
					<control type="image">
						<left>0</left>
						<top>0</top>
						<width>1920</width>
						<height>1080</height>
						<texture>backgrounds/fade.png</texture>
					</control>
					<control type="group">
						<animation effect="fade" start="20" time="1500" condition="Player.ShowInfo" pulse="true">Conditional</animation>
						<control type="image">
							<visible>!Skin.HasSetting(Shadow)</visible>
							<right>180</right>
							<top>70</top>
							<width>50</width>
							<height>50</height>
							<texture colordiffuse="black">osd/info.png</texture>
						</control>
						<control type="image">
							<right>180</right>
							<top>68</top>
							<width>50</width>
							<height>50</height>
							<texture>osd/info.png</texture>
						</control>
						<control type="label">
							<visible>!Skin.HasSetting(Shadow)</visible>
							<right>108</right>
							<top>82</top>
							<width>500</width>
							<height>27</height>
							<font>kai.primary</font>
							<textcolor>black</textcolor>
							<shadowcolor>black</shadowcolor>
							<align>right</align>
							<aligny>center</aligny>
							<label>[B]INFO![/B]</label>
						</control>
						<control type="label">
							<right>110</right>
							<top>80</top>
							<width>500</width>
							<height>27</height>
							<font>kai.primary</font>
							<textcolor>white</textcolor>
							<shadowcolor>black</shadowcolor>
							<align>right</align>
							<aligny>center</aligny>
							<label>[B]INFO![/B]</label>
						</control>
					</control>
					<control type="group">
						<control type="image">
							<visible>!Skin.HasSetting(Shadow)</visible>
							<left>203</left>
							<top>668</top>
							<width>473</width>
							<height>213</height>
							<texture colordiffuse="black">$INFO[Player.Art(thumb)]</texture>
							<aspectratio>keep</aspectratio>
							</control>
						<control type="image">
							<left>200</left>
							<top>665</top>
							<width>473</width>
							<height>213</height>
							<texture>$INFO[Player.Art(thumb)]</texture>
							<aspectratio>keep</aspectratio>
						</control>
						<control type="textbox">
							<visible>!Skin.HasSetting(Shadow)</visible>
							<left>663</left>
							<top>698</top>
							<width>940</width>
							<height>190</height>
							<font>font12</font>
							<align>justify</align>
							<aligny>top</aligny>
							<textcolor>black</textcolor>
							<shadowcolor>black</shadowcolor>
							<label>$INFO[MusicPlayer.Property(Album_Description)]</label>
							<autoscroll time="2000" delay="6000" repeat="10000">true</autoscroll>
							<visible>!String.IsEmpty(MusicPlayer.Property(Album_Description))</visible>
						</control>
						<control type="textbox">
							<left>660</left>
							<top>695</top>
							<width>940</width>
							<height>190</height>
							<font>font12</font>
							<align>justify</align>
							<aligny>top</aligny>
							<textcolor>white</textcolor>
							<shadowcolor>black</shadowcolor>
							<label>$INFO[MusicPlayer.Property(Album_Description)]</label>
							<autoscroll time="2000" delay="6000" repeat="10000">true</autoscroll>
							<visible>!String.IsEmpty(MusicPlayer.Property(Album_Description))</visible>
						</control>
						<control type="textbox">
							<visible>!Skin.HasSetting(Shadow)</visible>
							<left>663</left>
							<top>698</top>
							<width>940</width>
							<height>190</height>
							<font>font12</font>
							<align>justify</align>
							<aligny>top</aligny>
							<textcolor>black</textcolor>
							<shadowcolor>black</shadowcolor>
							<label>$INFO[MusicPlayer.Property(Artist_Description)]</label>
							<autoscroll time="2000" delay="6000" repeat="10000">true</autoscroll>
							<visible>String.IsEmpty(MusicPlayer.Property(Album_Description))</visible>
						</control>
						<control type="textbox">
							<left>660</left>
							<top>695</top>
							<width>940</width>
							<height>190</height>
							<font>font12</font>
							<align>justify</align>
							<aligny>top</aligny>
							<textcolor>white</textcolor>
							<shadowcolor>black</shadowcolor>
							<label>$INFO[MusicPlayer.Property(Artist_Description)]</label>
							<autoscroll time="2000" delay="6000" repeat="10000">true</autoscroll>
							<visible>String.IsEmpty(MusicPlayer.Property(Album_Description))</visible>
						</control>
						<control type="group">
							<left>780r</left>
							<top>890</top>
							<control type="image">
								<visible>!Skin.HasSetting(Shadow)</visible>
								<left>280</left>
								<top>2</top>
								<width>86</width>
								<height>33</height>
								<texture colordiffuse="black">$INFO[VideoPlayer.AudioCodec,flags/audio/,.png]</texture>
								<aspectratio>keep</aspectratio>
							</control>
							<control type="image">
								<left>278</left>
								<top>0</top>
								<width>86</width>
								<height>33</height>
								<texture>$INFO[VideoPlayer.AudioCodec,flags/audio/,.png]</texture>
								<aspectratio>keep</aspectratio>
							</control>
							<control type="image">
								<visible>!Skin.HasSetting(Shadow)</visible>
								<left>371</left>
								<top>2</top>
								<width>86</width>
								<height>33</height>
								<texture colordiffuse="black">$INFO[VideoPlayer.AudioChannels,flags/audio/,.png]</texture>
								<aspectratio>keep</aspectratio>
							</control>
							<control type="image">
								<left>369</left>
								<top>0</top>
								<width>86</width>
								<height>33</height>
								<texture>$INFO[VideoPlayer.AudioChannels,flags/audio/,.png]</texture>
								<aspectratio>keep</aspectratio>
							</control>
						</control>
					</control>
				</control>
			</control>
			<control type="group">
				<visible>!Skin.HasSetting(MusicOSDHideInfo)</visible>
				<visible>!Player.ShowInfo</visible>
				<visible>Player.Paused</visible>
				<control type="image">
					<left>0</left>
					<top>400r</top>
					<width>100%</width>
					<height>400</height>
					<texture>backgrounds/gradient_floor.png</texture>
				</control>
				<control type="image">
					<left>0</left>
					<top>0</top>
					<width>100%</width>
					<height>400</height>
					<texture flipy="true">backgrounds/gradient_floor.png</texture>
				</control>
				<control type="group">
					<visible>!Player.ShowInfo</visible>
					<visible>Player.Paused</visible>
					<control type="image">
						<left>0</left>
						<top>0</top>
						<width>1920</width>
						<height>1080</height>
						<texture>backgrounds/fade.png</texture>
					</control>
					<control type="group">
						<animation effect="fade" start="20" time="1500" condition="Player.Paused" pulse="true">Conditional</animation>
						<control type="image">
						<visible>!Skin.HasSetting(Shadow)</visible>
							<right>428</right>
							<top>70</top>
							<width>50</width>
							<height>50</height>
							<texture colordiffuse="black">osd/pause.png</texture>
						</control>
						<control type="image">
							<right>430</right>
							<top>68</top>
							<width>50</width>
							<height>50</height>
							<texture>osd/pause.png</texture>
						</control>
						<control type="label">
						<visible>!Skin.HasSetting(Shadow)</visible>
							<right>108</right>
							<top>82</top>
							<width>500</width>
							<height>27</height>
							<font>kai.primary</font>
							<textcolor>black</textcolor>
							<shadowcolor>black</shadowcolor>
							<align>right</align>
							<aligny>center</aligny>
							<label>[B]Pause![/B] Es geht gleich weiter...</label>
						</control>
						<control type="label">
							<right>110</right>
							<top>80</top>
							<width>500</width>
							<height>27</height>
							<font>kai.primary</font>
							<textcolor>white</textcolor>
							<shadowcolor>black</shadowcolor>
							<align>right</align>
							<aligny>center</aligny>
							<label>[B]Pause![/B] Es geht gleich weiter...</label>
						</control>
					</control>
					<control type="group">
						<control type="image">
						<visible>!Skin.HasSetting(Shadow)</visible>
							<left>203</left>
							<top>668</top>
							<width>473</width>
							<height>213</height>
							<texture colordiffuse="black">$INFO[Player.Art(thumb)]</texture>
							<aspectratio>keep</aspectratio>
						</control>
						<control type="image">
							<left>200</left>
							<top>665</top>
							<width>473</width>
							<height>213</height>
							<texture>$INFO[Player.Art(thumb)]</texture>
							<aspectratio>keep</aspectratio>
						</control>
						<control type="textbox">
						<visible>!Skin.HasSetting(Shadow)</visible>
							<left>663</left>
							<top>698</top>
							<width>940</width>
							<height>190</height>
							<font>font12</font>
							<align>justify</align>
							<aligny>top</aligny>
							<textcolor>black</textcolor>
							<shadowcolor>black</shadowcolor>
							<label>$INFO[MusicPlayer.Property(Album_Description)]</label>
							<autoscroll time="2000" delay="6000" repeat="10000">true</autoscroll>
							<visible>!String.IsEmpty(MusicPlayer.Property(Album_Description))</visible>
						</control>
						<control type="textbox">
							<left>660</left>
							<top>695</top>
							<width>940</width>
							<height>190</height>
							<font>font12</font>
							<align>justify</align>
							<aligny>top</aligny>
							<textcolor>white</textcolor>
							<shadowcolor>black</shadowcolor>
							<label>$INFO[MusicPlayer.Property(Album_Description)]</label>
							<autoscroll time="2000" delay="6000" repeat="10000">true</autoscroll>
							<visible>!String.IsEmpty(MusicPlayer.Property(Album_Description))</visible>
						</control>
						<control type="textbox">
							<visible>!Skin.HasSetting(Shadow)</visible>
							<left>663</left>
							<top>698</top>
							<width>940</width>
							<height>190</height>
							<font>font12</font>
							<align>justify</align>
							<aligny>top</aligny>
							<textcolor>black</textcolor>
							<shadowcolor>black</shadowcolor>
							<label>$INFO[MusicPlayer.Property(Artist_Description)]</label>
							<autoscroll time="2000" delay="6000" repeat="10000">true</autoscroll>
							<visible>String.IsEmpty(MusicPlayer.Property(Album_Description))</visible>
						</control>
						<control type="textbox">
							<left>660</left>
							<top>695</top>
							<width>940</width>
							<height>190</height>
							<font>font12</font>
							<align>justify</align>
							<aligny>top</aligny>
							<textcolor>white</textcolor>
							<shadowcolor>black</shadowcolor>
							<label>$INFO[MusicPlayer.Property(Artist_Description)]</label>
							<autoscroll time="2000" delay="6000" repeat="10000">true</autoscroll>
							<visible>String.IsEmpty(MusicPlayer.Property(Album_Description))</visible>
						</control>
						<control type="group">
							<left>780r</left>
							<top>890</top>
							<control type="image">
							<visible>!Skin.HasSetting(Shadow)</visible>
								<left>280</left>
								<top>2</top>
								<width>86</width>
								<height>33</height>
								<texture colordiffuse="black">$INFO[VideoPlayer.AudioCodec,flags/audio/,.png]</texture>
								<aspectratio>keep</aspectratio>
							</control>
							<control type="image">
								<left>278</left>
								<top>0</top>
								<width>86</width>
								<height>33</height>
								<texture>$INFO[VideoPlayer.AudioCodec,flags/audio/,.png]</texture>
								<aspectratio>keep</aspectratio>
							</control>
							<control type="image">
							<visible>!Skin.HasSetting(Shadow)</visible>
								<left>371</left>
								<top>2</top>
								<width>86</width>
								<height>33</height>
								<texture colordiffuse="black">$INFO[VideoPlayer.AudioChannels,flags/audio/,.png]</texture>
								<aspectratio>keep</aspectratio>
							</control>
							<control type="image">
								<left>369</left>
								<top>0</top>
								<width>86</width>
								<height>33</height>
								<texture>$INFO[VideoPlayer.AudioChannels,flags/audio/,.png]</texture>
								<aspectratio>keep</aspectratio>
							</control>
						</control>
					</control>
				</control>
			</control>
			<control type="group">
				<left>20</left>
				<width>1880</width>
				<control type="group">
					<top>-79</top>
					<control type="label">
					<visible>!Skin.HasSetting(Shadow)</visible>
						<right>77</right>
						<top>185</top>
						<width>1200</width>
						<height>60</height>
						<font>menu.title</font>
						<align>right</align>
						<aligny>center</aligny>
						<textcolor>black</textcolor>
						<shadowcolor>black</shadowcolor>
						<label>$INFO[MusicPlayer.Title] $INFO[MusicPlayer.Artist, - ] $INFO[MusicPlayer.Album, - ]</label>
						<scroll>true</scroll>
					</control>
					<control type="label">
						<right>80</right>
						<top>182</top>
						<width>1200</width>
						<height>60</height>
						<font>menu.title</font>
						<align>right</align>
						<aligny>center</aligny>
						<textcolor>$INFO[Skin.String(color.500)]</textcolor>
						<shadowcolor>black</shadowcolor>
						<label>$INFO[MusicPlayer.Title] [COLORwhite]$INFO[MusicPlayer.Artist, - ] $INFO[MusicPlayer.Album, - ][/COLOR]</label>
						<scroll>true</scroll>
					</control>
					<control type="label">
						<visible>!Skin.HasSetting(Shadow)</visible>
						<right>78</right>
						<top>222</top>
						<width>1200</width>
						<height>60</height>
						<font>font12</font>
						<align>right</align>
						<aligny>center</aligny>
						<textcolor>black</textcolor>
						<shadowcolor>black</shadowcolor>
						<label>$INFO[MusicPlayer.offset(1).Artist,$LOCALIZE[19031]: ]$INFO[MusicPlayer.offset(1).Title, - ]</label>
						<visible>!String.IsEmpty(MusicPlayer.Artist)</visible>
					</control>
					<control type="label">
						<right>80</right>
						<top>220</top>
						<width>1200</width>
						<height>60</height>
						<font>font12</font>
						<align>right</align>
						<aligny>center</aligny>
						<textcolor>grey</textcolor>
						<shadowcolor>black</shadowcolor>
						<label>$INFO[MusicPlayer.offset(1).Artist,$LOCALIZE[19031]: ]$INFO[MusicPlayer.offset(1).Title, - ]</label>
						<visible>!String.IsEmpty(MusicPlayer.Artist)</visible>
					</control>
				</control>	
			</control>
			<control type="group">
			<visible>[Skin.HasSetting(AlwaysShowMusicInfo) | Player.ShowInfo | Window.IsActive(MusicOSD)] + ![Window.IsVisible(AddonSettings) | Window.IsVisible(SelectDialog) | Window.IsVisible(VisualisationPresetList) | Window.IsVisible(PVROSDChannels) | Window.IsVisible(PVRChannelGuide) | Window.IsVisible(PVRRadioRDSInfo) | Window.IsVisible(Addon)]</visible>
				<control type="group">
					<left>20</left>
					<width>1880</width>
					<control type="progress">
						<left>300</left>
						<top>935</top>
						<right>300</right>
						<height>5</height>
						<info>Player.ProgressCache</info>
						<midtexture colordiffuse="button.nf">backgrounds/white.png</midtexture>
					</control>
					<control type="progress">
						<left>300</left>
						<top>935</top>
						<right>300</right>
						<height>5</height>
						<info>Player.Progress</info>
						<texturebg colordiffuse="$INFO[Skin.String(color.500)]">backgrounds/white.png</texturebg>
					</control>
					<control type="label">
					<visible>!Skin.HasSetting(Shadow)</visible>
						<left>192</left>
						<top>910</top>
						<width>100</width>
						<height>60</height>
						<font>breadcrumb.secondary</font>
						<align>right</align>
						<aligny>center</aligny>
						<textcolor>black</textcolor>
						<shadowcolor>black</shadowcolor>
						<label>$INFO[MusicPlayer.Time(hh:mm:ss)]</label>
						<visible>!String.IsEmpty(MusicPlayer.Time)</visible>
					</control>
					<control type="label">
						<left>190</left>
						<top>908</top>
						<width>100</width>
						<height>60</height>
						<font>breadcrumb.secondary</font>
						<align>right</align>
						<aligny>center</aligny>
						<textcolor>white</textcolor>
						<shadowcolor>black</shadowcolor>
						<label>$INFO[MusicPlayer.Time(hh:mm:ss)]</label>
						<visible>!String.IsEmpty(MusicPlayer.Time)</visible>
					</control>
					<control type="label">
					<visible>!Skin.HasSetting(Shadow)</visible>
						<left>288r</left>
						<top>910</top>
						<width>150</width>
						<height>60</height>
						<font>breadcrumb.secondary</font>
						<align>left</align>
						<aligny>center</aligny>
						<textcolor>black</textcolor>
						<shadowcolor>black</shadowcolor>
						<label>$INFO[MusicPlayer.Duration]</label>
						<visible>!String.IsEmpty(MusicPlayer.Duration)</visible>
					</control>
					<control type="label">
						<left>290r</left>
						<top>908</top>
						<width>150</width>
						<height>60</height>
						<font>breadcrumb.secondary</font>
						<align>left</align>
						<aligny>center</aligny>
						<textcolor>white</textcolor>
						<shadowcolor>black</shadowcolor>
						<label>$INFO[MusicPlayer.Duration]</label>
						<visible>!String.IsEmpty(MusicPlayer.Duration)</visible>
					</control>
				</control>
			</control>
		</control>
	</controls>
</window>