<?xml version="1.0" encoding="UTF-8"?>
<includes>
		<include name="MediaListView5">
		<control type="group">
			<visible>Control.IsVisible(530)</visible>
			<include>VisibleFadeEffect</include>
			<control type="list" id="530">
				<left>645</left>
				<top>247</top>
				<width>585</width>
				<height>401</height>
				<onleft>2</onleft>
				<onright>60</onright>
				<onup>530</onup>
				<ondown>530</ondown>
				<viewtype label="$LOCALIZE[90113]">list</viewtype>
				<pagecontrol>60</pagecontrol>
				<scrolltime>200</scrolltime>
				<visible>Container.Content(TVShows) | Container.Content(Seasons) | Container.Content(Episodes) | Container.Content(Movies)</visible>
				<itemlayout height="40" width="580">
					<control type="image">
						<left>0</left>
						<top>0</top>
						<width>590</width>
						<height>41</height>
						<texture border="0,2,0,2">MenuItemNF.png</texture>
					</control>
					<control type="label">
						<left>10</left>
						<top>0</top>
						<width>520</width>
						<height>40</height>
						<font>font13</font>
						<textcolor>grey2</textcolor>
						<selectedcolor>selected</selectedcolor>
						<align>left</align>
						<aligny>center</aligny>
						<label>$INFO[ListItem.Label]</label>
					</control>
					<control type="label">
						<left>10</left>
						<top>0</top>
						<width>500</width>
						<height>40</height>
						<font>font12</font>
						<textcolor>grey2</textcolor>
						<selectedcolor>selected</selectedcolor>
						<align>right</align>
						<aligny>center</aligny>
						<label>$INFO[ListItem.Label2]</label>
						<visible>Window.IsVisible(Videos)</visible>
						<animation effect="slide" start="0,0" end="40,0" delay="0" time="0" condition="![Container.Content(Movies) | Container.Content(Episodes) | Container.Content(MusicVideos)]">conditional</animation>
					</control>
					<control type="image">
						<left>515</left>
						<top>8</top>
						<width>40</width>
						<height>26</height>
						<texture>$VAR[MediaInfoOverlayVar]</texture>
						<aspectratio>keep</aspectratio>
						<visible>Container.Content(Movies) | Container.Content(Sets) | Container.Content(Episodes) | Container.Content(MusicVideos)</visible>
					</control>
					<include content="ListItemOverlay">
						<param name="left" value="555" />
					</include>
				</itemlayout>
				<focusedlayout height="40" width="580">
					<control type="image">
						<left>0</left>
						<top>0</top>
						<width>580</width>
						<height>41</height>
						<texture border="0,2,0,2">MenuItemNF.png</texture>
						<visible>!Control.HasFocus(530)</visible>
						<include>VisibleFadeEffect</include>
					</control>
					<control type="image">
						<left>0</left>
						<top>0</top>
						<width>580</width>
						<height>41</height>
						<texture border="0,2,0,2">MenuItemFO.png</texture>
						<visible>Control.HasFocus(530)</visible>
						<include>VisibleFadeEffect</include>
					</control>
					<control type="image">
						<left>380</left>
						<top>4</top>
						<width>200</width>
						<height>33</height>
						<texture border="0,0,14,0">MediaItemDetailBG.png</texture>
						<visible>Control.HasFocus(530) + !IsEmpty(ListItem.Label2)</visible>
					</control>
					<control type="label">
						<left>10</left>
						<top>0</top>
						<width>520</width>
						<height>40</height>
						<font>font13</font>
						<textcolor>grey2</textcolor>
						<selectedcolor>selected</selectedcolor>
						<align>left</align>
						<aligny>center</aligny>
						<label>$INFO[ListItem.Label]</label>
					</control>
					<control type="label">
						<left>10</left>
						<top>0</top>
						<width>500</width>
						<height>40</height>
						<font>font12</font>
						<textcolor>grey2</textcolor>
						<selectedcolor>selected</selectedcolor>
						<align>right</align>
						<aligny>center</aligny>
						<label>$INFO[ListItem.Label2]</label>
						<visible>Window.IsVisible(Videos)</visible>
						<animation effect="slide" start="0,0" end="40,0" delay="0" time="0" condition="![Container.Content(Movies) | Container.Content(Episodes) | Container.Content(MusicVideos)]">conditional</animation>
					</control>
					<control type="image">
						<left>515</left>
						<top>8</top>
						<width>40</width>
						<height>26</height>
						<texture>$VAR[MediaInfoOverlayVar]</texture>
						<aspectratio>keep</aspectratio>
						<visible>Container.Content(Movies) | Container.Content(Sets) | Container.Content(Episodes) | Container.Content(MusicVideos)</visible>
					</control>
					<include content="ListItemOverlay">
						<param name="left" value="555" />
					</include>
				</focusedlayout>
			</control>
			<control type="scrollbar" id="60">
				<left>1225</left>
				<top>247</top>
				<width>25</width>
				<height>401</height>
				<texturesliderbackground border="0,14,0,14">ScrollBarV.png</texturesliderbackground>
				<texturesliderbar border="0,14,0,14">ScrollBarV_bar.png</texturesliderbar>
				<texturesliderbarfocus border="0,14,0,14">ScrollBarV_bar_focus.png</texturesliderbarfocus>
				<textureslidernib>ScrollBarNib.png</textureslidernib>
				<textureslidernibfocus>ScrollBarNib.png</textureslidernibfocus>
				<onleft>530</onleft>
				<onright>2</onright>
				<showonepage>false</showonepage>
				<orientation>vertical</orientation>
				<visible>Control.IsVisible(530)</visible>
			</control>
			<control type="group">
				<left>40</left>
				<top>170</top>
				<visible>Control.IsVisible(530) + ListItem.IsParentFolder</visible>
				<control type="group">
					<left>10</left>
					<camera x="640" y="200" />
					<animation effect="rotatey" center="50" start="-30" end="-30" time="0" condition="true">Conditional</animation>
					<control type="image">
						<left>5</left>
						<top>55</top>
						<width>260</width>
						<height>480</height>
						<aspectratio aligny="bottom">stretch</aspectratio>
						<fadetime>IconCrossfadeTime</fadetime>
						<texture background="true">$VAR[PosterThumb]</texture>
						<bordertexture border="8">ThumbBorder.png</bordertexture>
						<bordersize>8</bordersize>
					</control>
					<control type="image">
						<left>13</left>
						<top>63</top>
						<width>180</width>
						<height>350</height>
						<aspectratio>stretch</aspectratio>
						<texture>GlassOverlay.png</texture>
						<colordiffuse>AAFFFFFF</colordiffuse>
					</control>
					<control type="image">
						<left>5</left>
						<top>530</top>
						<width>260</width>
						<height>300</height>
						<aspectratio>stretch</aspectratio>
						<bordertexture border="8">ThumbBorder.png</bordertexture>
						<bordersize>8</bordersize>
						<fadetime>200</fadetime>
						<texture background="true" flipy="true" >$VAR[PosterThumb]</texture>
						<colordiffuse>33FFFFFF</colordiffuse>
						<visible>!Skin.HasSetting(NoFloorAll)</visible>
					</control>
				</control>
			</control>
			<control type="group">
				<left>40</left>
				<top>170</top>
				<visible>Control.IsVisible(530) + String.IsEqual(ListItem.DBType,tvshow)</visible>
				<control type="group">
					<left>10</left>
					<camera x="640" y="200" />
					<animation effect="rotatey" center="50" start="-30" end="-30" time="0" condition="true">Conditional</animation>
					<control type="image">
						<left>5</left>
						<top>55</top>
						<width>260</width>
						<height>480</height>
						<aspectratio aligny="bottom">stretch</aspectratio>
						<fadetime>IconCrossfadeTime</fadetime>
						<texture background="true">$VAR[PosterThumb]</texture>
						<bordertexture border="8">ThumbBorder.png</bordertexture>
						<bordersize>8</bordersize>
					</control>
					<control type="image">
						<left>13</left>
						<top>63</top>
						<width>180</width>
						<height>350</height>
						<aspectratio>stretch</aspectratio>
						<texture>GlassOverlay.png</texture>
						<colordiffuse>AAFFFFFF</colordiffuse>
					</control>
					<control type="image">
						<left>5</left>
						<top>530</top>
						<width>260</width>
						<height>300</height>
						<aspectratio>stretch</aspectratio>
						<bordertexture border="8">ThumbBorder.png</bordertexture>
						<bordersize>8</bordersize>
						<fadetime>200</fadetime>
						<texture background="true" flipy="true" >$VAR[PosterThumb]</texture>
						<colordiffuse>33FFFFFF</colordiffuse>
						<visible>!Skin.HasSetting(NoFloorAll)</visible>
					</control>
				</control>
				<control type="label">
					<description>Episodes Count</description>
					<left>320</left>
					<top>320</top>
					<width>250</width>
					<height>25</height>
					<label>$INFO[ListItem.Episode,, $LOCALIZE[20453]]</label>
					<align>left</align>
					<aligny>center</aligny>
					<font>font13_title</font>
					<textcolor>white</textcolor>
					<shadowcolor>black</shadowcolor>
				</control>
				<control type="label">
					<description>Watched Count</description>
					<left>320</left>
					<top>380</top>
					<width>250</width>
					<height>25</height>
					<label>$INFO[ListItem.Property(WatchedEpisodes),, $LOCALIZE[16102]]</label>
					<align>left</align>
					<aligny>center</aligny>
					<font>font13_title</font>
					<textcolor>grey2</textcolor>
					<shadowcolor>black</shadowcolor>
				</control>
				<control type="label">
					<description>UnWatched Count</description>
					<left>320</left>
					<top>400</top>
					<width>250</width>
					<height>25</height>
					<label>$INFO[ListItem.Property(UnWatchedEpisodes),, $LOCALIZE[16101]]</label>
					<align>left</align>
					<aligny>center</aligny>
					<font>font13_title</font>
					<textcolor>grey2</textcolor>
					<shadowcolor>black</shadowcolor>
				</control>
			</control>
			<control type="group">
				<left>40</left>
				<top>170</top>
				<visible>Control.IsVisible(530) + String.IsEqual(ListItem.DBType,season)</visible>
				<control type="group">
					<left>10</left>
					<camera x="640" y="200" />
					<animation effect="rotatey" center="50" start="-30" end="-30" time="0" condition="true">Conditional</animation>
					<control type="image">
						<left>5</left>
						<top>55</top>
						<width>260</width>
						<height>480</height>
						<aspectratio aligny="bottom">stretch</aspectratio>
						<fadetime>IconCrossfadeTime</fadetime>
						<texture background="true">$VAR[PosterThumb]</texture>
						<bordertexture border="8">ThumbBorder.png</bordertexture>
						<bordersize>8</bordersize>
					</control>
					<control type="image">
						<left>13</left>
						<top>63</top>
						<width>180</width>
						<height>350</height>
						<aspectratio>stretch</aspectratio>
						<texture>GlassOverlay.png</texture>
						<colordiffuse>AAFFFFFF</colordiffuse>
					</control>
					<control type="image">
						<left>5</left>
						<top>530</top>
						<width>260</width>
						<height>300</height>
						<aspectratio>stretch</aspectratio>
						<bordertexture border="8">ThumbBorder.png</bordertexture>
						<bordersize>8</bordersize>
						<fadetime>200</fadetime>
						<texture background="true" flipy="true" >$VAR[PosterThumb]</texture>
						<colordiffuse>33FFFFFF</colordiffuse>
						<visible>!Skin.HasSetting(NoFloorAll)</visible>
					</control>
				</control>
				<control type="label">
					<description>Main Label Text</description>
					<left>320</left>
					<top>260</top>
					<width>250</width>
					<height>25</height>
					<label>$INFO[ListItem.Label]</label>
					<align>left</align>
					<aligny>center</aligny>
					<font>font30</font>
					<textcolor>white</textcolor>
					<shadowcolor>black</shadowcolor>
				</control>
				<control type="label">
					<description>Episodes Count</description>
					<left>320</left>
					<top>320</top>
					<width>250</width>
					<height>25</height>
					<label>$INFO[ListItem.Episode,, $LOCALIZE[20453]]</label>
					<align>left</align>
					<aligny>center</aligny>
					<font>font13_title</font>
					<textcolor>white</textcolor>
					<shadowcolor>black</shadowcolor>
				</control>
				<control type="label">
					<description>Watched Count</description>
					<left>320</left>
					<top>380</top>
					<width>250</width>
					<height>25</height>
					<label>$INFO[ListItem.Property(WatchedEpisodes),, $LOCALIZE[16102]]</label>
					<align>left</align>
					<aligny>center</aligny>
					<font>font13_title</font>
					<textcolor>grey2</textcolor>
					<shadowcolor>black</shadowcolor>
				</control>
				<control type="label">
					<description>UnWatched Count</description>
					<left>320</left>
					<top>400</top>
					<width>250</width>
					<height>25</height>
					<label>$INFO[ListItem.Property(UnWatchedEpisodes),, $LOCALIZE[16101]]</label>
					<align>left</align>
					<aligny>center</aligny>
					<font>font13_title</font>
					<textcolor>grey2</textcolor>
					<shadowcolor>black</shadowcolor>
				</control>
			</control>
			<control type="group">
				<left>50</left>
				<top>250</top>
				<visible>Control.IsVisible(530) + String.IsEqual(ListItem.DBType,episode)</visible>
				<control type="image">
					<left>0</left>
					<top>0</top>
					<width>600</width>
					<height>210</height>
					<aspectratio aligny="bottom">keep</aspectratio>
					<fadetime>IconCrossfadeTime</fadetime>
					<texture background="true">$VAR[PosterThumb]</texture>
					<bordertexture border="8">ThumbBorder.png</bordertexture>
					<bordersize>8</bordersize>
				</control>
				
				<control type="label">
					<description>INFO txt</description>
					<left>0</left>
					<top>220</top>
					<width>600</width>
					<height>25</height>
					<label>$INFO[ListItem.Season,[COLOR=blue] $LOCALIZE[20373]:[/COLOR] ] $INFO[ListItem.episode,[COLOR=blue] $LOCALIZE[20359]:[/COLOR] ] $INFO[ListItem.premiered,[COLOR=blue] $LOCALIZE[31322]:[/COLOR] ]</label>
					<align>center</align>
					<aligny>top</aligny>
					<font>font13_title</font>
					<textcolor>white</textcolor>
					<shadowcolor>black</shadowcolor>
					<wrapmultiline>true</wrapmultiline>
				</control>
				<control type="image">
					<left>0</left>
					<top>255</top>
					<width>600</width>
					<height>4</height>
					<texture>separator.png</texture>
				</control>
				<control type="textbox">
					<description>Description For TVShows</description>
					<left>0</left>
					<top>260</top>
					<width>600</width>
					<height>120</height>
					<font>font12</font>
					<align>left</align>
					<textcolor>white</textcolor>
					<label>$INFO[ListItem.Plot]</label>
					<autoscroll time="2000" delay="3000" repeat="5000">Skin.HasSetting(AutoScroll)</autoscroll>
				</control>
				<control type="grouplist">
					<description>Media Codec Flagging Images</description>
					<left>290</left>
					<top>410</top>
					<width>700</width>
					<align>left</align>
					<aspectratio aligny="top">keep</aspectratio>
					<itemgap>1</itemgap>
					<orientation>horizontal</orientation> 
					    <include>Studio</include>
					    <include>VideoCodecFlaggingConditions</include>
			            <include>VideoStereoscopicsFlaggingConditions</include>
			            <include>VideoHDRFlaggingConditions</include>
			        <include>AspectCodecFlaggingConditions</include>
			        <include>AudioChannelsFlaggingConditions</include>
			        <include>AudioCodecFlaggingConditions</include>
			        <include>VideoTypeHackFlaggingConditions</include>
			        <include>VideoBBFCFlaggingConditions</include>
				</control>
				<control type="image">
			       <description>Rating image</description>
			       <left>370</left>
					<top>490</top>
			        <width>35</width>
			       <height>35</height>
			       <aspectratio>keep</aspectratio>
			      <align>center</align>
			       <texture>$VAR[rating,flagging/ratings/,.png]</texture>
		        </control>
			</control>
			<control type="group">
				<left>40</left>
				<top>170</top>
				<visible>Control.IsVisible(530) + [String.IsEqual(ListItem.DBType,movie) | String.IsEqual(ListItem.DBType,set)]</visible>
				<control type="group">
					<left>10</left>
					<camera x="640" y="200" />
					<animation effect="rotatey" center="50" start="-30" end="-30" time="0" condition="true">Conditional</animation>
					<control type="image">
						<left>5</left>
						<top>55</top>
						<width>260</width>
						<height>480</height>
						<aspectratio aligny="bottom">stretch</aspectratio>
						<fadetime>IconCrossfadeTime</fadetime>
						<texture background="true">$VAR[PosterThumb]</texture>
						<bordertexture border="8">ThumbBorder.png</bordertexture>
						<bordersize>8</bordersize>
					</control>
					<control type="image">
						<left>13</left>
						<top>63</top>
						<width>180</width>
						<height>350</height>
						<aspectratio>stretch</aspectratio>
						<texture>GlassOverlay.png</texture>
						<colordiffuse>AAFFFFFF</colordiffuse>
					</control>
					<control type="image">
						<left>5</left>
						<top>530</top>
						<width>260</width>
						<height>300</height>
						<aspectratio>stretch</aspectratio>
						<bordertexture border="8">ThumbBorder.png</bordertexture>
						<bordersize>8</bordersize>
						<fadetime>200</fadetime>
						<texture background="true" flipy="true" >$VAR[PosterThumb]</texture>
						<colordiffuse>33FFFFFF</colordiffuse>
						<visible>!Skin.HasSetting(NoFloorAll)</visible>
					</control>
				</control>
				<control type="grouplist">
					<description>Media Codec Flagging Images</description>
					<left>270</left>
					<top>490</top>
					<width>700</width>
					<align>left</align>
					<aspectratio aligny="top">keep</aspectratio>
					<itemgap>1</itemgap>
					<orientation>horizontal</orientation>
					<include>Studio</include>
					    <include>VideoCodecFlaggingConditions</include>
			            <include>VideoStereoscopicsFlaggingConditions</include>
			            <include>VideoHDRFlaggingConditions</include>
			        <include>AspectCodecFlaggingConditions</include>
			        <include>AudioChannelsFlaggingConditions</include>
			        <include>AudioCodecFlaggingConditions</include>
			        <include>VideoTypeHackFlaggingConditions</include>
			        <include>VideoBBFCFlaggingConditions</include>
				</control>
				<control type="image">
			       <description>Rating image</description>
			       <left>370</left>
					<top>490</top>
			        <width>35</width>
			       <height>35</height>
			       <aspectratio>keep</aspectratio>
			      <align>center</align>
			       <texture>$VAR[rating,flagging/ratings/,.png]</texture>
		        </control>
				<!--<control type="image">
					<left>270</left>
					<top>490</top>
					<width>65</width>
					<height>65</height>
					<aspectratio aligny="top">keep</aspectratio>
					<texture>$VAR[StudioIconVar]</texture>
			    </control> 	-->
				<control type="textbox">
					<description>Description For Movie</description>
					<left>320</left>
					<top>80</top>
					<width>270</width>
					<height>380</height>
					<font>font12</font>
					<align>left</align>
					<textcolor>white</textcolor>
					<label>$INFO[ListItem.Plot]</label>
					<autoscroll time="2000" delay="3000" repeat="5000">Skin.HasSetting(AutoScroll)</autoscroll>
				</control>
				<control type="textbox">
					<description>Description For Movie</description>
					<left>320</left>
					<top>80</top>
					<width>270</width>
					<height>380</height>
					<font>font12</font>
					<align>left</align>
					<textcolor>white</textcolor>
					<label>$INFO[Window(Home).Property(SkinHelper.ListItem.Plot)]</label>
					<autoscroll time="2000" delay="3000" repeat="5000">Skin.HasSetting(AutoScroll)</autoscroll>
					<visible>String.IsEmpty(ListItem.Plot)</visible>
				</control>
			</control>
		</control>
	</include>
</includes>
