<?xml version="1.0" encoding="utf-8"?>
<window type="dialog" id="1104">
	<defaultcontrol always="true">11000</defaultcontrol>
	<include>openclose</include>
	<include>openclosebox</include>
	<controls>
		<visible>!Window.IsActive(DialogSettings.xml) + !Window.IsActive(DialogSlider.xml) + !Window.IsActive(GameVideoFilter) + !Window.IsActive(GameViewMode) + !Window.IsActive(GameControllers) + !Window.IsActive(GameVideoRotation)</visible>
		<include content="DialogInfoBackgroundParam">
			<param name="width" value="740" />
			<param name="height" value="440" />
			<param name="bottomimage" value="0" />
			<param name="id" value="1" />
			<param name="HeaderLabel" value="$LOCALIZE[35221]" />
		</include>
		<control type="group" id="11000">
			<centerleft>50%</centerleft>
			<top>180</top>
			<control type="grouplist" id="14100">
				<defaultcontrol always="true">14101</defaultcontrol>
				<visible>String.IsEqual(window(home).Property(settingslist_content),games)</visible>
				<centerleft>50%</centerleft>
				<centertop>50%</centertop>
				<width>700</width>
				<height>430</height>
				<itemgap>0</itemgap>
				<onup>14100</onup>
				<ondown>14100</ondown>
				<orientation>vertical</orientation>
				<control type="button" id="14101">
					<description>Video filter button</description>
					<width>700</width>
					<textcolor>white</textcolor>
					<include>dialogbutton_popup</include>
					<label>$LOCALIZE[35225]</label>
					<onclick>ActivateWindow(GameVideoFilter)</onclick>
				</control>
				<control type="button" id="14102">
					<description>Stretch mode button</description>
					<width>700</width>
					<textcolor>white</textcolor>
					<include>dialogbutton_popup</include>
					<label>$LOCALIZE[35233]</label>
					<onclick>ActivateWindow(GameStretchMode)</onclick>
				</control>
				<control type="button" id="14106">
					<description>Video rotation button</description>
					<width>700</width>
					<textcolor>white</textcolor>
					<include>dialogbutton_popup</include>
					<label>$LOCALIZE[35227]</label>
					<onclick>ActivateWindow(GameVideoRotation)</onclick>
				</control>
				<control type="button" id="14104">
					<description>Volume button</description>
					<width>700</width>
					<textcolor>white</textcolor>
					<include>dialogbutton_popup</include>
					<label>$LOCALIZE[13376]</label>
					<label2>[COLOR grey]Select + Right Stick[/COLOR]</label2>
					<onclick>ActivateWindow(GameVolume)</onclick>
				</control>
				<control type="button" id="14103">
					<description>Controller settings button</description>
					<width>700</width>
					<textcolor>white</textcolor>
					<include>dialogbutton_popup</include>
					<label>$LOCALIZE[35234]</label>
					<onclick>ActivateWindow(GameControllers)</onclick>
				</control>
				<control type="button" id="14105">
					<description>Advanced settings</description>
					<width>700</width>
					<textcolor>white</textcolor>
					<include>dialogbutton_popup</include>
					<label>$LOCALIZE[35226]</label>
					<onclick>ActivateWindow(GameAdvancedSettings)</onclick>
				</control>
			</control>
		</control>
	</controls>
</window>
