<?xml version="1.0" encoding="UTF-8"?>
<window id="29">
    <defaultcontrol always="true">52</defaultcontrol>
	<backgroundcolor>grey3</backgroundcolor>
    <include>openclose</include>
    <controls>
        <include>DialogBackground</include>
        <include>BlackStripes</include>
        <control type="group">
            <include>openclosebox</include>
            <control type="group">
                <include content="DialogInfoBackgroundParam">
                    <param name="width" value="1110" />
                    <param name="height" value="683" />
					<param name="bottomimage" value="623" />
                    <param name="HeaderLabel" value="31069" />
                </include>
            </control>
            <control type="group">
                <control type="list" id="52">
                    <left>442</left>
                    <top>270</top>
                    <width>1035</width>
                    <height>602</height>
                    <onleft>20</onleft>
                    <onright>20</onright>
                    <onup>52</onup>
                    <ondown>52</ondown>
                    <viewtype label="535">list</viewtype>
                    <pagecontrol>60</pagecontrol>
                    <scrolltime>200</scrolltime>
                    <itemlayout height="150" width="1035">
                        <control type="image">
                            <left>15</left>
                            <top>15</top>
                            <width>120</width>
                            <height>112</height>
                            <texture>$INFO[ListItem.Icon]</texture>
                        </control>
                        <control type="label">
                            <left>165</left>
                            <top>15</top>
                            <width>870</width>
                            <height>60</height>
                            <font>impacted21</font>
                            <textcolor>grey1</textcolor>
                            <align>left</align>
                            <aligny>center</aligny>
                            <label>$INFO[ListItem.Label]</label>
                        </control>
                        <control type="label">
                            <left>165</left>
                            <top>75</top>
                            <width>870</width>
                            <height>38</height>
                            <textcolor>grey2</textcolor>
                            <align>left</align>
                            <aligny>center</aligny>
                            <label>$INFO[ListItem.Label2]</label>
                        </control>
                    </itemlayout>
                    <focusedlayout height="150" width="870">
                        <control type="image">
                            <left>0</left>
                            <top>0</top>
                            <width>1035</width>
                            <height>142</height>
                            <texture border="5">buttons/ButtonNF.png</texture>
                            <visible>!Control.HasFocus(52)</visible>
                        </control>
                        <control type="image">
                            <left>0</left>
                            <top>0</top>
                            <width>1035</width>
                            <height>142</height>
                            <colordiffuse>$VAR[BackgroundOverlayColor]</colordiffuse>
                            <texture border="5">buttons/ButtonNF.png</texture>
                            <visible>Control.HasFocus(52)</visible>
                        </control>
                        <control type="image">
                            <left>15</left>
                            <top>15</top>
                            <width>120</width>
                            <height>112</height>
                            <texture>$INFO[ListItem.Icon]</texture>
                        </control>
                        <control type="label">
                            <left>165</left>
                            <top>15</top>
                            <width>870</width>
                            <height>60</height>
                            <font>impacted21</font>
                            <textcolor>white</textcolor>
                            <align>left</align>
                            <aligny>center</aligny>
                            <label>$INFO[ListItem.Label]</label>
                        </control>
                        <control type="label">
                            <left>165</left>
                            <top>75</top>
                            <width>870</width>
                            <height>38</height>
                            <textcolor>grey1</textcolor>
                            <align>left</align>
                            <aligny>center</aligny>
                            <label>$INFO[ListItem.Label2]</label>
                        </control>
                    </focusedlayout>
                </control>
                <control type="image">
                    <description>LOGO</description>
                    <left>30</left>
                    <top>960</top>
                    <width>330</width>
                    <height>120</height>
                    <aspectratio>keep</aspectratio>
                    <texture background="true">Horizonzv.png</texture>
                </control>
                <control type="group">
                    <left>945</left>
                    <top>975</top>
                    <control type="label">
                        <left>0</left>
                        <top>9</top>
                        <width>870</width>
                        <height>68</height>
                        <textcolor>grey2</textcolor>
                        <align>right</align>
                        <aligny>center</aligny>
                        <label>$LOCALIZE[31000]</label>
                    </control>
                    <control type="button" id="20">
                        <description>Power push button</description>
                        <left>885</left>
                        <top>15</top>
                        <width>60</width>
                        <height>60</height>
                        <label/>
                        <font/>
                        <onclick>ActivateWindow(ShutdownMenu)</onclick>
                        <texturefocus colordiffuse="red">center\Center_Shutdown.png</texturefocus>
                        <texturenofocus>center\Center_Shutdown.png</texturenofocus>
                        <onleft>52</onleft>
                        <onright>52</onright>
                        <onup>52</onup>
                        <ondown>52</ondown>
                    </control>
                </control>
            </control>
        </control>
        <include>Clock</include>
    </controls>
</window>
