<?xml version="1.0" encoding="UTF-8"?>
<includes>
    <include name="CoverWall_Big">
		<param name="viewid">740</param>
		<definition>
			<control type="group">
				<include>openclose</include>
				<visible>Control.IsVisible($PARAM[viewid])</visible>
				<include content="FakeButton444">
					<param name="visible" value="Control.IsVisible($PARAM[viewid])"/>
				</include>
				<include>WhiteGrunge</include>
				<control type="group">
					<include>openclosebox</include>
					<visible>Control.IsVisible($PARAM[viewid])</visible>
					<control type="panel" id="$PARAM[viewid]">
						<left>12</left>
						<top>15</top>
						<width>1920</width>
						<height>981</height>
						<onleft>CancelAlarm(plot,true)</onleft>
						<onleft>9000</onleft>
						<onright>CancelAlarm(plot,true)</onright>
						<onright condition="Control.IsVisible($PARAM[viewid]1)">$PARAM[viewid]1</onright>
						<onright condition="Control.IsVisible(15000)">15000</onright>
						<onright condition="!Control.IsVisible(15000)">732</onright>
						<onup>$PARAM[viewid]</onup>
						<ondown>$PARAM[viewid]</ondown>
						<viewtype label="BigWall">panel2</viewtype>
						<pagecontrol>$PARAM[viewid]1</pagecontrol>
						<scrolltime>300</scrolltime>
						<preloaditems>20</preloaditems>
						<visible>Container.Content(Musicvideos)|Container.Content(Sets)|Container.Content(Movies)|Container.Content(TVShows)|Container.Content(Seasons)</visible>
						<include>WallViewLayout</include>
					</control>
				</control>
				<include content="sidefade_shadow">
					<param name="left" value="165r" />
					<param name="flipx" value="true" />
					<param name="id" value="$PARAM[viewid]1" />
					<param name="visible" value="Control.HasFocus($PARAM[viewid]1)" />
				</include>
				<control type="group">
					<animation effect="slide" end="-65" time="150">Focus</animation>
					<include content="DefaultScrollbar">
						<param name="id" value="$PARAM[viewid]1" />
						<param name="left" value="1935" />
						<param name="top" value="105" />
						<param name="height" value="645" />
						<param name="onleft" value="$PARAM[viewid]" />
					</include>
				</control>
				<include content="sidefade_shadow">
					<param name="id" value="$PARAM[viewid]" />
					<param name="visible" value="!String.IsEmpty(Container(99950).ListItem.Property(Provider.1.Icon))" />
				</include>
				<include content="TMDbhelper_Provider_Icon">
					<param name="align" value="center"/>
					<param name="left" value="30"/>
					<param name="top" value="60"/>
					<param name="width" value="50"/>
					<param name="height" value="891"/>
					<param name="orientation" value="vertical"/>
					<param name="id" value="$PARAM[viewid]"/>
				</include>
				<include>WallViewInfoPanel</include>
				<include content="AlphaBarV" condition="!Skin.HasSetting(HideJumpSMSBar)"><param name="id" value="$PARAM[viewid]"/></include>
			</control>
		</definition>
    </include>
</includes>
