<?xml version="1.0" encoding="UTF-8"?>
<includes>
    <include name="RightList">
		<param name="viewid">721</param>
			<definition>
			<control type="group">
				<include>openclose</include>
				<visible>Control.IsVisible($PARAM[viewid])</visible>
				<control type="group">
					<include content="FakeButton444">
						<param name="visible" value="Control.IsVisible($PARAM[viewid])"/>
					</include>
					<include>openclosevisible</include>
					<visible>Control.IsVisible($PARAM[viewid])+!Control.HasFocus(666)</visible>
					<include>BlackGrunge</include>
				</control>
				<include content="sidefade_shadow">
					<param name="left" value="165r" />
					<param name="flipx" value="true" />
					<param name="id" value="$PARAM[viewid]1" />
					<param name="visible" value="Control.HasFocus($PARAM[viewid]1)" />
				</include>
				<control type="group">
					<left>855r</left>
					<include>opencloseslideleft</include>
					<visible>Control.IsVisible($PARAM[viewid])+!Control.HasFocus(666)</visible>
					<animation effect="slide" end="-15,0" time="300" condition="Control.HasFocus($PARAM[viewid]1)">Conditional</animation>
					<control type="image">
						<left>-3</left>
						<top>-8</top>
						<width>3</width>
						<height>1095</height>
						<colordiffuse>$VAR[BackgroundOverlayColorDialog]</colordiffuse>
						<texture>White.png</texture>
					</control>
					<control type="image">
						<left>840</left>
						<top>-8</top>
						<width>3</width>
						<height>1095</height>
						<colordiffuse>$VAR[BackgroundOverlayColorDialog]</colordiffuse>
						<texture>White.png</texture>
					</control>
					<control type="image">
						<left>0</left>
						<top>-8</top>
						<width>840</width>
						<height>1095</height>
						<colordiffuse>grey2</colordiffuse>
						<texture>Underlay2.png</texture>
					</control>
					<control type="image">
						<left>22</left>
						<top>982</top>
						<width>795</width>
						<height>3</height>
						<colordiffuse>fanartdiffuse</colordiffuse>
						<texture background="true" border="1">Separator1.png</texture>
					</control>
					<control type="list" id="$PARAM[viewid]">
						<left>0</left>
						<top>105</top>
						<width>840</width>
						<height>861</height>
						<onleft>9000</onleft>
						<onright condition="Control.IsVisible($PARAM[viewid]1)">$PARAM[viewid]1</onright>
						<onright condition="!Control.IsVisible($PARAM[viewid]1)+Control.IsVisible(15000)">15000</onright>
						<onright condition="!Control.IsVisible($PARAM[viewid]1)+!Control.IsVisible(15000)">732</onright>
						<onup>$PARAM[viewid]</onup>
						<ondown>$PARAM[viewid]</ondown>
						<viewtype label="RightList">list</viewtype>
						<pagecontrol>$PARAM[viewid]1</pagecontrol>
						<scrolltime>200</scrolltime>
						<visible>Container.Content(Sets)|Container.Content(Musicvideos)|Container.Content(Movies)|Container.Content(TVShows)|Container.Content(Episodes)|Container.Content(Seasons)</visible>
						<itemlayout width="840" height="50">
							<control type="label">
								<left>50</left>
								<right>50</right>
								<height>50</height>
								<align>left</align>
								<textcolor>grey</textcolor>
								<label>$VAR[OriginalTitle]</label>
							</control>
							<control type="label">
								<right>50</right>
								<height>50</height>
								<align>right</align>
								<textcolor>grey</textcolor>
								<font>ubuntu-r16b</font>
								<label>$VAR[ListItemLabel2]</label>
								<visible>!Container.Content(Addons)</visible>
								<animation effect="slide" end="38" condition="Window.IsVisible(music)">Conditional</animation>
							</control>
							<control type="label">
								<right>50</right>
								<height>50</height>
								<align>right</align>
								<textcolor>grey</textcolor>
								<font>ubuntu-r16b</font>
								<label>$INFO[ListItem.Property(Addon.Status)]$INFO[ListItem.AddonVersion, (,) ]</label>
								<visible>Container.Content(Addons)</visible>
							</control>
							<control type="image">
								<left>10</left>
								<top>10</top>
								<height>30</height>
								<width>30</width>
								<aspectratio align="left">keep</aspectratio>
								<texture background="true">$VAR[ListFlag]</texture>
								<visible>!ListItem.IsFolder|ListItem.IsCollection</visible>
							</control>
							<control type="image">
								<left>40r</left>
								<width>30</width>
								<height>50</height>
								<aspectratio>keep</aspectratio>
								<texture background="true">$INFO[ListItem.Overlay]</texture>
								<visible>!ListItem.IsResumable</visible>
							</control>
							<control type="image">
								<left>40r</left>
								<width>30</width>
								<height>50</height>
								<aspectratio>keep</aspectratio>
								<texture background="true">OverlayWatching.png</texture>
								<visible>ListItem.IsResumable</visible>
							</control>
							<control type="image">
								<left>40r</left>
								<width>30</width>
								<height>50</height>
								<aspectratio>keep</aspectratio>
								<texture background="true">OverlayRAR.png</texture>
								<visible>String.Contains(ListItem.Property(Addon.Status),$LOCALIZE[13413])</visible>
							</control>
						</itemlayout>
						<focusedlayout width="840" height="75">
							<control type="group">
								<include>focuseffect</include>
								<control type="image">
									<width>840</width>
									<height>75</height>
									<texture background="true" border="2" colordiffuse="$VAR[BackgroundOverlayColorDialog]">buttons/ButtonFO.png</texture>
									<visible>!Control.HasFocus($PARAM[viewid])</visible>
								</control>
								<control type="image">
									<width>840</width>
									<height>75</height>
									<texture background="true" border="2">buttons/ButtonFO.png</texture>
									<visible>Control.HasFocus($PARAM[viewid])</visible>
								</control>
								<control type="image">
									<width>840</width>
									<height>75</height>
									<texture background="true" border="5">buttons/ButtonNF.png</texture>
								</control>
								<control type="label">
									<left>50</left>
									<right>50</right>
									<height>50</height>
									<align>left</align>
									<textcolor>black</textcolor>
									<shadowcolor>grey</shadowcolor>
									<label>$VAR[OriginalTitle]</label>
								</control>
								<control type="label">
									<right>50</right>
									<height>50</height>
									<align>right</align>
									<textcolor>black</textcolor>
									<shadowcolor>grey</shadowcolor>
									<font>ubuntu-r16b</font>
									<label>$VAR[ListItemLabel2]</label>
									<visible>!Container.Content(Addons)</visible>
									<animation effect="slide" end="38" condition="Window.IsVisible(music)">Conditional</animation>
								</control>
								<control type="label">
									<right>50</right>
									<height>50</height>
									<align>right</align>
									<textcolor>black</textcolor>
									<shadowcolor>grey</shadowcolor>
									<font>font16</font>
									<label>$INFO[ListItem.Property(Addon.Status)]$INFO[ListItem.AddonVersion, (,) ]</label>
									<visible>Container.Content(Addons)</visible>
								</control>
								<control type="label">
									<left>50</left>
									<right>50</right>
									<top>38</top>
									<height>33</height>
									<align>left</align>
									<font>ubuntu-r13b</font>
									<shadowcolor>grey2</shadowcolor>
									<shadowcolor/>
									<scroll>false</scroll>
									<label>$INFO[ListItem.Duration,, $LOCALIZE[12391] | ]$INFO[ListItem.Genre,,]</label>
								</control>
								<control type="image">
									<left>10</left>
									<top>10</top>
									<height>30</height>
									<width>30</width>
									<aspectratio align="left">keep</aspectratio>
									<texture background="true">$VAR[ListFlag]</texture>
									<visible>!ListItem.IsFolder|ListItem.IsCollection</visible>
								</control>
								<control type="image">
									<left>40r</left>
									<width>30</width>
									<height>50</height>
									<aspectratio>keep</aspectratio>
									<texture background="true">$INFO[ListItem.Overlay]</texture>
									<visible>!ListItem.IsResumable</visible>
								</control>
								<control type="image">
									<left>40r</left>
									<width>30</width>
									<height>50</height>
									<aspectratio>keep</aspectratio>
									<texture background="true">OverlayWatching.png</texture>
									<visible>ListItem.IsResumable</visible>
								</control>
								<control type="image">
									<left>40r</left>
									<width>30</width>
									<height>50</height>
									<aspectratio>keep</aspectratio>
									<texture background="true">OverlayRAR.png</texture>
									<visible>String.Contains(ListItem.Property(Addon.Status),$LOCALIZE[13413])</visible>
								</control>
							</control>
						</focusedlayout>
					</control>
				</control>
				<control type="group">
					<animation effect="slide" end="-20,0" time="300">Focus</animation>
					<include content="DefaultScrollbar">
						<param name="id" value="$PARAM[viewid]1" />
						<param name="left" value="0r" />
						<param name="top" value="105" />
						<param name="height" value="870" />
						<param name="onleft" value="$PARAM[viewid]" />
						<param name="visible" value="Control.IsVisible($PARAM[viewid])+!Control.HasFocus(666)" />
					</include>
				</control>
				<control type="group"> <!-- Set Information -->
					<visible>Control.IsVisible($PARAM[viewid])+!Control.HasFocus(666)</visible>
					<visible>ListItem.IsCollection</visible>
					<include>openclosemedium</include>
					<control type="grouplist">
						<left>30</left>
						<top>445</top>
						<width>1150</width>
						<height>135</height>
						<itemgap>8</itemgap>
						<animation effect="zoom" end="88" condition="true">Conditional</animation>
						<include content="MovieSetInformationCover">
							<param name="left" value="30"/>
							<param name="top" value="0" />
							<param name="leftlabel" value="0"/>
							<param name="toplabel" value="555" />
						</include>
					</control>
				</control>
				<control type="group">
					<visible>!ListItem.IsParentFolder</visible>
					<include>openclosevisible</include>
					<include>opencloseslideright</include>
					<visible>Control.IsVisible($PARAM[viewid])+!Control.HasFocus(666)</visible>
					<control type="group">
						<left>0</left>
						<top>0</top>
						<control type="image">
							<left>352</left>
							<top>578</top>
							<width>3</width>
							<height>390</height>
							<colordiffuse>fanartdiffuse</colordiffuse>
							<texture background="true" border="1">Separator4.png</texture>
						</control>
						<control type="image">
							<left>22</left>
							<top>562</top>
							<width>1020</width>
							<height>3</height>
							<colordiffuse>fanartdiffuse</colordiffuse>
							<texture background="true" border="1">Separator1.png</texture>
						</control>
						<control type="image">
							<left>22</left>
							<top>982</top>
							<width>1020</width>
							<height>3</height>
							<colordiffuse>fanartdiffuse</colordiffuse>
							<texture background="true" border="1">Separator1.png</texture>
						</control>
						<control type="label">
							<left>30</left>
							<top>530</top>
							<width>525</width>
							<height>30</height>
							<textcolor>grey</textcolor>
							<label>$LOCALIZE[572]: $INFO[ListItem.Studio]</label>
							<visible>!String.IsEmpty(ListItem.Studio)</visible>
						</control>
						<control type="label">
							<left>555</left>
							<top>530</top>
							<width>300</width>
							<height>30</height>
							<align>right</align>
							<textcolor>grey</textcolor>
							<label>$INFO[ListItem.Votes ,, $LOCALIZE[205] ]</label>
							<visible>!ListItem.IsCollection</visible>
						</control>
						<control type="group">
							<include>openclosevisible</include>
							<visible>Skin.HasSetting(RightListPlot)+!String.IsEmpty(ListItem.Plot)</visible>
							<control type="image">
								<left>22</left>
								<top>520</top>
								<width>1020</width>
								<height>3</height>
								<colordiffuse>fanartdiffuse</colordiffuse>
								<texture background="true" border="1">Separator1.png</texture>
								<animation effect="slide" end="0,-95" time="0" condition="ListItem.IsCollection">Conditional</animation>
							</control>
							<control type="textbox">
								<left>30</left>
								<top>105</top>
								<width>1005</width>
								<height>390</height>
								<shadowcolor>black</shadowcolor>
								<include condition="!Skin.HasSetting(BigPlotText)">PlotText16Var</include>
								<include condition="Skin.HasSetting(BigPlotText)">PlotTextBigVar</include>
								<label fallback="195">$INFO[ListItem.Plot]</label>
								<visible>!ListItem.IsCollection</visible>
							</control>
							<control type="textbox">
								<left>30</left>
								<top>105</top>
								<width>1005</width>
								<height>310</height>
								<shadowcolor>black</shadowcolor>
								<include condition="!Skin.HasSetting(BigPlotText)">PlotText16Var</include>
								<include condition="Skin.HasSetting(BigPlotText)">PlotTextBigVar</include>
								<label fallback="195">$INFO[ListItem.Plot]</label>
								<visible>ListItem.IsCollection</visible>
							</control>
						</control>
					</control>
					<control type="group">
						<left>0</left>
						<top>580</top>
						<control type="group">
							<left>30</left>
							<top>-3</top>
							<visible>!Skin.HasSetting(hideMovieCases)</visible>
							<control type="image">
								<description>case by resolution</description>
								<left>33</left>
								<top>4</top>
								<width>267</width>
								<height>381</height>
								<texture background="true" diffuse="clear-cases/clearcase_inlay.png" fallback="FallbackCover.png">$VAR[PosterThumb]</texture>
								<aspectratio>stretch</aspectratio>
								<visible>!Container.Content(Episodes)</visible>
							</control>
							<control type="image">
								<description>case by resolution</description>
								<left>33</left>
								<top>4</top>
								<width>267</width>
								<height>381</height>
								<texture background="true" diffuse="clear-cases/clearcase_inlay.png" fallback="FallbackCover.png">$INFO[ListItem.Art(tvshow.poster)]</texture>
								<aspectratio>stretch</aspectratio>
								<visible>Container.Content(Episodes)</visible>
							</control>
							<control type="image">
								<description>case by resolution</description>
								<left>0</left>
								<top>0</top>
								<width>303</width>
								<height>390</height>
								<texture background="true" fallback="clear-cases/fallback.png">$VAR[clearcase]</texture>
							</control>
						</control>
						<control type="group">
							<visible>Skin.HasSetting(hideMovieCases)</visible>
							<control type="image">
								<description>Movie cover image</description>
								<left>48</left>
								<top>0</top>
								<width>285</width>
								<height>390</height>
								<texture background="true" fallback="FallbackCover.png">$VAR[PosterThumb]</texture>
								<aspectratio>stretch</aspectratio>
								<bordertexture border="5">buttons/ButtonNF.png</bordertexture>
								<bordersize>4</bordersize>
								<visible>!Container.Content(Episodes)|String.IsEmpty(ListItem.Art(tvshow.poster))</visible>
							</control>
							<control type="image">
								<description>Movie cover image</description>
								<left>48</left>
								<top>0</top>
								<width>285</width>
								<height>390</height>
								<texture background="true" diffuse="clear-cases/clearcase_inlay.png" fallback="FallbackCover.png">$INFO[ListItem.Art(tvshow.poster)]</texture>
								<aspectratio>stretch</aspectratio>
								<visible>Container.Content(Episodes)+!String.IsEmpty(ListItem.FileExtension)</visible>
							</control>
						</control>
					</control>
					<control type="group">
						<include>openclosevisible</include>
						<left>338</left>
						<top>548</top>
						<visible>!ListItem.IsParentFolder</visible>
						<control type="group">
							<animation effect="slide" end="25,0" time="300" condition="!String.IsEmpty(Container(99950).ListItem.Property(Provider.1.Icon))">Conditional</animation>
							<control type="group">
								<visible>!Container.Content(episodes)</visible>
								<control type="image">
									<visible>Skin.HasSetting(EnableExtendedArt)</visible>
									<left>85</left>
									<top>34</top>
									<width>565</width>
									<height>387</height>
									<aspectratio align="center" aligny="center">keep</aspectratio>
									<texture background="true">$VAR[extraart_listitem_rule]</texture>
									<bordersize>4</bordersize>
								</control>
							</control>
							<control type="image">
								<visible>!ListItem.IsFolder+Container.Content(episodes)</visible>
								<left>90</left>
								<top>34</top>
								<width>565</width>
								<height>387</height>
								<aspectratio align="center" aligny="center">scale</aspectratio>
								<texture background="true" fallback="FallbackCover.png">$INFO[ListItem.Icon]</texture>
							</control>
							<control type="image">
								<visible>ListItem.IsFolder+Container.Content(episodes)</visible>
								<left>90</left>
								<top>34</top>
								<width>565</width>
								<height>387</height>
								<aspectratio align="center" aligny="center">keep</aspectratio>
								<texture background="true" fallback="FallbackCover.png">$INFO[ListItem.Icon]</texture>
							</control>
						</control>
						<control type="image">
							<description>Rated</description>
							<left>525</left>
							<top>-18</top>
							<width>180</width>
							<height>30</height>
							<texture background="true">$INFO[ListItem.Rating,leftratingvideo/,.png]</texture>
							<visible>!ListItem.IsCollection</visible>
						</control>
						<control type="image">
							<left>750</left>
							<top>453</top>
							<width>225</width>
							<height>60</height>
							<aspectratio align="left" aligny="bottom">keep</aspectratio>
							<texture background="true">$VAR[Furniture_VideoRating]</texture>
						</control>
						<include content="TMDbhelper_Provider_Icon">
							<param name="align" value="center"/>
							<param name="left" value="40"/>
							<param name="top" value="30"/>
							<param name="width" value="40"/>
							<param name="box" value="40"/>
							<param name="height" value="390"/>
							<param name="itemgap" value="10"/>
							<param name="id" value="$PARAM[viewid]"/>
						</include>
					</control>
				</control>
				<control type="group">
					<include>opencloseslideup</include>
					<visible>Control.IsVisible($PARAM[viewid])+!Control.HasFocus(666)</visible>
					<include>CommonPageCount</include>
					<control type="group">
						<left>22</left>
						<top>982</top>
						<control type="grouplist">
							<left>8</left>
							<top>30</top>
							<width>975</width>
							<height>45</height>
							<itemgap>12</itemgap>
							<align>left</align>
							<scrolltime tween="sine" easing="out">200</scrolltime>
							<orientation>horizontal</orientation>
							<include>FlagVideo</include>
							<include>FlagVideoAudioStream1</include>
						</control>
					</control>
				</control>
				<include content="AlphaBarV" condition="!Skin.HasSetting(HideJumpSMSBar)"><param name="id" value="$PARAM[viewid]"/></include>
			</control>
		</definition>
    </include>
</includes>
