<?xml version="1.0" encoding="UTF-8"?>
<window  id="28">
	<defaultcontrol always="true">50</defaultcontrol>
  <menucontrol>9000</menucontrol>
	<backgroundcolor>bgcolor</backgroundcolor>
	<views>50,66,660,560</views>
	<controls>
		<include>BackgroundItems</include>
		<include condition="Window.IsActive(videoplaylist)">VideoPlaylistViews</include>
		<include condition="Window.IsActive(musicplaylist)">MusicPlaylistViews</include>
		<include>CommonItems</include>

		<!-- ================ -->
		<!-- Top Options Menu -->
		<!-- ================ -->
		<control type="group"  id="9000">
			<defaultcontrol always="true">9111</defaultcontrol>
			<include>TextViewerHideAnimations</include>
			<include>ShutdownMenuAnimation</include>
			<!-- Options -->
			<control type="group">
				<left>30</left>
				<top>25</top>
				<include>OptionsTopMenuAnimation</include>
				<include>OptionsTopMenuHeader</include>
				<visible allowhiddenfocus="true">!ControlGroup(9222).HasFocus</visible>
				<control type="grouplist" id="9111">
					<include>OptionsTopMenuVars</include>
					<control type="button" id="280">
						<description>View as</description>
						<include>TopLeftMenusButton</include>
						<label>$INFO[Control.GetLabel(2)]</label>
						<onclick>SetFocus(9222)</onclick>
					</control>
					<control type="togglebutton" id="294">
						<description>Change Thumbs Size (Thumbnails View)</description>
						<include>TopLeftMenusButton</include>
						<label>$LOCALIZE[31098]</label>
						<altlabel>$LOCALIZE[31099]</altlabel>
						<onclick>Skin.ToggleSetting(ShowSmallMusicThumbs)</onclick>
						<selected>Skin.HasSetting(ShowSmallMusicThumbs)</selected>
						<visible>Control.IsVisible(560) + Window.IsVisible(musicplaylist)</visible>
					</control>
					<control type="button" id="311">
						<description>Sort by</description>
						<include>TopLeftMenusButton</include>
						<label>$INFO[Control.GetLabel(3)]</label>
						<onclick>Action(left)</onclick>
						<onclick>SendClick(3)</onclick>
						<enable>Control.IsEnabled(3)</enable>
					</control>
					<control type="togglebutton" id="4">
						<description>Sort Ascending/Descending</description>
						<label>$LOCALIZE[21429]: $LOCALIZE[584]</label>
						<altlabel>$LOCALIZE[21429]: $LOCALIZE[585]</altlabel>
						<include>TopLeftMenusButton</include>
					</control>
					<control type="togglebutton" id="20">
						<description>Shuffle</description>
						<include>TopLeftMenusButton</include>
						<label>$LOCALIZE[191]: $LOCALIZE[16039]</label>
						<altlabel>$LOCALIZE[191]: $LOCALIZE[16041]</altlabel>
					</control>
					<control type="button" id="26">
						<description>Repeat</description>
						<include>TopLeftMenusButton</include>
						<label></label>
					</control>
					<control type="button" id="21">
						<description>Save</description>
						<label>$LOCALIZE[190]</label>
						<include>TopLeftMenusButton</include>
					</control>
					<control type="button" id="22">
						<description>Clear</description>
						<label>$LOCALIZE[192]</label>
						<onclick condition="Window.IsActive(videoplaylist)">ReplaceWindow(Videos)</onclick>
						<onclick condition="Window.IsActive(musicplaylist)">ReplaceWindow(music)</onclick>
						<include>TopLeftMenusButton</include>
					</control>
					<include>OptionsTopMenuEnd</include>
				</control>
			</control>

			<!-- Views -->
			<control type="group">
				<left>30</left>
				<top>25</top>
				<include>OptionsTopMenuAnimation</include>
				<include>OptionsTopMenuHeader</include>
				<visible allowhiddenfocus="true">ControlGroup(9222).HasFocus</visible>
				<control type="grouplist" id="9222">
					<include content="OptionsTopMenuVars">
						<param name="top_id" value="997"/>
					</include>
					<control type="button" id="940">
						<description>List</description>
						<include>TopLeftMenusButton</include>
						<label>$LOCALIZE[535]$VAR[ActiveViewList, (,)]</label>
						<onclick>Container.SetViewMode(50)</onclick>
					</control>
					<control type="button" id="941">
						<description>BelloViewVideoLibrary</description>
						<include>TopLeftMenusButton</include>
						<label>Bello$VAR[ActiveViewBello, (,)]</label>
						<onclick>Container.SetViewMode(66)</onclick>
						<visible>!Skin.HasSetting(BelloViewVideos)</visible>
						<visible>Window.IsVisible(videoplaylist)</visible>
					</control>
					<control type="button" id="959">
						<description>BelloViewGeneric</description>
						<include>TopLeftMenusButton</include>
						<label>Bello$VAR[ActiveViewBello, (,)]</label>
						<onclick>Container.SetViewMode(660)</onclick>
						<visible>!Skin.HasSetting(BelloViewMusic)</visible>
						<visible>Window.IsVisible(musicplaylist)</visible>
					</control>
					<control type="button" id="947">
						<description>ThumbnailsMusic</description>
						<include>TopLeftMenusButton</include>
						<label>$LOCALIZE[31085]$VAR[ActiveViewThubnails, (,)]</label>
						<onclick>Container.SetViewMode(560)</onclick>
						<visible>!Skin.HasSetting(ThumbnailsMusic)</visible>
						<visible>Window.IsVisible(musicplaylist)</visible>
					</control>
					<include content="OptionsTopMenuEnd">
						<param name="end_id" value="996"/>
					</include>
				</control>
			</control>
		</control>

		<!-- ================ -->
		<!-- Top Content Info -->
		<!-- ================ -->
		<control type="group">
			<left>45</left>
			<top>25</top>
			<include>ShutdownMenuAnimation</include>
			<include>InfoDialogs_ContentInfoAnimation</include>
			<include>VisibleHiddenSlideAnimation</include>
			<visible>!ControlGroup(9000).HasFocus</visible>
			<control type="grouplist">
				<left>0</left>
				<top>0</top>
				<height>70</height>
				<width>1000</width>
				<align>left</align>
				<itemgap>15</itemgap>
				<orientation>horizontal</orientation>
				<include>LogoBig</include>
				<include>OpenCloseSlideAnimationTwo</include>
				<control type="label">
					<include>TopBigLabel</include>
					<label>$LOCALIZE[3] $LOCALIZE[559]</label>
					<visible>Window.IsActive(videoplaylist)</visible>
				</control>
				<control type="label">
					<include>TopBigLabel</include>
					<label>$LOCALIZE[2] $LOCALIZE[559]</label>
					<visible>Window.IsActive(musicplaylist)</visible>
				</control>
				<control type="label">
					<include>TopSmallLabel</include>
					<label>$INFO[Container.FolderName]</label>
				</control>
			</control>
		</control>

		<control type="button" id="2">
			<description>View</description>
			<visible>false</visible>
		</control>
		<control type="button" id="3">
			<description>Short by</description>
			<visible>false</visible>
		</control>
		<include>CommonWeatherAndClock</include>
	</controls>
</window>
