<?xml version="1.0" encoding="UTF-8"?>
<window>
        <defaultcontrol always="true">11</defaultcontrol>
	<include>Animation_Window_Fade</include>

	<controls>

		<!-- Background -->
		<control type="image">
			<texture>bg_black.png</texture>
			<include>background_default</include>
			<colordiffuse>AA000000</colordiffuse>
		</control>

		<!-- Header -->
		<control type="label">
			<top>7</top>
			<left>7</left>
			<width>510</width>
			<height>75</height>
			<label>$LOCALIZE[31341]</label>
			<font>Lato_Thin_40</font>
			<wrapmultiline>false</wrapmultiline>
		</control>

		<!-- Clock -->                
		<control type="group">
			<include>Clock_Right_Pos_BG</include>
			<include>Clock_Right</include>
		</control>

		<!-- Separator -->
		<control type="image">
			<top>97</top>
			<include>SeparatorH</include>
		</control>

		<!-- PVR (Groups) -->
		<control type="label">
			<label>$INFO[VideoPlayer.ChannelGroup]</label>
			<font>Lato_Black_20</font>
			<height>97</height>
			<align>center</align>
			<aligny>center</aligny>
		</control>

		<!-- Channels -->
		<control type="panel" id="11">
			<top>120</top>
			<left>15</left>
			<width>1890</width>
			<height>675</height>

			<itemlayout width="630" height="135">
				<control type="image">
					<left>15</left>
					<top>15</top>
					<height>105</height>
					<width>600</width>
					<texture>bg_black.png</texture>
					<colordiffuse>AAFFFFFF</colordiffuse>
					<include>Viewmode_Border_NoColor</include>
				</control>
                                
				<control type="image">
					<top>15</top>
					<left>120</left>
					<width>3</width>
					<height>105</height>
					<texture>confluence/separator-hz.png</texture>
					<colordiffuse>FFFFFFFF</colordiffuse>
				</control>
				<control type="image">
					<top>15</top>
					<left>225</left>
					<width>3</width>
					<height>105</height>
					<texture>confluence/separator-hz.png</texture>
					<colordiffuse>FFFFFFFF</colordiffuse>
				</control>

				<control type="label">
					<top>30</top>
					<left>30</left>
					<!--<label>222$INFO[ListItem.ChannelNumberLabel]</label>-->
					<label>BBB</label>
					<font>Roboto_Condensed_30</font>
					<height>75</height>
					<width>75</width>
					<align>center</align>
					<aligny>center</aligny>
				</control>
				<control type="image">
					<top>30</top>
					<left>135</left>
					<height>75</height>
					<width>75</width>
					<texture>$INFO[ListItem.Icon]</texture>
				</control>
				<control type="label">
					<top>30</top>
					<left>240</left>
					<label>$INFO[ListItem.Label]</label>
					<font>Lato_Regular_20</font>
					<height>37</height>
					<aligny>center</aligny>
				</control>
				<control type="label">
					<top>67</top>
					<left>240</left>
					<label>$INFO[ListItem.Title]</label>
					<font>Lato_Light_20</font>
					<height>37</height>
					<aligny>center</aligny>
				</control>
			</itemlayout>
			<focusedlayout width="630" height="135">
				<control type="image">
					<top>7</top>
					<height>60</height>
					<texture>bg_black.png</texture>
					<colordiffuse>88FFFFFF</colordiffuse>
				</control>
			</focusedlayout>

		</control>

</controls>
</window>
