<?xml version="1.0" encoding="UTF-8"?>
<window id="151">
    <controls>
        <control type="group">
            <include content="InvisibleLabel">
                <param name="id" value="30" />
            </include>

            <include content="InvisibleLabel">
                <param name="id" value="31" />
            </include>

            <control type="group">
                <posx>5</posx>
                <posy>PosYForLowerIconForOverlay</posy>
                <include content="BusyFlag">
                    <param name="flagcolor" value="$VAR[SecondaryColor]" />
                </include>
            </control>

            <control type="image">
                <posx>73</posx>
                <posy>1053</posy>
                <width>1307</width>
                <height>26</height>
                <texture colordiffuse="$VAR[BackgroundColor]" border="6">controls/horizontalbar-thick.png</texture>
                <aspectratio>stretch</aspectratio>
            </control>
            <control type="image">
                <posx>75</posx>
                <posy>1055</posy>
                <width>1303</width>
                <height>22</height>
                <texture colordiffuse="$VAR[SecondaryColor]" border="6">controls/horizontalbar-thick.png</texture>
                <aspectratio>stretch</aspectratio>
            </control>
            <control type="progress" id="32">
                <posx>75</posx>
                <posy>1042</posy>
                <width>1303</width>
                <height>24</height>
                <texturebg border="6"></texturebg>
                <midtexture border="6">controls/horizontalbar-thin.png</midtexture>
                <colordiffuse>$VAR[HighlightColor]</colordiffuse>
            </control>

            <include content="OutlineLabel">
                <param name="posx" value="75" />
                <param name="posy" value="1035" />
                <param name="width" value="1305" />
                <param name="height" value="22" />
                <param name="font" value="MessageDetailFont" />
                <param name="textcolor" value="$VAR[SecondaryColor]" />
                <param name="outlinecolor" value="$VAR[BackgroundColor]" />
                <param name="outlinesize" value="2" />
                <param name="label" value="$INFO[Control.GetLabel(31)]" />
            </include>

            <include content="OutlineLabel">
                <param name="posx" value="75" />
                <param name="posy" value="1014" />
                <param name="width" value="1305" />
                <param name="height" value="22" />
                <param name="font" value="MessageDetailFont" />
                <param name="textcolor" value="$VAR[SecondaryColor]" />
                <param name="outlinecolor" value="$VAR[BackgroundColor]" />
                <param name="outlinesize" value="2" />
                <param name="label" value="$INFO[Control.GetLabel(30)]" />
            </include>
        </control>
    </controls>
</window>
