<?xml version="1.0" encoding="UTF-8"?>
<window id="822">
    <defaultcontrol always="true">2</defaultcontrol>
    <menucontrol>100</menucontrol>
    <onload condition="System.GetBool(gamesgeneral.showosdhelp)">SetFocus(22)</onload>

    <controls>
        <control type="group" id="10">
            <visible>System.GetBool(gamesgeneral.showosdhelp)</visible>
            <defaultcontrol always="true">22</defaultcontrol>
            <posy>PosYForTwelveLinesDialog</posy>

            <include content="WindowForDialog">
                <param name="height" value="HeightForTwelveLinesDialog" />
                <param name="headerlabel" value="$LOCALIZE[35221]" />
                <param name="iconthumbnail" value="icons/icon-gamepad.png" />
                <param name="animate" value="true" />
            </include>
            
            <control type="gamecontroller" id="1102">
                <description>Game Controller</description>
                <posx>600</posx>
                <posy>80</posy>
                <width>500</width>
                <height>500</height>
            </control>            

            <control type="textbox" id="1101"> 
                <description>Help Text</description>
                <posx>1140</posx>
                <posy>80</posy>
                <width>720</width>
                <height>160</height>
            </control>

            <control type="textbox">
                <description>Additional Help Text</description>
                <posx>1140</posx>
                <posy>280</posy>
                <width>720</width>
                <height>160</height>
                <label>$LOCALIZE[35236]</label>
            </control>

            <control type="grouplist" id="9000">
                <include content="MarkupForButtonListForDialog">
                    <param name="posy" value="500" />
                    <param name="height" value="40" />
                </include>

                <control type="button" id="22">
                    <label>$LOCALIZE[31915]</label>
                    <onclick>Close</onclick>
                    <onclick>SetFocus(2)</onclick>
                </control>
            </control>
        </control>

        <control type="group" id="20">
            <visible>!System.GetBool(gamesgeneral.showosdhelp)</visible>
            <defaultcontrol always="true">2</defaultcontrol>
            <posx>0</posx>
            <posy>0</posy>

            <control type="group">
                <visible>!Window.IsActive(gamevideosettings) + !Window.IsVisible(gamecontrollers)</visible>
                <posx>700</posx>
                <posy>96</posy>
                <include content="DescriptionForControlsForPlayer" />
            </control>

            <control type="grouplist" id="100">
                <posx>0</posx>
                <posy>0</posy>
                <width>1920</width>
                <height>90</height>
                <itemgap>0</itemgap>
                <orientation>horizontal</orientation>
                <align>center</align>
                <onup>Noop</onup>
                <ondown>Noop</ondown>
                <onleft>100</onleft>
                <onright>100</onright>

                <control type="group">
                    <posx>1</posx>
                    <posy>1</posy>
                    <width>90</width>
                    <include content="FrameForPlayer" />

                    <include content="GameVideoFilterButtonForPlayer">
                        <param name="id" value="15" />
                        <param name="posx" value="4" />
                        <param name="posy" value="4" />
                        <param name="onleft" value="16" />
                        <param name="onright" value="14" />
                    </include>
                </control>

                <control type="group">
                    <posx>1</posx>
                    <posy>1</posy>
                    <width>90</width>
                    <include content="FrameForPlayer" />

                    <include content="GameStretchModeButtonForPlayer">
                        <param name="id" value="14" />
                        <param name="posx" value="4" />
                        <param name="posy" value="4" />
                        <param name="onleft" value="15" />
                        <param name="onright" value="13" />
                    </include>
                </control>

                <control type="group">
                    <posx>1</posx>
                    <posy>1</posy>
                    <width>90</width>
                    <include content="FrameForPlayer" />

                    <include content="GameVideoRotationButtonForPlayer">
                        <param name="id" value="13" />
                        <param name="posx" value="4" />
                        <param name="posy" value="4" />
                        <param name="onleft" value="14" />
                        <param name="onright" value="1" />
                    </include>
                </control>

                <control type="label">
                    <width>30</width>
                </control>
                
                <control type="group">
                    <posx>1</posx>
                    <posy>1</posy>
                    <width>90</width>
                    <include content="FrameForPlayer" />

                    <include content="RewindButtonForPlayer">
                        <param name="id" value="1" />
                        <param name="posx" value="4" />
                        <param name="posy" value="4" />
                        <param name="onleft" value="13" />
                        <param name="onright" value="2" />
                    </include>
                </control>

                <control type="group">
                    <posx>1</posx>
                    <posy>1</posy>
                    <width>90</width>
                    <include content="FrameForPlayer" />

                    <include content="ResumeButtonForPlayer">
                        <param name="id" value="2" />
                        <param name="posx" value="4" />
                        <param name="posy" value="4" />
                        <param name="onleft" value="1" />
                        <param name="onright" value="4" />
                    </include>
                </control>

                <control type="group">
                    <posx>1</posx>
                    <posy>1</posy>
                    <width>90</width>
                    <include content="FrameForPlayer" />

                    <include content="StopButtonForPlayer">
                        <param name="id" value="4" />
                        <param name="posx" value="4" />
                        <param name="posy" value="4" />
                        <param name="onleft" value="2" />
                        <param name="onright" value="9" />
                    </include>
                </control>
                
                <control type="group">
                    <posx>1</posx>
                    <posy>1</posy>
                    <width>90</width>
                    <include content="FrameForPlayer" />

                    <include content="ResetButtonForPlayer">
                        <param name="id" value="9" />
                        <param name="posx" value="4" />
                        <param name="posy" value="4" />
                        <param name="onleft" value="4" />
                        <param name="onright" value="12" />
                    </include>
                </control>

                <control type="label">
                    <width>30</width>
                </control>

                <control type="group">
                    <posx>1</posx>
                    <posy>1</posy>
                    <width>90</width>
                    <include content="FrameForPlayer" />

                    <include content="GameVolumeButtonForPlayer">
                        <param name="id" value="12" />
                        <param name="posx" value="4" />
                        <param name="posy" value="4" />
                        <param name="onleft" value="9" />
                        <param name="onright" value="11" />
                    </include>
                </control>

                <control type="group">
                    <posx>1</posx>
                    <posy>1</posy>
                    <width>90</width>
                    <include content="FrameForPlayer" />
                    
                    <include content="InputButtonForPlayer">
                        <param name="id" value="11" />
                        <param name="posx" value="4" />
                        <param name="posy" value="4" />
                        <param name="onleft" value="12" />
                        <param name="onright" value="16" />
                    </include>
                </control>

                <control type="group">
                    <posx>1</posx>
                    <posy>1</posy>
                    <width>90</width>
                    <include content="FrameForPlayer" />

                    <include content="GameSettingsButtonForPlayer">
                        <param name="id" value="16" />
                        <param name="posx" value="4" />
                        <param name="posy" value="4" />
                        <param name="onleft" value="11" />
                        <param name="onright" value="15" />
                    </include>
                </control>
            </control>
        </control>
    </controls>
</window>
