<?xml version="1.0" encoding="UTF-8"?>
<window>
	<defaultcontrol always="true">29</defaultcontrol>
	<controls>
		<control type="group">
			<depth>DepthSideBlade</depth>
			<!--<visible>!Window.IsVisible(FileBrowser)</visible>-->
			
			<include>Window_OpenClose_Animation</include>
			<include>VisibleFadeEffect</include>
			
			<control type="image">
				<left>0</left>
				<top>0</top>
				<width>1280</width>
				<height>720</height>
				<texture>colors/black.png</texture>
			</control>
			
			<control type="group">
				<top>20</top>
				<control type="label">
					<description>header label</description>
					<left>90</left>
					<top>20</top>
					<width>1100</width>
					<height>40</height>
					<font>Light35</font>
					<label>$VAR[PVRGroupMgrHeader]</label>
					<align>center</align>
					<aligny>center</aligny>
					<textcolor>selected</textcolor>
				</control>
				<control type="grouplist" id="9000">
					<left>20</left>
					<top>156</top>
					<width>200</width>
					<height>236</height>
					<itemgap>5</itemgap>
					<align>center</align>
					<orientation>vertical</orientation>
					<onup>noop</onup>
					<onleft>noop</onleft>
					<onright>13</onright>
					<ondown>noop</ondown>
					<control type="button" id="26">
						<description>Add Group</description>
						<width>200</width>
						<height>42</height>
						<font>Regular19</font>
						<include>ButtonInfoDialogsCommonValues</include>
						<label>31503</label>
					</control>
					<control type="button" id="27">
						<description>Rename Group</description>
						<width>200</width>
						<height>42</height>
						<font>Regular19</font>
						<include>ButtonInfoDialogsCommonValues</include>
						<label>31504</label>
					</control>
					<control type="radiobutton" id="25">
						
						<include>radiobuttonOnFocusInverted</include>
						
						<description>Hide Group</description>
						<width>200</width>
						<height>42</height>
						<font>Regular19</font>
						
						<align>right</align>
						<textoffsetx>46</textoffsetx>
						<textwidth>146</textwidth>
						
						<include>ButtonInfoDialogsCommonValues</include>
						<label>19289</label>
					</control>
					<control type="button" id="28">
						<description>Delete Group</description>
						<width>200</width>
						<height>42</height>
						<font>Regular19</font>
						<include>ButtonInfoDialogsCommonValues</include>
						<label>31505</label>
					</control>
					<control type="button" id="29">
						<description>OK</description>
						<width>200</width>
						<height>42</height>
						<font>Regular19</font>
						<include>ButtonInfoDialogsCommonValues</include>
						<label>186</label>
					</control>
				</control>
				<control type="group">
					<left>14</left>
					<top>406</top>
					<control type="image">
						<left>5</left>
						<top>5</top>
						<width>200</width>
						<height>200</height>
						<aspectratio>keep</aspectratio>
						<texture background="true">$INFO[Container(11).ListItem.Icon]</texture>
						<visible>Control.HasFocus(11) | Control.HasFocus(71)</visible>
					</control>
					<control type="image">
						<left>5</left>
						<top>5</top>
						<width>200</width>
						<height>200</height>
						<aspectratio>keep</aspectratio>
						<texture background="true">$INFO[Container(12).ListItem.Icon]</texture>
						<visible>Control.HasFocus(12) | Control.HasFocus(72)</visible>
					</control>
				</control>
				<control type="group">
					<description>Group list</description>
					<left>250</left>
					<top>80</top>
					<control type="label">
						<description>name label</description>
						<left>0</left>
						<top>0</top>
						<width>310</width>
						<height>70</height>
						<font>Regular20</font>
						<label>31506</label>
						<align>center</align>
						<aligny>center</aligny>
						<textcolor>blue</textcolor>
					</control>
					<control type="list" id="13">
						<left>4</left>
						<top>80</top>
						<width>300</width>
						<height>450</height>
						<onup>13</onup>
						<ondown>13</ondown>
						<onleft>26</onleft>
						<onright>73</onright>
						<pagecontrol>73</pagecontrol>
						<include>ScrollTimeOld</include>
						<itemlayout height="45">
							<control type="label">
								<left>10</left>
								<top>0</top>
								<width>280</width>
								<height>40</height>
								<font>Regular17</font>
								<align>left</align>
								<aligny>center</aligny>
								<textcolor>grey2</textcolor>
								<selectedcolor>selected</selectedcolor>
								<info>ListItem.Label</info>
							</control>
						</itemlayout>
						<focusedlayout height="45">
							<control type="image">
								<left>0</left>
								<top>0</top>
								<width>300</width>
								<height>40</height>
								<texture border="4">button-focus.png</texture>
								<visible>Control.HasFocus(13)</visible>
							</control>
							<control type="label">
								<left>10</left>
								<top>0</top>
								<width>280</width>
								<height>40</height>
								<font>Regular17</font>
								<align>left</align>
								<aligny>center</aligny>
								<textcolor>white</textcolor>
								<selectedcolor>selected</selectedcolor>
								<info>ListItem.Label</info>
							</control>
						</focusedlayout>
					</control>
					<control type="scrollbar" id="73">
						<left>314</left>
						<top>80</top>
						<include>scrollBarStyleDefaultWidth</include>
						<height>446</height>
						<onleft>13</onleft>
						<onright>11</onright>
						<ondown>73</ondown>
						<onup>73</onup>
						<showonepage>false</showonepage>
						
						<include>scrollBarStyleDefault</include>
						
					</control>
				</control>
				<control type="group">
					<description>Channels list</description>
					<left>590</left>
					<top>80</top>
					<control type="label" id="21">
						<description>name label</description>
						<left>0</left>
						<top>0</top>
						<width>310</width>
						<height>70</height>
						<font>Regular20</font>
						<align>center</align>
						<aligny>center</aligny>
						<textcolor>blue</textcolor>
					</control>
					<control type="list" id="11">
						<left>4</left>
						<top>80</top>
						<width>300</width>
						<height>450</height>
						<onup>11</onup>
						<ondown>11</ondown>
						<onleft>73</onleft>
						<onright>71</onright>
						<pagecontrol>71</pagecontrol>
						<include>ScrollTimeOld</include>
						<itemlayout height="45">
							<control type="image">
								<width>32</width>
								<height>32</height>
								<left>5</left>
								<top>4</top>
								<texture>$INFO[ListItem.Icon]</texture>
								<aspectratio>keep</aspectratio>
							</control>
							<control type="label">
								<left>40</left>
								<top>0</top>
								<width>250</width>
								<height>40</height>
								<font>Regular17</font>
								<align>left</align>
								<aligny>center</aligny>
								<textcolor>grey2</textcolor>
								<selectedcolor>selected</selectedcolor>
								<label>$INFO[ListItem.ChannelNumberLabel,(,) - ]$INFO[ListItem.ChannelName]</label>
							</control>
						</itemlayout>
						<focusedlayout height="45">
							<control type="image">
								<left>0</left>
								<top>0</top>
								<width>300</width>
								<height>40</height>
								<texture border="4">button-focus.png</texture>
								<visible>Control.HasFocus(11)</visible>
							</control>
							<control type="image">
								<width>32</width>
								<height>32</height>
								<left>5</left>
								<top>4</top>
								<texture>$INFO[ListItem.Icon]</texture>
								<aspectratio>keep</aspectratio>
							</control>
							<control type="label">
								<left>40</left>
								<top>0</top>
								<width>250</width>
								<height>40</height>
								<font>Regular17</font>
								<align>left</align>
								<aligny>center</aligny>
								<textcolor>white</textcolor>
								<selectedcolor>selected</selectedcolor>
								<label>$INFO[ListItem.ChannelNumberLabel,(,) - ]$INFO[ListItem.ChannelName]</label>
							</control>
						</focusedlayout>
					</control>
					<control type="scrollbar" id="71">
						<left>314</left>
						<top>80</top>
						<include>scrollBarStyleDefaultWidth</include>
						<height>446</height>
						<onleft>11</onleft>
						<onright>12</onright>
						<ondown>71</ondown>
						<onup>71</onup>
						<showonepage>false</showonepage>
						
						<include>scrollBarStyleDefault</include>
						
					</control>
				</control>
				<control type="group">
					<description>Grouped Channels list</description>
					<left>930</left>
					<top>80</top>
					<control type="label" id="22">
						<description>name label</description>
						<left>0</left>
						<top>0</top>
						<width>310</width>
						<height>70</height>
						<font>Regular20</font>
						<align>center</align>
						<aligny>center</aligny>
						<textcolor>blue</textcolor>
					</control>
					<control type="list" id="12">
						<left>4</left>
						<top>80</top>
						<width>300</width>
						<height>450</height>
						<onup>12</onup>
						<ondown>12</ondown>
						<onleft>71</onleft>
						<onright>72</onright>
						<pagecontrol>72</pagecontrol>
						<include>ScrollTimeOld</include>
						<itemlayout height="45">
							<control type="image">
								<width>32</width>
								<height>32</height>
								<left>5</left>
								<top>4</top>
								<texture>$INFO[ListItem.Icon]</texture>
								<aspectratio>keep</aspectratio>
							</control>
							<control type="label">
								<left>40</left>
								<top>0</top>
								<width>250</width>
								<height>40</height>
								<font>Regular17</font>
								<align>left</align>
								<aligny>center</aligny>
								<textcolor>grey2</textcolor>
								<selectedcolor>selected</selectedcolor>
								<label>$INFO[ListItem.ChannelNumberLabel,(,) - ]$INFO[ListItem.ChannelName]</label>
							</control>
						</itemlayout>
						<focusedlayout height="45">
							<control type="image">
								<left>0</left>
								<top>0</top>
								<width>300</width>
								<height>40</height>
								<texture border="4">button-focus.png</texture>
								<visible>Control.HasFocus(12)</visible>
							</control>
							<control type="image">
								<width>32</width>
								<height>32</height>
								<left>5</left>
								<top>4</top>
								<texture>$INFO[ListItem.Icon]</texture>
								<aspectratio>keep</aspectratio>
							</control>
							<control type="label">
								<left>40</left>
								<top>0</top>
								<width>250</width>
								<height>40</height>
								<font>Regular17</font>
								<align>left</align>
								<aligny>center</aligny>
								<textcolor>white</textcolor>
								<selectedcolor>selected</selectedcolor>
								<label>$INFO[ListItem.ChannelNumberLabel,(,) - ]$INFO[ListItem.ChannelName]</label>
							</control>
						</focusedlayout>
					</control>
					<control type="scrollbar" id="72">
						<left>314</left>
						<top>80</top>
						<include>scrollBarStyleDefaultWidth</include>
						<height>446</height>
						<onleft>12</onleft>
						<onright>noop</onright>
						<ondown>72</ondown>
						<onup>72</onup>
						<showonepage>false</showonepage>
						
						<include>scrollBarStyleDefault</include>
						
					</control>
				</control>
			</control>
		</control>
		<control type="label" id="20">
			<description>Fake Label used to pass on name label</description>
			<visible>false</visible>
		</control>
	</controls>
</window>
