<?xml version="1.0" encoding="UTF-8"?>
<window type="dialog">
	<coordinates>
		<left>380</left>
		<top>0</top>
	</coordinates>
	<controls>
		<control type="group" id="250">
			<depth>DepthDialog-</depth>
			
			<animation effect="fade" start="0" end="100" time="300" tween="quadratic" easing="out">WindowOpen</animation>
			<animation effect="fade" start="100" end="0" time="300" tween="quadratic" easing="out">WindowClose</animation>

			<animation effect="slide" end="-380,0" time="0" condition="true">Conditional</animation>
			
			<animation type="Conditional" condition="Control.HasFocus(150) | Control.HasFocus(160) | Control.HasFocus(8999)" reversible="true">
				<effect type="slide" end="-250,0" time="300" />
			</animation>
			
			
			<control type="button" id="8999">
				<description>Fake button for mouse control</description>
				<left>1260</left>
				<top>0</top>
				<width>500</width>
				<height>720</height>
				<label></label>
				<font></font>
				<texturenofocus></texturenofocus>
				<texturefocus></texturefocus>
				<visible>true</visible>
				<onfocus>SetFocus(150)</onfocus>
			</control>
			
			<!-- background -->
			<control type="image">
				<description>media info background image</description>
				<left>0</left>
				<top>0</top>
				<width>1540</width>
				<height>720</height>
				<texture>colors/black.png</texture>
			</control>
			
			<control type="group">
				<control type="label" id="100">
					<description>header label</description>
					<left>330</left>
					<top>80</top>
					<width>900</width>
					<height>30</height>
					<font>Regular30</font>
					<align>right</align>
					<aligny>center</aligny>
					<textcolor>white</textcolor>
				</control>
				<control type="label">
					<description>Video label</description>
					<left>255</left>
					<top>110</top>
					<width>975</width>
					<height>30</height>
					<font>Regular20</font>
					<label>$INFO[Player.Filename]</label>
					<align>right</align>
					<aligny>center</aligny>
					<textcolor>grey</textcolor>
					<scroll>true</scroll>
				</control>
				<control type="image">
					<left>30</left>
					<top>142</top>
					<width>1200</width>
					<height>1</height>
					<texture colordiffuse="$VAR[SeparatorColorDiffuse]">separator-uni.png</texture>
				</control>
				<control type="image" id="110">
					<description>Service Logo</description>
					<left>0</left>
					<top>80</top>
					<width>250</width>
					<height>40</height>
					<aspectratio>keep</aspectratio>
				</control>
				<control type="label" id="140">
					<description>textarea</description>
					<left>50</left>
					<top>140</top>
					<width>1150</width>
					<height>40</height>
					<font>Regular20</font>
					<textcolor>selected</textcolor>
					<align>center</align>
					<aligny>center</aligny>
					<wrapmultiline>true</wrapmultiline>
				</control>
				<control type="image">
					<left>30</left>
					<top>178</top>
					<width>1200</width>
					<height>1</height>
					<texture colordiffuse="$VAR[SeparatorColorDiffuse]">separator-uni.png</texture>
				</control>
			</control>
			<control type="group">
				<control type="list" id="120">
					<left>30</left>
					<top>206</top>
					<width>1190</width>
					<height>434</height>
					<!--<onleft>121</onleft>-->
					<onright>150</onright>
					<onup>120</onup>
					<ondown>120</ondown>
					<viewtype label="535">list</viewtype>
					<pagecontrol>121</pagecontrol>
					<include>ScrollTimeOld</include>
					<animation type="Conditional" condition="Control.HasFocus(150) | Control.HasFocus(160) | Control.HasFocus(8999)" reversible="true">
						<effect type="fade" start="100" end="15" time="0" />
					</animation>
					<itemlayout width="1190" height="36">
						<control type="image">
							<left>5</left>
							<top>5</top>
							<width>26</width>
							<height>26</height>
							<texture>Subtitles/flags/$INFO[ListItem.Thumb].png</texture>
							<aspectratio>keep</aspectratio>
						</control>
						<control type="label">
							<left>40</left>
							<top>0</top>
							<width>90</width>
							<height>38</height>
							<font>Regular20</font>
							<aligny>center</aligny>
							<textcolor>white</textcolor>
							<selectedcolor>selected</selectedcolor>
							<align>left</align>
							<info>ListItem.Label</info>
						</control>
						<control type="image">
							<left>135</left>
							<top>13</top>
							<width>20</width>
							<height>12</height>
							<texture>Subtitles/icon_close_caption.png</texture>
							<visible>ListItem.property(hearing_imp)</visible>
						</control>
						<control type="image">
							<left>160</left>
							<top>13</top>
							<width>40</width>
							<height>12</height>
							<texture>Subtitles/icon_sync.png</texture>
							<visible>ListItem.property(sync)</visible>
						</control>
						<control type="label">
							<left>205</left>
							<top>0</top>
							<width>885</width>
							<height>38</height>
							<font>Regular20</font>
							<aligny>center</aligny>
							<textcolor>white</textcolor>
							<selectedcolor>selected</selectedcolor>
							<align>left</align>
							<info>ListItem.Label2</info>
						</control>
						<control type="image">
							<left>1090</left>
							<top>11</top>
							<width>90</width>
							<height>17</height>
							<texture>LeftRating/rating$INFO[ListItem.ActualIcon].png</texture>
							<aspectratio>keep</aspectratio>
						</control>
					</itemlayout>
					<focusedlayout width="1190" height="36">
						<control type="image">
							<left>0</left>
							<top>0</top>
							<width>1180</width>
							<height>38</height>
							<texture border="4">MenuItemFO.png</texture>
							<visible>Control.HasFocus(120)</visible>
						</control>
						<control type="image">
							<left>5</left>
							<top>5</top>
							<width>26</width>
							<height>26</height>
							<texture>Subtitles/flags/$INFO[ListItem.Thumb].png</texture>
							<aspectratio>keep</aspectratio>
						</control>
						<control type="label">
							<left>40</left>
							<top>0</top>
							<width>90</width>
							<height>38</height>
							<font>Regular20</font>
							<aligny>center</aligny>
							<textcolor>white</textcolor>
							<selectedcolor>selected</selectedcolor>
							<align>left</align>
							<info>ListItem.Label</info>
						</control>
						<control type="image">
							<left>135</left>
							<top>13</top>
							<width>20</width>
							<height>12</height>
							<texture>Subtitles/icon_close_caption.png</texture>
							<visible>ListItem.property(hearing_imp)</visible>
						</control>
						<control type="image">
							<left>160</left>
							<top>13</top>
							<width>40</width>
							<height>12</height>
							<texture>Subtitles/icon_sync.png</texture>
							<visible>ListItem.property(sync)</visible>
						</control>
						<control type="label">
							<left>205</left>
							<top>0</top>
							<width>885</width>
							<height>38</height>
							<font>Regular20</font>
							<aligny>center</aligny>
							<textcolor>white</textcolor>
							<selectedcolor>selected</selectedcolor>
							<align>left</align>
							<info>ListItem.Label2</info>
						</control>
						<control type="image">
							<left>1090</left>
							<top>11</top>
							<width>90</width>
							<height>17</height>
							<texture>LeftRating/rating$INFO[ListItem.ActualIcon].png</texture>
							<aspectratio>keep</aspectratio>
						</control>
					</focusedlayout>
				</control>
				
				
				
				
				<control type="scrollbar" id="121">
					<left>1223</left>
					<top>206</top>
					<include>scrollBarStyleDefaultWidth</include>
					<height>434</height>
					<showonepage>false</showonepage>
					<visible>Control.IsVisible(120)</visible>
					<animation type="Conditional" condition="Control.HasFocus(150) | Control.HasFocus(160) | Control.HasFocus(8999)" reversible="true">
						<effect type="fade" start="100" end="15" time="0" />
					</animation>
					
					<include>scrollBarStyleDefault</include>
					
				</control>
				
				

				<control type="group" id="130">
					<control type="grouplist">
						<left>50</left>
						<top>660</top>
						<width>1130</width>
						<height>34</height>
						<orientation>horizontal</orientation>
						<itemgap>5</itemgap>
						<align>center</align>
						
						<control type="image">
							<width>34</width>
							<height>34</height>
							<texture>DefaultIconInfo.png</texture>
						</control>
						<control type="label">
							<description>notification</description>
							<width min="10" max="560">auto</width>
							<height>34</height>
							<font>Regular18</font>
							<textcolor>grey2</textcolor>
							<label>$LOCALIZE[31413]</label>
							<aligny>center</aligny>
						</control>
					</control>
				</control>
				<control type="image">
					<left>1246</left>
					<top>348</top>
					<width>24</width>
					<height>24</height>
					<texture flipx="true">scroll-left-focus.png</texture>
					
					<visible>!Control.HasFocus(150) + !Control.HasFocus(160) + !Control.HasFocus(8999)</visible>
					
				</control>
				
				
				<control type="image">
					<left>1246</left>
					<top>348</top>
					<width>24</width>
					<height>24</height>
					<texture>scroll-left-focus.png</texture>
					
					<visible>Control.HasFocus(150) | Control.HasFocus(160) | Control.HasFocus(8999)</visible>
					
				</control>
				
				
			</control>
			<control type="group">
				<control type="image">
					<description>separator</description>
					<left>920</left>
					<top>360</top>
					<width>720</width>
					<height>1</height>
					<texture colordiffuse="$VAR[SeparatorColorDiffuse]">separator-uni.png</texture>
					<animation effect="rotate" start="0" end="90" center="auto" time="0" condition="true">Conditional</animation>
				</control>
				<control type="label">
					<left>1285</left>
					<top>150</top>
					<width>240</width>
					<height>26</height>
					<label>$LOCALIZE[24018]</label>
					<font>Regular21</font>
					<align>center</align>
					<aligny>top</aligny>
					<textcolor>blue</textcolor>
					<wrapmultiline>true</wrapmultiline>
				</control>
				<control type="list" id="150">
					<left>1280</left>
					<top>206</top>
					<width>250</width>
					<height>350</height>
					<onleft>120</onleft>
					<onright>120</onright>
					<onup>noop</onup>
					<ondown>160</ondown>
					<viewtype label="535">list</viewtype>
					<include>ScrollTimeOld</include>
					<itemlayout width="400" height="50">
						<control type="label">
							<left>40</left>
							<top>0</top>
							<width>230</width>
							<height>48</height>
							<font>Regular20</font>
							<aligny>center</aligny>
							<textcolor>white</textcolor>
							<selectedcolor>selected</selectedcolor>
							<align>left</align>
							<info>ListItem.Label</info>
						</control>
					</itemlayout>
					<focusedlayout width="400" height="50">
						<control type="image">
							<left>10</left>
							<top>0</top>
							<width>230</width>
							<height>48</height>
							<texture border="4">button-focus.png</texture>
							<visible>Control.HasFocus(150)</visible>
						</control>
						<control type="label">
							<left>40</left>
							<top>0</top>
							<width>230</width>
							<height>48</height>
							<font>Regular20</font>
							<aligny>center</aligny>
							<textcolor>white</textcolor>
							<selectedcolor>selected</selectedcolor>
							<align>left</align>
							<info>ListItem.Label</info>
						</control>
					</focusedlayout>
				</control>
				<control type="button" id="160">
					<description>Manual search button</description>
					<left>1290</left>
					<top>594</top>
					<width>230</width>
					<height>48</height>
					<onleft>120</onleft>
					<onright>120</onright>
					<onup>150</onup>
					<ondown>noop</ondown>
					<label>$LOCALIZE[24120]</label>
					<font>Regular21</font>
					<textcolor>white</textcolor>
					<focusedcolor>white</focusedcolor>
					<align>center</align>
					<hitrect x="1290" y="594" w="240" h="126" />
				</control>
			</control>
		</control>
	</controls>
</window>
