<?xml version="1.0" encoding="UTF-8"?>
<window>
	
	<defaultcontrol></defaultcontrol>
	
	<onload condition="!String.IsEmpty(Window(home).Property(OSDinfodialogButtonActive))">ClearProperty(OSDinfodialogButtonActive,home)</onload>
	<onload condition="!String.IsEmpty(Player.Art(poster))">SetProperty(PlayerArtPosterTemp,"$INFO[Player.Art(poster)]",home)</onload>
	
	
	<controls>
		<!-- media infos -->
		<control type="group" id="1">
			
			<control type="group" id="1">
				<!-- FADEOUT TOP -->
				<control type="image" id="1">
					<left>-20</left>
					<top>-100</top>
					<width>1320</width>
					<height>180</height>
					<texture flipy="true" border="1">HomeNowPlayingBack.png</texture>
					<animation effect="fade" end="65" time="0" condition="true">Conditional</animation><!-- 75 -->
				</control>
				<visible>[!String.IsEmpty(Player.SeekNumeric) | Window.IsVisible(SeekBar) | Player.ShowInfo | Window.IsActive(VideoOSD)] 
					+ !Window.IsVisible(SliderDialog)</visible>
				<animation effect="fade" end="100" time="700">Visible</animation>
				<animation effect="fade" end="0" time="150">Hidden</animation>
			</control>
			
			<control type="group" id="1">
				<depth>DepthOSD</depth>
				<visible>[Window.IsVisible(SeekBar) | Player.ShowInfo | Window.IsActive(VideoOSD)] 
									+ !Window.IsVisible(SliderDialog)</visible>
				<animation effect="fade" end="100" time="700">Visible</animation>
				<animation effect="fade" end="0" time="150">Hidden</animation>
				
				<control type="group" id="1">
					
					<control type="group" id="1">
						<control type="group" id="1">
							<control type="image" id="1">
								<left>20</left>
								<top>9</top>
								<width>20</width>
								<height>20</height>
								<texture>_added_img/playlist_icon_large.png</texture>
								<aspectratio>keep</aspectratio>
							</control>
							<control type="label" id="1">
								<left>48</left>
								<top>6</top>
								<width>1000</width>
								<height>26</height>
								<align>left</align>
								<aligny>center</aligny>
								<font>Light20</font>
								<textcolor>white</textcolor><!-- ,$LOCALIZE[291]  $LOCALIZE[559] -->
								<label>$INFO[Playlist.Position(video)]$INFO[Playlist.Length(video),/]</label>
							</control>
							<visible>Integer.IsGreater(Playlist.Length(video),1) + Integer.IsGreater(Playlist.Position(video),0) + !VideoPlayer.Content(LiveTV)</visible>
						</control>
						<visible>Window.IsActive(VideoOSD)</visible>
						<include>FullScreenInfoVisibleAnimations</include>
					</control>
					
					<control type="group" id="1">
						<control type="group" id="1">
							
							<animation effect="slide" start="0,0" end="78,0" time="0" condition="Integer.IsGreater(Playlist.Length(video),1) + Integer.IsGreater(Playlist.Position(video),0)">conditional</animation>
							
							<animation effect="slide" start="0,0" end="10,0" time="0" condition="Integer.IsGreater(Playlist.Length(video),1) + Integer.IsGreater(Playlist.Position(video),0) + Integer.IsGreater(Playlist.Position(video),9)">conditional</animation>
							<animation effect="slide" start="0,0" end="10,0" time="0" condition="Integer.IsGreater(Playlist.Length(video),1) + Integer.IsGreater(Playlist.Position(video),0) + Integer.IsGreater(Playlist.Length(video),9)">conditional</animation>
							
							<animation effect="slide" start="0,0" end="10,0" time="0" condition="Integer.IsGreater(Playlist.Length(video),1) + Integer.IsGreater(Playlist.Position(video),0) + Integer.IsGreater(Playlist.Position(video),99)">conditional</animation>
							<animation effect="slide" start="0,0" end="10,0" time="0" condition="Integer.IsGreater(Playlist.Length(video),1) + Integer.IsGreater(Playlist.Position(video),0) + Integer.IsGreater(Playlist.Length(video),99)">conditional</animation>
							
							<animation effect="slide" start="0,0" end="10,0" time="0" condition="Integer.IsGreater(Playlist.Length(video),1) + Integer.IsGreater(Playlist.Position(video),0) + Integer.IsGreater(Playlist.Position(video),999)">conditional</animation>
							<animation effect="slide" start="0,0" end="10,0" time="0" condition="Integer.IsGreater(Playlist.Length(video),1) + Integer.IsGreater(Playlist.Position(video),0) + Integer.IsGreater(Playlist.Length(video),999)">conditional</animation>
							
							<control type="image" id="1">
								<left>14</left>
								<top>8</top>
								<width>24</width>
								<height>24</height>
								<texture>_added_img/chapters_bookmarks_icon.png</texture>
								<aspectratio>keep</aspectratio>
							</control>
							<control type="label" id="1">
								<description>Chapter Count Header label</description>
								<left>40</left>
								<top>6</top>
								<width>1000</width>
								<height>26</height>
								<align>left</align>
								<aligny>center</aligny>
								<font>Light20</font>
								<textcolor>white</textcolor>
								<label>$VAR[PlayerChapter]$VAR[PlayerChapterCount,/]</label>
							</control>
							<visible>Player.ChapterCount + Integer.IsGreater(Player.Chapter,0) + Integer.IsGreater(Player.ChapterCount,1) + !VideoPlayer.Content(LiveTV)</visible>
						</control>
						<visible>Window.IsActive(VideoOSD)</visible>
						<include>FullScreenInfoVisibleAnimations</include>
					</control>
				
				</control>
				
				
				<include>FullScreenClock</include>
				
				<!-- FADEOUT BOTTOM -->
				<control type="image" id="1">
					<left>-20</left>
					<top>258r</top><!-- 230 ! 258r +10 -->
					<width>1320</width>
					<height>260</height><!-- 260 +10 -->
					<texture border="1">HomeNowPlayingBack.png</texture>
					<animation effect="fade" end="93" time="0" condition="true">Conditional</animation><!-- 98 93 -->
				</control>
				
				
				
				
				
				
				
				
				<!-- POSTER / IMAGE / ICON -->
				
				<!-- Episodes -->
				
				<!-- Episode + poster reduced -->
				<control type="image" id="1">
					<depth>DepthOSDPopout</depth>
					<description>cover image</description>
					<left>238</left>
					<top>248r</top>
					<width>76</width>
					<height>114</height>
					<texture fallback="DefaultVideoCover.png">$VAR[TvShowEpisodePlayerArt]</texture>
					<aspectratio align="center" aligny="center">scale</aspectratio>
					<visible>VideoPlayer.Content(Episodes) 
									+ [!String.IsEmpty(Player.Art(season.poster)) | !String.IsEmpty(Player.Art(tvshow.poster))] 
									+ ![VideoPlayer.Content(Movies) | VideoPlayer.Content(LiveTV)] + Window.IsVisible(VideoOSD)</visible>
					<include>FullScreenInfoVisibleAnimations</include>
				</control>
				
				
				<!-- Videos -->
				
				<!-- Video reduced (! Reduced: Only show for PVR Recordings (informational purpose), otherwise show no video thumbnail to avoid bad visuals -->
				<control type="image" id="1">
					<depth>DepthOSDPopout</depth>
					<left>194</left>
					<top>252r</top>
					<width>120</width>
					<height>120</height>
					<texture>colors/black.png</texture>
					<aspectratio align="center" aligny="center">scale</aspectratio>
					<visible>PVR.IsPlayingRecording + [
										!VideoPlayer.Content(Episodes) 
										| [VideoPlayer.Content(Episodes) + String.IsEmpty(Player.Art(season.poster)) 
											+ String.IsEmpty(Player.Art(tvshow.poster))] 
										]
										+ ![VideoPlayer.Content(Movies) | VideoPlayer.Content(LiveTV)] + Window.IsVisible(VideoOSD)</visible>
					<include>FullScreenInfoVisibleAnimations50</include>
				</control>
				<control type="image" id="1">
					<depth>DepthOSDPopout</depth>
					<description>cover image</description>
					<left>200</left>
					<top>246r</top>
					<width>108</width>
					<height>108</height>
					<texture fallback="DefaultPVRChannels.png">$INFO[Player.Art(thumb)]</texture><!--DefaultVideoCover-->
					<aspectratio align="center" aligny="center">keep</aspectratio>
					<visible>PVR.IsPlayingRecording + [
										!VideoPlayer.Content(Episodes) 
										| [VideoPlayer.Content(Episodes) + String.IsEmpty(Player.Art(season.poster)) 
											+ String.IsEmpty(Player.Art(tvshow.poster))] 
										]
										+ ![VideoPlayer.Content(Movies) | VideoPlayer.Content(LiveTV)] + Window.IsVisible(VideoOSD)</visible>
					<include>FullScreenInfoVisibleAnimations</include>
				</control>
				
				<!-- MOVIES: Show player poster or thumb -->
				
				<!-- movie + poster reduced -->
				<control type="image" id="1">
					<depth>DepthOSDPopout</depth>
					<description>Movie cover image</description>
					<left>238</left>
					<top>248r</top>
					<width>76</width>
					<height>114</height>
					<texture fallback="DefaultVideoCover.png">$INFO[Player.Art(poster)]</texture>
					<aspectratio align="center" aligny="center">scale</aspectratio>
					<visible>VideoPlayer.Content(Movies) + !String.IsEmpty(Player.Art(poster)) + Window.IsVisible(VideoOSD)</visible>
					<include>FullScreenInfoVisibleAnimations</include>
				</control>
				
				<!-- LiveTV icon reduced -->
				<control type="image" id="1">
					<depth>DepthOSDPopout</depth>
					<left>194</left>
					<top>252r</top>
					<width>120</width>
					<height>120</height>
					<texture>colors/black.png</texture>
					<aspectratio align="center" aligny="center">scale</aspectratio>
					<visible>VideoPlayer.Content(LiveTV)</visible>
					<animation effect="fade" end="50" time="0" condition="true">Conditional</animation>
				</control>
				<control type="image" id="1">
					<depth>DepthOSDPopout</depth>
					<description>Picon image</description>
					<left>200</left>
					<top>246r</top>
					<width>108</width>
					<height>108</height>
					<texture fallback="DefaultPVRChannels.png">$INFO[Player.Art(thumb)]</texture>
					<aspectratio align="center" aligny="center">keep</aspectratio>
					<visible>VideoPlayer.Content(LiveTV)</visible>
					<fadetime>75</fadetime>
				</control>
				
				
				
				
				
				<!-- AUDIO CODEC -->
				<control type="group" id="1">
					<left>236</left>
					<top>69r</top>
					
					<width>84</width>
					<height>36</height>
					<control type="image" id="1">
						<description>Audio Codec Image</description>
						<width>84</width>
						<height>36</height>
						<aspectratio align="left">keep</aspectratio>
						<!--<texture>flagging/video/xvid.png</texture>-->
						<texture>$INFO[VideoPlayer.AudioCodec,flagging/audio/codecs/,.png]</texture>
						<include>FullScreenInfoFlaggingTransparencyText</include>
					</control>
					<visible>!String.IsEmpty(VideoPlayer.AudioCodec) + Skin.HasSetting(ReducedFullScreenInfoOSDAudioCodec) + Window.IsVisible(VideoOSD) + !Player.ChannelPreviewActive</visible>
					<animation effect="fade" end="100" time="0" condition="true">Conditional</animation>
					<include>VisibleFadeEffect</include>
				</control>
				
				
				
				
				
				
				
				
				
				<control type="group" id="1">
					<left>338</left>
					<top>262r</top>
					
					<!-- NOW RECORDING ICON -->
					<control type="image" id="1">
						<top>108</top>
						<left>-46</left>
						<width>22</width>
						<height>22</height>
						<aspectratio align="center" aligny="center">keep</aspectratio>
						<texture>PVR-IsRecording.png</texture>
						<visible>VideoPlayer.Content(LiveTV) + PVR.IsRecordingPlayingChannel + !Player.ChannelPreviewActive</visible>
						<animation effect="fade" start="0" end="100" time="3000" pulse="true" reversible="true" condition="true" tween="sine" easing="out">conditional</animation>
					</control>
					
					
					
					<control type="label" id="1">
						
						<description>TV Show label</description>
						<left>2</left>
						<top>76</top>
						<width>800</width>
						<height>25</height>
						<align>left</align>
						<font>Light17</font>
						<!--<label>$INFO[VideoPlayer.TVShowTitle]$INFO[VideoPlayer.Season, ($LOCALIZE[20373] , – ]$INFO[VideoPlayer.Episode,$LOCALIZE[20359] ,)]$INFO[VideoPlayer.Premiered, (,)]</label>-->
						<label>$INFO[VideoPlayer.TVShowTitle][COLOR=grey2]$INFO[VideoPlayer.Season,   S,]$INFO[VideoPlayer.Episode, E,][/COLOR]</label>
						<textcolor>grey</textcolor>
						<visible>Window.IsActive(VideoOSD) + [VideoPlayer.Content(Episodes) | !String.IsEmpty(VideoPlayer.TVShowTitle)]</visible>
						
						<include>FullScreenInfoVisibleAnimations</include>
						
					</control>
					<control type="label" id="1">
						
						<description>Music Info label</description>
						<left>2</left>
						<top>76</top>
						<width>800</width><!-- 910 -->
						<height>25</height>
						<align>left</align>
						<font>Light17</font>
						<label>$INFO[VideoPlayer.Artist]$INFO[VideoPlayer.Album, – ]$INFO[VideoPlayer.Year, (,)]</label>
						<textcolor>grey</textcolor>
						<visible>Window.IsActive(VideoOSD) + VideoPlayer.Content(MusicVideos)</visible>
						
						<include>FullScreenInfoVisibleAnimations</include>
						
					</control>
					<control type="label" id="1">
						
						<description>LiveTV Info label</description>
						<left>2</left>
						<top>76</top>
						<width>800</width><!-- 910 -->
						<height>25</height>
						<align>left</align>
						<font>Light17</font>
						<!--
						<label>$INFO[VideoPlayer.ChannelNumberLabel,[COLOR=blue],.[/COLOR]  ]$INFO[VideoPlayer.ChannelName]$INFO[VideoPlayer.EpisodeName, (,)]</label>
						-->
						<label>$INFO[VideoPlayer.ChannelNumberLabel,[COLOR=blue],[/COLOR]    ]$INFO[VideoPlayer.ChannelName]</label>
						<textcolor>grey</textcolor>
						<visible>VideoPlayer.Content(LiveTV) | PVR.IsPlayingRecording</visible>
					</control>
					
					<!-- LARGE TITLE -->
					<control type="label" id="1">
						<left>2</left>
						<top>102</top>
						<include>FullScreenInfoTitleWidthReduced</include><!-- also includes visible animation -->
						
						<height>30</height>
						<font>Light30</font>
						<align>left</align>
						<aligny>center</aligny>
						<label>$VAR[VideoFullScreenTitle]</label><!-- $INFO[Player.Title] -->
						<textcolor>orange</textcolor>
						<scroll>false</scroll>
						<visible>VideoPlayer.Content(LiveTV) | PVR.IsPlayingRecording | Window.IsActive(VideoOSD)</visible>
					</control>
					
					
					
					
					
					<control type="grouplist" id="1">
						<left>-184</left>
						<top>140</top>
						<width>720</width>
						<height>36</height>
						<itemgap>0</itemgap>
						<orientation>horizontal</orientation>
						
						<animation effect="slide" start="0,0" end="84,0" time="0" condition="String.IsEmpty(VideoPlayer.SubtitlesLanguage) | String.IsEqual(Control.GetLabel(12345),) | !VideoPlayer.SubtitlesEnabled">conditional</animation>
						<!--   DEV INFO: "String.IsEqual(Control.GetLabel(12345),)"   is a substitute for   "String.IsEmpty(VideoPlayer.AudioLanguage)"   -->
						
						<!-- if no audio track + no subs -->
						<animation effect="slide" start="0,0" end="84,0" time="0" condition="[String.IsEmpty(VideoPlayer.SubtitlesLanguage) | !VideoPlayer.SubtitlesEnabled] + String.IsEqual(Control.GetLabel(12345),)">conditional</animation>
						<!--   DEV INFO: "String.IsEqual(Control.GetLabel(12345),)"   is a substitute for   "String.IsEmpty(VideoPlayer.AudioLanguage)"   -->
						
						<animation effect="slide" start="0,0" end="-56,0" time="0" condition="Skin.HasSetting(ReducedFullScreenInfoOSDVideoResolution) + Window.IsVisible(VideoOSD)">conditional</animation>
						<animation effect="slide" start="0,0" end="-56,0" time="0" condition="Skin.HasSetting(ReducedFullScreenInfoOSDAudioChannels) + !String.IsEmpty(VideoPlayer.AudioChannels) + Window.IsVisible(VideoOSD)">conditional</animation>
						
						<!-- VIDEO RESOLUTION -->
						<control type="group" id="1">
							<width>56</width>
							<height>36</height>
							<control type="image" id="1">
								<width>48</width>
								<height>36</height>
								<aspectratio>scale</aspectratio>
								<texture border="4">flagging/blank.png</texture>
								<include>FullScreenInfoFlaggingTransparencyBackground</include>
							</control>
							<control type="image" id="1">
								<description>Video Resolution Image</description>
								<width>56</width>
								<height>36</height>
								<aspectratio align="left">keep</aspectratio>
								<texture fallback="flagging/video/fallback.png">$INFO[VideoPlayer.VideoResolution,flagging/video/resolutions/,.png]</texture>
								<include>FullScreenInfoFlaggingTransparencyText</include>
							</control>
							<visible>Skin.HasSetting(ReducedFullScreenInfoOSDVideoResolution) + Window.IsVisible(VideoOSD) + !Player.ChannelPreviewActive</visible>
							<include>FullScreenInfoFlaggingTransparencyGlobal</include>
							<include>FullScreenInfoVisibleAnimationsNoFadeOut</include>
						</control>
						
						<!-- AUDIO CHANNELS -->
						<control type="group" id="1">
							<width>56</width>
							<height>36</height>
							<control type="image" id="1">
								<width>48</width>
								<height>36</height>
								<aspectratio>scale</aspectratio>
								<texture border="4">flagging/blank.png</texture>
								<include>FullScreenInfoFlaggingTransparencyBackground</include>
							</control>
							<control type="image" id="1">
								<description>Audio Channels Image</description>
								<width>56</width>
								<height>36</height>
								<aspectratio align="left">keep</aspectratio>
								<texture>$INFO[VideoPlayer.AudioChannels,flagging/audio/channels/,.png]</texture>
								<include>FullScreenInfoFlaggingTransparencyText</include>
							</control>
							<visible>!String.IsEmpty(VideoPlayer.AudioChannels) + Skin.HasSetting(ReducedFullScreenInfoOSDAudioChannels) + Window.IsVisible(VideoOSD) + !Player.ChannelPreviewActive</visible>
							<include>FullScreenInfoFlaggingTransparencyGlobal</include>
							<include>FullScreenInfoVisibleAnimationsNoFadeOut</include>
						</control>
						<!-- SUBTITLE LANGUAGE -->
						<control type="group" id="1">
							<width>84</width>
							<height>36</height>
							<control type="image" id="1">
								<width>76</width>
								<height>36</height>
								<aspectratio>scale</aspectratio>
								<texture border="4">flagging/blank.png</texture>
								<include>FullScreenInfoFlaggingTransparencyBackground</include>
							</control>
							<control type="image" id="1">
								<width>76</width>
								<height>36</height>
								<texture>flagging/SubLang.png</texture>
								<include>FullScreenInfoFlaggingTransparencyText</include>
							</control>
							<control type="label" id="1">
								<left>32</left>
								<top>2</top>
								<width>48</width>
								<height>36</height>
								<font>Light20</font>
								<align>left</align>
								<label>[LOWERCASE]$VAR[VideoPlayerSubtitlesLanguage][/LOWERCASE]</label>
								<textcolor>white</textcolor>
								<include>FullScreenInfoFlaggingTransparencyText</include>
							</control>
							<include>FullScreenInfoFlaggingTransparencyGlobal</include>
							
							<visible>[ ![String.IsEmpty(VideoPlayer.SubtitlesLanguage) | Player.ChannelPreviewActive] + VideoPlayer.SubtitlesEnabled + !Skin.HasSetting(ReducedFullScreenInfoOSDReduceMore) ] | [ ![String.IsEmpty(VideoPlayer.SubtitlesLanguage) | Player.ChannelPreviewActive] + VideoPlayer.SubtitlesEnabled + Window.IsVisible(VideoOSD) + Skin.HasSetting(ReducedFullScreenInfoOSDReduceMore) ]</visible>
							<include>FullScreenInfoVisibleAnimationsNoFadeOut</include>
							
							
						</control>
						<!-- AUDIO LANGUAGE -->
						<control type="group" id="1">
							<width>84</width>
							<height>36</height>
							<control type="image" id="1">
								<width>76</width>
								<height>36</height>
								<aspectratio>scale</aspectratio>
								<texture border="4">flagging/blank.png</texture>
								<include>FullScreenInfoFlaggingTransparencyBackground</include>
							</control>
							<control type="image" id="1">
								<description>Audio Language Image</description>
								<width>76</width>
								<height>36</height>
								<texture>flagging/AudioLang.png</texture>
								<include>FullScreenInfoFlaggingTransparencyText</include>
							</control>
							<!-- dummy audio language var -->
							<control type="label" id="12345">
								<label>$VAR[VideoPlayerAudioLanguage]</label>
								<visible>false</visible>
							</control>
							<control type="label" id="1">
								<left>30</left>
								<top>2</top>
								<width>48</width>
								<height>36</height>
								<font>Light20</font>
								<align>left</align>
								<label>[LOWERCASE]$VAR[VideoPlayerAudioLanguage][/LOWERCASE]</label>
								<textcolor>white</textcolor>
								<include>FullScreenInfoFlaggingTransparencyText</include>
							</control>
							<include>FullScreenInfoFlaggingTransparencyGlobal</include>
							
							<visible>[ ![   String.IsEqual(Control.GetLabel(12345),)   | Player.ChannelPreviewActive] + !Skin.HasSetting(ReducedFullScreenInfoOSDReduceMore) ] | [ ![   String.IsEqual(Control.GetLabel(12345),)   | Player.ChannelPreviewActive] + Window.IsVisible(VideoOSD) + Skin.HasSetting(ReducedFullScreenInfoOSDReduceMore) ]</visible>
							<include>FullScreenInfoVisibleAnimationsNoFadeOut</include>
							
							
						</control>
					</control>
					
					<control type="group" id="1">
						<left>890</left>
						<top>104</top>
						<width>36</width>
						<height>36</height>
						<animation effect="fade" end="85" time="0" condition="true">Conditional</animation>
						<control type="image" id="1">
							<description>Stinger icon</description>
							<left>0</left>
							<width>36</width>
							<height>36</height>
							<aspectratio aligny="bottom">keep</aspectratio>
							<texture background="true">_added_img/stinger_scene.png</texture>
							<visible>!String.IsEmpty(Window(home).Property(CinemaHelper.player.movieHasPostCreditsScene)) 
												+ [Integer.IsEqual(Player.TimeRemaining(hh),00) + Integer.IsLessOrEqual(Player.TimeRemaining(mm),30)]</visible>
							<animation effect="fade" end="100" time="750">Visible</animation>
							<animation effect="fade" end="0" time="750">Hidden</animation>
						</control>
					</control>
					
					<control type="grouplist" id="1">
						<left>0</left>
						<top>110</top>
						<width>876</width>
						<height>26</height>
						<itemgap>0</itemgap>
						<orientation>horizontal</orientation>
						<align>right</align>
						
						<control type="image" id="1">
							<width>16</width>
							<height>20</height>
							<aspectratio align="left" aligny="bottom">keep</aspectratio>
							<texture>end_time_icon$VAR[isUhdScreenStringSuffix].png</texture>
						</control>
						<control type="label" id="1">
							<width>6</width>
							<label></label>
						</control>
						<control type="label" id="1">
							<width>auto</width>
							<height>24</height>
							<label>$INFO[Player.FinishTime]</label>
							<align>right</align>
							<aligny>center</aligny>
							<font>Light17</font>
							<textcolor>grey</textcolor>
							<scroll>false</scroll>
						</control>
						<visible>!VideoPlayer.Content(LiveTV) + [Integer.IsGreater(Player.Duration(hh),00) | [Integer.IsEqual(Player.Duration(hh),00) + Integer.IsGreaterOrEqual(Player.Duration(mm),10)] ]</visible>
						<animation effect="fade" time="150">VisibleChange</animation>
						
					</control>
					
					<control type="label" id="1">
						<left>138</left><!-- 88 138 -->
						<top>166</top>
						<width>600</width><!-- 700 600 -->
						<height>26</height>
						<label>$INFO[VideoPlayer.NextTitle,$LOCALIZE[19031]:  ]</label>
						<align>center</align>
						<aligny>center</aligny>
						<font>Light17</font>
						<textcolor>grey</textcolor>
						<scroll>false</scroll><!-- true -->
						<visible>!Window.IsVisible(VideoOSD) + VideoPlayer.Content(LiveTV)</visible>
						<animation effect="fade" time="150">VisibleChange</animation>
					</control>
					
				</control>
				<control type="group" id="1">
					<left>338</left>
					<top>126r</top>
					<control type="label" id="1">
						<visible>!VideoPlayer.Content(LiveTV)</visible>
						<left>776</left>
						<top>0</top>
						<width>100</width>
						<height>40</height>
						<font>Light20</font>
						<align>right</align>
						<aligny>center</aligny>
						<label>$INFO[Player.Duration(hh:mm:ss)]</label>
					</control>
					<control type="label" id="1">
						<visible>VideoPlayer.Content(LiveTV) + VideoPlayer.HasEpg</visible>
						<left>776</left>
						<top>0</top>
						<width>100</width>
						<height>40</height>
						<font>Light20</font>
						<align>right</align>
						<aligny>center</aligny>
						<label>$INFO[VideoPlayer.EndTime(hh:mm)]</label><!-- Kodi 18+ changes -->
					</control>
					<control type="label" id="1">
						<visible>VideoPlayer.Content(LiveTV) + !VideoPlayer.HasEpg</visible>
						<left>776</left>
						<top>0</top>
						<width>100</width>
						<height>40</height>
						<font>Light20</font>
						<align>right</align>
						<aligny>center</aligny>
						<label>$INFO[System.Time]</label>
					</control>
				</control>
			</control>
		</control>
		
		<!-- Keyboard seek label-->
		<control type="label" id="1">
			<description>Seek Number label</description>
			<left>0</left>
			<top>6</top>
			<width>1280</width>
			<height>26</height>
			<align>center</align>
			<aligny>center</aligny>
			<font>Regular20</font>
			<textcolor>white</textcolor>
			<label>$INFO[Player.SeekNumeric(hh:mm:ss)]</label>
		</control>
		
		<!-- BUFFER INDICATOR -->
		<control type="group" id="1">
			<depth>DepthOSD+</depth>
			<visible>Player.Caching + Integer.IsLess(Player.CacheLevel,100) + Player.IsInternetStream</visible><!-- Player.Caching + Integer.IsLess(Player.CacheLevel,100) + Player.IsInternetStream -->
			<animation effect="fade" time="500" delay="500">Visible</animation>
			<animation effect="fade" time="250" delay="0">Hidden</animation>
			<centerleft>50%</centerleft>
			<centertop>46%</centertop>
			<width>60</width>
			<height>60</height>
			
			<control type="image" id="1">
				<centerleft>50%</centerleft>
				<centertop>50%</centertop>
				<width>60</width>
				<height>60</height>
				<texture colordiffuse="BFFFFFFF">osd/buffer-bg.png</texture>
				<!--<animation effect="fade" start="75" end="100" time="3000" pulse="true" condition="true" tween="sine" easing="in">conditional</animation>-->
			</control>
			
			<control type="image" id="1">
				<description>Busy animation logo</description>
				<left>14</left>
				<top>14</top>
				<width>32</width>
				<height>32</height>
				<aligny>center</aligny>
				<align>center</align>
				<texture>_added_img/busy_kodi$VAR[isUhdScreenStringSuffix].png</texture>
				<aspectratio>keep</aspectratio>
				<animation effect="fade" start="100" end="0" time="3000" loop="true" condition="true" tween="sine" easing="in">conditional</animation>
			</control>
		</control>
		
		
		<control type="group" id="1">
			<depth>DepthOSD+</depth>
			<visible>Skin.HasSetting(EnableVideoOSDStingerIconMovieEnd) 
								+ !String.IsEmpty(Window(home).Property(CinemaHelper.player.movieHasPostCreditsScene)) 
								+ String.IsEqual(Window(home).Property(CinemaHelper.player.nearEndReached),True) 
								+ !Window.IsActive(VideoOSD) + !Window.IsActive(SeekBar) + !Player.ShowInfo
								</visible>
			<animation effect="fade" time="750">Visible</animation>
			<animation effect="fade" time="750">Hidden</animation>
			<width>36</width>
			<height>36</height>
			<left>52r</left>
			<top>158r</top>
			<control type="group" id="1">
				<control type="image" id="1">
					<width>36</width>
					<height>36</height>
					<aspectratio>keep</aspectratio>
					<texture>_added_img/stinger_scene.png</texture>
					<animation effect="fade" start="100" end="75" time="0" condition="true">Conditional</animation>
				</control>
			</control>
		</control>
		
		
		<control type="group" id="122221">
			<visible>[Window.IsVisible(FullscreenVideo) | Window.IsVisible(Visualisation)] + [Player.Paused + Skin.HasSetting(NoInfoOsdOnPause)]</visible>
			<animation effect="fade" end="100" time="500">Visible</animation>
			<animation effect="fade" end="0" time="500" delay="1500">Hidden</animation>
			<left>338</left>
			<top>126r</top>
				
			<control type="group" id="122222">	
				<visible>!Window.IsVisible(SliderDialog)</visible>
				
				<include>VisibleFadeEffect</include>
				
				<control type="group" id="122224">
					<left>252</left>
					<top>-300</top>
					
					<control type="image" id="122223">
						<left>28</left>
						<top>4</top>
						<width>44</width>
						<height>44</height>
						<texture>OSDPause.png</texture>
						<visible>Player.Paused</visible>
						<include>VisibleFadeEffect</include>
					</control>
				</control>
				
			</control>
		</control>
		
		
		
	</controls>
</window>
