<?xml version="1.0" encoding="UTF-8"?>
<colors>
	<!-- CONFLUENCE LITE COLORS -->
	<color name="white">FFFFFFFF</color>
	<color name="grey">FFB4B4B4</color>
	<color name="grey2">88FFFFFF</color>
	<color name="grey3">33FFFFFF</color>
	<color name="grey4">17FFFFFF</color>
	<color name="black">FF000000</color>
	<color name="blue">FF7F2BAA</color>
	<color name="selected">FF7F2BAA</color>
	<color name="themecolor">FF7F2BAA</color>
	<color name="dialogheader">FF0804D2</color>
	<color name="orange">FF6F04D2</color>
	<!-- CONFLUENCE MOD ADVANCED COLORS -->
	<color name="MenuFocus">FF7F2BAA</color><!--blue-->
	<color name="MenuNoFocus">33FFFFFF</color><!--grey3-->
	<color name="SubMenu">88FFFFFF</color><!--grey2-->
	<color name="CommonBtnFocus">FFFFFFFF</color><!--white-->
	<color name="CommonBtnNoFocus">88FFFFFF</color><!--grey2-->
	<color name="HomeInfoOne">FFFFFFFF</color><!--white-->
	<color name="HomeInfoTwo">FF7F2BAA</color><!--blue-->
	<color name="HomeInfoThree">88FFFFFF</color><!--grey2-->
	<color name="StatsName">FF7F2BAA</color><!--white-->
	<color name="StatsAmnt">FF6F04D2</color><!--white-->
	<!-- RSS FEED -->
	<color name="RSSText">FFFFFFFF</color><!--blue-->
	<color name="RSSTitle">FF6F04D2</color><!--blue-->
	<color name="RSSHiLite">FFFFFFFF</color>
	<!--ADVANCED COLORS CLOCK -->
	<color name="HomeInfoDate">FF6F04D2</color><!--white-->
	<color name="HomeInfoClock">FF7F2BAA</color><!--white-->
	<!--ADNVANCED COLORS HOME ALBUM INFO -->
	<color name="NowPlayAlbum">FFFFFFFF</color><!--white-->
	<color name="NowPlayTItle">FF6F04D2</color><!--white-->
	<color name="NowPlayTime">FFFFFFFF</color><!--white-->
</colors>
