<?xml version="1.0" encoding="UTF-8"?>
<colors>
	<!-- CONFLUENCE LITE COLORS -->
	<color name="white">FFFFFFFF</color>
	<color name="grey">FFB4B4B4</color>
	<color name="grey2">88FFFFFF</color>
	<color name="grey3">33FFFFFF</color>
	<color name="grey4">17FFFFFF</color>
	<color name="black">FF000000</color>
	<color name="blue">FFFFFF00</color>
	<color name="selected">FFCCCC33</color>
	<color name="themecolor">FFCCCC33</color>
	<color name="dialogheader">FFCCFF33</color>
	<color name="orange">FFFFFF00</color>
	<!-- CONFLUENCE MOD ADVANCED COLORS -->
	<color name="MenuFocus">FFFFFF00</color><!--blue-->
	<color name="MenuNoFocus">FF505050</color><!--grey3-->
	<color name="SubMenu">FF999999</color><!--grey2-->
	<color name="CommonBtnFocus">FFFFFFFF</color><!--white-->
	<color name="CommonBtnNoFocus">FF999999</color><!--grey2-->
	<color name="HomeInfoOne">FFFFFFFF</color><!--white-->
	<color name="HomeInfoTwo">FFFFFF00</color><!--blue-->
	<color name="HomeInfoThree">FF999999</color><!--grey2-->
	<color name="StatsName">FFFFFF00</color><!--white-->
	<color name="StatsAmnt">FFFFFFFF</color><!--white-->
	<color name="RSSText">FFFFFFFF</color><!--blue-->
	<color name="RSSTitle">FFCCCC33</color><!--blue-->
	<!--ADVANCED COLORS CLOCK -->
	<color name="HomeInfoDate">FFFFFFFF</color><!--white-->
	<color name="HomeInfoClock">FFFFFFFF</color><!--white-->
	<!--ADNVANCED COLORS HOME ALBUM INFO -->
	<color name="NowPlayAlbum">FFFFFFFF</color><!--White-->
	<color name="NowPlayTitle">FFCCCC33</color><!--White-->
	<color name="NowPlayTime">FFFFFFFF</color> <!--WHITE-->
</colors>
