<?xml version="1.0" encoding="UTF-8"?>
<window>
	<defaultcontrol always="true">9000</defaultcontrol>
	<onunload>ClearProperty(infobackground,home)</onunload>
	<controls>
		<control type="group">
			<animation effect="fade" start="0" end="100" time="100">WindowOpen</animation>
			<animation effect="fade" start="100" end="0" time="100">WindowClose</animation>
			<animation effect="fade" start="100" end="75" time="0" condition="true">Conditional</animation>
			<include>ColoredBackgroundImages</include>
		</control>
		<control type="group">
			<centertop>50%</centertop>
			<height>1080</height>
			<centerleft>50%</centerleft>
			<width>1920</width>
			<control type="image">
				<left>120</left>
				<top>160</top>
				<width>840</width>
				<height>405</height>
				<texture border="21">dialogs/dialog-bg.png</texture>
			</control>
			<control type="label">
				<left>150</left>
				<top>180</top>
				<width>780</width>
				<height>25</height>
				<textcolor>$VAR[SkinColorVar]</textcolor>
				<font>font36_title</font>
				<label>$LOCALIZE[179]</label>
			</control>
			<control type="grouplist">
				<left>150</left>
				<top>230</top>
				<width>780</width>
				<height>315</height>
				<orientation>vertical</orientation>
				<include content="RDSInfoLine">
					<param name="label" value="$LOCALIZE[29901]"/>
					<param name="value" value="RDS.Band" />
				</include>
				<include content="RDSInfoLine">
					<param name="label" value="$LOCALIZE[557]"/>
					<param name="value" value="RDS.Artist" />
				</include>
				<include content="RDSInfoLine">
					<param name="label" value="$LOCALIZE[556]"/>
					<param name="value" value="RDS.Title" />
				</include>
				<include content="RDSInfoLine">
					<param name="label" value="$LOCALIZE[29903]"/>
					<param name="value" value="RDS.Composer" />
				</include>
				<include content="RDSInfoLine">
					<param name="label" value="$LOCALIZE[29905]"/>
					<param name="value" value="RDS.Conductor" />
				</include>
				<include content="RDSInfoLine">
					<param name="label" value="$LOCALIZE[558]"/>
					<param name="value" value="RDS.Album" />
				</include>
				<include content="RDSInfoLine">
					<param name="label" value="$LOCALIZE[569]"/>
					<param name="value" value="RDS.Comment" />
				</include>
			</control>
			<control type="image">
				<left>120</left>
				<top>575</top>
				<width>840</width>
				<height>225</height>
				<texture border="21">dialogs/dialog-bg.png</texture>
			</control>
			<control type="label">
				<left>150</left>
				<top>595</top>
				<width>780</width>
				<height>25</height>
				<textcolor>$VAR[SkinColorVar]</textcolor>
				<font>font36_title</font>
				<label>$LOCALIZE[29909]</label>
			</control>
			<control type="grouplist">
				<left>150</left>
				<top>645</top>
				<width>780</width>
				<height>135</height>
				<orientation>vertical</orientation>
				<include content="RDSInfoLine">
					<param name="label" value="$LOCALIZE[29910]"/>
					<param name="value" value="RDS.PhoneStudio" />
				</include>
				<include content="RDSInfoLine">
					<param name="label" value="$LOCALIZE[29911]"/>
					<param name="value" value="RDS.EmailStudio" />
				</include>
				<include content="RDSInfoLine">
					<param name="label" value="$LOCALIZE[29912]"/>
					<param name="value" value="RDS.SMSStudio" />
				</include>
			</control>
			<control type="image">
				<left>970</left>
				<top>160</top>
				<width>840</width>
				<height>405</height>
				<texture border="21">dialogs/dialog-bg.png</texture>
			</control>
			<control type="label">
				<left>1000</left>
				<top>180</top>
				<width>780</width>
				<height>25</height>
				<textcolor>$VAR[SkinColorVar]</textcolor>
				<font>font36_title</font>
				<label>$LOCALIZE[29908]</label>
			</control>
			<control type="grouplist">
				<left>1000</left>
				<top>230</top>
				<width>780</width>
				<height>315</height>
				<orientation>vertical</orientation>
				<include content="RDSInfoLine">
					<param name="label" value="$LOCALIZE[19030]"/>
					<param name="value" value="RDS.ProgNow" />
				</include>
				<include content="RDSInfoLine">
					<param name="label" value="$LOCALIZE[19031]"/>
					<param name="value" value="RDS.ProgNext" />
				</include>
				<include content="RDSInfoLine">
					<param name="label" value="$LOCALIZE[29902]"/>
					<param name="value" value="RDS.ProgStyle" />
				</include>
				<include content="RDSInfoLine">
					<param name="label" value="$LOCALIZE[19148]"/>
					<param name="value" value="RDS.ProgStation" />
				</include>
				<include content="RDSInfoLine">
					<param name="label" value="$LOCALIZE[29906]"/>
					<param name="value" value="RDS.ProgHost" />
				</include>
				<include content="RDSInfoLine">
					<param name="label" value="$LOCALIZE[29907]"/>
					<param name="value" value="RDS.ProgEditStaff" />
				</include>
				<include content="RDSInfoLine">
					<param name="label" value="$LOCALIZE[29914]"/>
					<param name="value" value="RDS.ProgHomepage" />
				</include>
			</control>
			<control type="image">
				<left>970</left>
				<top>575</top>
				<width>840</width>
				<height>225</height>
				<texture border="21">dialogs/dialog-bg.png</texture>
			</control>
			<control type="label">
				<left>1000</left>
				<top>595</top>
				<width>780</width>
				<height>25</height>
				<textcolor>$VAR[SkinColorVar]</textcolor>
				<font>font36_title</font>
				<label>$LOCALIZE[29913]</label>
			</control>
			<control type="grouplist">
				<left>1000</left>
				<top>645</top>
				<width>780</width>
				<height>135</height>
				<orientation>vertical</orientation>
				<include content="RDSInfoLine">
					<param name="label" value="$LOCALIZE[29910]"/>
					<param name="value" value="RDS.PhoneHotline" />
				</include>
				<include content="RDSInfoLine">
					<param name="label" value="$LOCALIZE[29911]"/>
					<param name="value" value="RDS.EmailHotline" />
				</include>
			</control>
			<control type="image">
				<left>120</left>
				<top>810</top>
				<width>840</width>
				<height>260</height>
				<texture border="21">dialogs/dialog-bg.png</texture>
			</control>
			<control type="group">
				<left>150</left>
				<top>830</top>
				<control type="label">
					<width>780</width>
					<height>25</height>
					<textcolor>$VAR[SkinColorVar]</textcolor>
					<font>font36_title</font>
					<label>$LOCALIZE[29915]</label>
				</control>
				<control type="textbox">
					<top>50</top>
					<width>780</width>
					<height>170</height>
					<align>justify</align>
					<textcolor>$VAR[SkinColorVar]</textcolor>
					<label>$INFO[RDS.InfoNews,$LOCALIZE[29916] : [COLOR white],[/COLOR][CR]]$INFO[RDS.InfoNewsLocal,$LOCALIZE[29917] : [COLOR white],[/COLOR][CR]]$INFO[RDS.InfoStock,$LOCALIZE[29920] : [COLOR white],[/COLOR][CR]]$INFO[RDS.InfoSport,$LOCALIZE[29918] : [COLOR white],[/COLOR][CR]]$INFO[RDS.Infolottery,$LOCALIZE[29919] : [COLOR white],[/COLOR][CR]]$INFO[RDS.InfoWeather,$LOCALIZE[312] : [COLOR white],[/COLOR][CR]]$INFO[RDS.InfoCinema,$LOCALIZE[19602] : [COLOR white],[/COLOR][CR]]$INFO[RDS.InfoHoroscope,$LOCALIZE[29922] : [COLOR white],[/COLOR][CR]]$INFO[RDS.InfoOther,$LOCALIZE[29921] : [COLOR white],[/COLOR][CR]]</label>
					<autoscroll delay="5000" time="3000" repeat="10000">true</autoscroll>
				</control>
			</control>
			<control type="image">
				<left>970</left>
				<top>810</top>
				<width>840</width>
				<height>260</height>
				<texture border="21">dialogs/dialog-bg.png</texture>
			</control>
			<control type="group">
				<left>1000</left>
				<top>830</top>
				<control type="label">
					<width>780</width>
					<height>25</height>
					<textcolor>button_focus</textcolor>
					<font>font36_title</font>
					<label>$LOCALIZE[14304]</label>
				</control>
				<control type="label">
					<top>50</top>
					<width>780</width>
					<height>40</height>
					<aligny>center</aligny>
					<label>$INFO[RDS.GetLine(3)]</label>
					<scroll>true</scroll>
				</control>
				<control type="label">
					<top>90</top>
					<width>780</width>
					<height>40</height>
					<aligny>center</aligny>
					<label>$INFO[RDS.GetLine(2)]</label>
					<scroll>true</scroll>
				</control>
				<control type="label">
					<top>130</top>
					<width>780</width>
					<height>40</height>
					<aligny>center</aligny>
					<label>$INFO[RDS.GetLine(1)]</label>
					<scroll>true</scroll>
				</control>
				<control type="label">
					<top>170</top>
					<width>780</width>
					<height>40</height>
					<aligny>center</aligny>
					<label>$INFO[RDS.GetLine(0)]</label>
					<scroll>true</scroll>
				</control>
			</control>
			<include content="InfoDialogTopBarInfo">
				<param name="main_label" value="$LOCALIZE[29900]" />
				<param name="sub_label" value="[COLOR white]$VAR[RDSInfoSubTitle][/COLOR]" />
				<param name="subtextcolor" value="$VAR[SkinColorVar]" />
				<param name="posy" value="40" />
			</include>
		</control>
		<include condition="Skin.HasSetting(touchmode)">TouchBackButton</include>
	</controls>
</window>