<window type="dialog" id="1101">
    <defaultcontrol always="true">11000</defaultcontrol>
    <include>Fade_In_WindowOpen</include>
    <include>Fade_Out_WindowClose</include>
    <controls>
        <control type="image">
            <visible>!Window.IsActive(GameVideoFilter) + !Window.IsActive(GameStretchMode) + !Window.IsActive(GameControllers) + !Window.IsActive(GameVideoRotation)</visible>
            <left>0</left>
            <top>0</top>
            <width>1920</width>
            <height>1080</height>
            <texture>filter_keyboard_shadow.png</texture>
        </control>
        <control type="group">
            <centerleft>50%</centerleft>
            <height>460</height>
            <centertop>50%</centertop>
            <width>700</width>
            <visible>!Window.IsActive(DialogSettings.xml) + !Window.IsActive(DialogSlider.xml) + !Window.IsActive(GameVideoFilter) + !Window.IsActive(GameStretchMode) + !Window.IsActive(GameControllers) + !Window.IsActive(GameVideoRotation)</visible>
            <animation effect="fade" time="200">VisibleChange</animation>
            <control type="image">
                <description>background image</description>
                <left>-150</left>
                <top>-110</top>
                <width>1000</width>
                <height>820</height>
                <texture>dialogs\dialog-background-tall.png</texture>
            </control>
            <control type="label" id="1">
                <description>header label</description>
                <left>-150</left>
                <top>-35</top>
                <width>1000</width>
                <height>60</height>
                <textoffsetx>15</textoffsetx>
                <align>center</align>
                <textcolor>white</textcolor>
                <shadowcolor>black</shadowcolor>
                <font>Larger</font>
                <label>[B]$INFO[Window(home).Property(settingslist_Header)][/B]</label>
            </control>
            <control type="group" id="11000">
                <left>0</left>
                <top>80</top>
                <control type="grouplist" id="14100">
                    <defaultcontrol always="true">14101</defaultcontrol>
                    <visible>String.IsEqual(window(home).Property(settingslist_content),games)</visible>
                    <width>700</width>
                    <height>488</height>
                    <itemgap>1</itemgap>
                    <onup>14100</onup>
                    <ondown>14100</ondown>
                    <orientation>vertical</orientation>
                    <control type="button" id="14101">
                        <description>Video filter button</description>
                        <width>700</width>
                        <height>80</height>
                        <font>Default</font>
                        <label>$LOCALIZE[35225]</label>
                        <onclick>ActivateWindow(GameVideoFilter)</onclick>
                    </control>
                    <control type="button" id="14102">
                        <description>Stretch mode button</description>
                        <width>700</width>
                        <height>80</height>
                        <font>Default</font>
                        <label>$LOCALIZE[35233]</label>
                        <onclick>ActivateWindow(GameStretchMode)</onclick>
                    </control>
                    <control type="button" id="14106">
                        <description>Video rotation button</description>
                        <width>700</width>
                        <height>80</height>
                        <font>Default</font>
                        <label>$LOCALIZE[35227]</label>
                        <onclick>ActivateWindow(GameVideoRotation)</onclick>
                    </control>
                    <control type="button" id="14104">
                        <description>Volume button</description>
                        <width>700</width>
                        <height>80</height>
                        <font>Default</font>
                        <label>$LOCALIZE[13376]</label>
                        <label2>[COLOR grey]$LOCALIZE[50176][/COLOR]</label2>
                        <onclick>ActivateWindow(GameVolume)</onclick>
                    </control>
                    <control type="button" id="14103">
                        <description>Controller settings button</description>
                        <width>700</width>
                        <height>80</height>
                        <font>Default</font>
                        <label>$LOCALIZE[35234]</label>
                        <onclick>ActivateWindow(GameControllers)</onclick>
                    </control>
                    <control type="button" id="14105">
                        <description>Advanced settings</description>
                        <width>700</width>
                        <height>80</height>
                        <font>Default</font>
                        <label>$LOCALIZE[35226]</label>
                        <onclick>ActivateWindow(GameAdvancedSettings)</onclick>
                    </control>
                </control>
            </control>
        </control>
    </controls>
</window>
