<includes>
    <default type="image">
        <left>0</left>
        <top>0</top>
        <width>0</width>
        <height>0</height>
        <aspectratio>stretch</aspectratio>
    </default>
    <default type="label">
        <left>0</left>
        <top>0</top>
        <font>Default</font>
        <textcolor>Text</textcolor>
        <shadowcolor />
        <align>left</align>
    </default>
    <default type="fadelabel">
        <left>0</left>
        <top>0</top>
        <width>0</width>
        <height>0</height>
        <font>Default</font>
        <textcolor>Text</textcolor>
        <shadowcolor />
        <textoffsetx>0</textoffsetx>
        <scrollout>false</scrollout>
        <resetonlabelchange>false</resetonlabelchange>
    </default>
    <default type="button">
        <left>0</left>
        <top>0</top>
        <width>0</width>
        <height>0</height>
        <font>Default</font>
        <textcolor>Text</textcolor>
        <disabledcolor>DisabledText</disabledcolor>
        <shadowcolor />
        <textoffsetx>22</textoffsetx>
        <texturenofocus border="4,5,6,8">controls\button_nf.png</texturenofocus>
        <texturefocus border="4,5,6,8">controls\button_f.png</texturefocus>
        <align>left</align>
        <aligny>center</aligny>
        <pulseonselect>false</pulseonselect>
    </default>
    <default type="togglebutton">
        <left>0</left>
        <top>0</top>
        <width>0</width>
        <height>0</height>
        <font>Default</font>
        <textcolor>Text</textcolor>
        <disabledcolor>DisabledText</disabledcolor>
        <shadowcolor />
        <textoffsetx>22</textoffsetx>
        <texturenofocus border="4,5,6,8">controls\button_nf.png</texturenofocus>
        <texturefocus border="4,5,6,8">controls\button_f.png</texturefocus>
        <alttexturenofocus border="4,5,6,8">controls\button_nf.png</alttexturenofocus>
        <alttexturefocus border="4,5,6,8">controls\button_f.png</alttexturefocus>
        <align>left</align>
        <aligny>center</aligny>
        <pulseonselect>false</pulseonselect>
    </default>
    <default type="textbox">
        <left>0</left>
        <top>0</top>
        <width>0</width>
        <height>0</height>
        <font>Default</font>
        <textcolor>Text</textcolor>
        <shadowcolor />
    </default>
    <default type="progress">
        <left>0</left>
        <top>0</top>
        <width>0</width>
        <height>0</height>
        <texturebg>controls\toast-progress-empty.png</texturebg>
        <lefttexture />
        <midtexture>controls\toast-progress-full.png</midtexture>
        <righttexture />
        <overlaytexture />
    </default>
    <default type="spincontrolex">
        <left>0</left>
        <top>0</top>
        <width>0</width>
        <height>0</height>
        <font>Default</font>
        <textcolor>Text</textcolor>
        <disabledcolor>DisabledText</disabledcolor>
        <shadowcolor />
        <texturefocus border="4,5,6,8">controls\button_f.png</texturefocus>
        <texturenofocus border="4,5,6,8">controls\button_nf.png</texturenofocus>
        <textureup>controls\sortup_nf.png</textureup>
        <texturedown>controls\sortdown_nf.png</texturedown>
        <textureupfocus>controls\sortup_f.png</textureupfocus>
        <texturedownfocus>controls\sortdown_f.png</texturedownfocus>
        <textureupdisabled />
        <texturedowndisabled />
        <reverse>yes</reverse>
        <textoffsetx>22</textoffsetx>
        <align>left</align>
        <aligny>center</aligny>
        <pulseonselect>false</pulseonselect>
    </default>
    <default type="spincontrol">
        <left>0</left>
        <top>0</top>
        <width>0</width>
        <height>0</height>
        <font>Default</font>
        <textcolor>Text</textcolor>
        <disabledcolor>DisabledText</disabledcolor>
        <shadowcolor />
        <texturefocus border="4,5,6,8">controls\button_f.png</texturefocus>
        <texturenofocus border="4,5,6,8">controls\button_nf.png</texturenofocus>
        <textureup>controls\sortup_nf.png</textureup>
        <texturedown>controls\sortdown_nf.png</texturedown>
        <textureupdisabled />
        <texturedowndisabled />
        <textureupfocus>controls\sortup_f.png</textureupfocus>
        <texturedownfocus>controls\sortdown_f.png</texturedownfocus>
        <subtype>text</subtype>
        <reverse>yes</reverse>
        <textoffsetx>22</textoffsetx>
        <align>left</align>
        <aligny>center</aligny>
        <pulseonselect>false</pulseonselect>
    </default>
    <default type="radiobutton">
        <left>0</left>
        <top>0</top>
        <width>0</width>
        <height>0</height>
        <font>Default</font>
        <textcolor>Text</textcolor>
        <disabledcolor>DisabledText</disabledcolor>
        <shadowcolor />
        <textoffsetx>22</textoffsetx>
        <radiowidth>24</radiowidth>
        <radioheight>24</radioheight>
        <texturefocus border="4,5,6,8">controls\button_f.png</texturefocus>
        <texturenofocus border="4,5,6,8">controls\button_nf.png</texturenofocus>
        <textureradioonfocus>controls\radiobutton_f.png</textureradioonfocus>
        <textureradioonnofocus>controls\radiobutton_nf.png</textureradioonnofocus>
        <textureradioondisabled colordiffuse="40FFFFFF">controls\radiobutton_f.png</textureradioondisabled>
        <textureradiooffdisabled colordiffuse="40FFFFFF">controls\radiobutton_nf.png</textureradiooffdisabled>
        <align>left</align>
        <aligny>center</aligny>
        <pulseonselect>false</pulseonselect>
    </default>
    <default type="slider">
        <controloffsetx>75</controloffsetx>
        <controloffsety>0</controloffsety>
        <orientation>horizontal</orientation>
    </default>
    <default type="sliderex">
        <left>0</left>
        <top>0</top>
        <width>0</width>
        <height>0</height>
        <texturefocus border="4,5,6,8">controls\button_f.png</texturefocus>
        <texturenofocus border="4,5,6,8">controls\button_nf.png</texturenofocus>
        <sliderwidth>150</sliderwidth>
        <sliderheight>32</sliderheight>
        <texturesliderbar>controls\slider_back.png</texturesliderbar>
        <textureslidernib>controls\slider_nib.png</textureslidernib>
        <textureslidernibfocus>controls\slider_nib_focus.png</textureslidernibfocus>
        <font>Medium</font>
        <textcolor>Text</textcolor>
        <disabledcolor>DisabledText</disabledcolor>
        <aligny>top</aligny>
        <textoffsetx>22</textoffsetx>
        <textoffsety>14</textoffsety>
    </default>
    <default type="mover">
        <left>0</left>
        <top>0</top>
        <width>0</width>
        <height>0</height>
        <texturefocus border="4,5,6,8">controls\button_f.png</texturefocus>
        <texturenofocus border="4,5,6,8">controls\button_nf.png</texturenofocus>
    </default>
    <default type="resize">
        <left>0</left>
        <top>0</top>
        <width>0</width>
        <height>0</height>
        <texturefocus border="4,5,6,8">controls\button_f.png</texturefocus>
        <texturenofocus border="4,5,6,8">controls\button_nf.png</texturenofocus>
    </default>
    <default type="scrollbar" id="60">
        <texturesliderbackground>controls\scrollbar_back.png</texturesliderbackground>
        <texturesliderbar>controls\scrollbar_bar_nf.png</texturesliderbar>
        <texturesliderbarfocus>controls\scrollbar_bar_f.png</texturesliderbarfocus>
        <textureslidernib />
        <textureslidernibfocus />
        <showonepage>false</showonepage>
        <orientation>vertical</orientation>
    </default>
</includes>
