<window>
    <defaultcontrol always="true">20</defaultcontrol>
    <controls>
        <control type="image">
            <width>1920</width>
            <height>1080</height>
            <texture>background.png</texture>
            <animation effect="fade" end="85" time="0" condition="true">Conditional</animation>
        </control>
        <control type="image">
            <left>20</left>
            <top>100</top>
            <width>1880</width>
            <height>900</height>
            <texture border="5">dialogs\dialog-background-new.png</texture>
            <animation effect="fade" time="200">Visible</animation>
            <animation effect="fade" time="200">Hidden</animation>
        </control>
        <control type="group">
            <animation effect="fade" time="200">Visible</animation>
            <animation effect="fade" time="200">Hidden</animation>
            <centertop>46%</centertop>
            <height>830</height>
            <centerleft>50%</centerleft>
            <width>1820</width>
            <control type="label">
                <left>50</left>
                <top>40</top>
                <width>800</width>
                <align>left</align>
                <scroll>true</scroll>
                <label>[B]$VAR[PVRChannelMgrHeader][/B]</label>
            </control>
            <control type="group">
                <left>10</left>
                <top>70</top>
                <control type="group">
                    <top>10</top>
                    <left>-294</left>
                    <control type="image">
                        <left>921</left>
                        <top>15</top>
                        <width>50</width>
                        <height>50</height>
                        <texture>menu\nav\nav_arrow_up_NF.png</texture>
                        <animation effect="fade" time="600">Visible</animation>
                        <visible>!Container(20).OnPrevious</visible>
                    </control>
                    <control type="image">
                        <left>921</left>
                        <top>15</top>
                        <width>50</width>
                        <height>50</height>
                        <texture>menu\nav\nav_arrow_up_FO.png</texture>
                        <animation type="Hidden" reversible="false">
                            <effect type="slide" start="0,-15" end="0" center="auto" time="300" />
                            <effect type="fade" start="100" end="0" time="300" />
                        </animation>
                        <visible>Container(20).OnPrevious</visible>
                    </control>
                    <control type="scrollbar" id="60">
                        <left>938</left>
                        <top>65</top>
                        <height>650</height>
                        <width>15</width>
                        <onleft>20</onleft>
                        <orientation>vertical</orientation>
                        <ondown>60</ondown>
                        <onup>60</onup>
                        <showonepage>false</showonepage>
                        <onright>9002</onright>
                    </control>
                    <control type="image">
                        <left>921</left>
                        <top>716</top>
                        <width>50</width>
                        <height>50</height>
                        <texture>menu\nav\nav_arrow_down_NF.png</texture>
                        <animation effect="fade" time="600">Visible</animation>
                        <visible>!Container(20).OnNext</visible>
                    </control>
                    <control type="image">
                        <left>921</left>
                        <top>716</top>
                        <width>50</width>
                        <height>50</height>
                        <texture>menu\nav\nav_arrow_down_FO.png</texture>
                        <animation type="Hidden" reversible="false">
                            <effect type="slide" start="0,15" end="0" center="auto" time="300" />
                            <effect type="fade" start="100" end="0" time="300" />
                        </animation>
                        <visible>Container(20).OnNext</visible>
                    </control>
                    <control type="label">
                        <visible>!ListItem.IsParentFolder</visible>
                        <left>-290</left>
                        <top>770</top>
                        <width>1200</width>
                        <align>right</align>
                        <font>Medium</font>
                        <scroll>true</scroll>
                        <label>$INFO[Container(20).CurrentItem] $LOCALIZE[20163] $INFO[Container(20).NumItems] $LOCALIZE[50129] - $LOCALIZE[50130] $INFO[Container(20).CurrentPage] $LOCALIZE[20163] $INFO[Container(20).NumPages]</label>
                    </control>
                </control>
                <control type="list" id="20">
                    <left>20</left>
                    <top>50</top>
                    <width>630</width>
                    <height>700</height>
                    <onup>20</onup>
                    <ondown>20</ondown>
                    <onleft>9000</onleft>
                    <onright>60</onright>
                    <pagecontrol>60</pagecontrol>
                    <scrolltime>200</scrolltime>
                    <itemlayout height="70" width="630">
                        <control type="image">
                            <left>48</left>
                            <top>9</top>
                            <width>50</width>
                            <height>50</height>
                            <texture>$INFO[ListItem.Property(icon)]</texture>
                            <aspectratio>keep</aspectratio>
                        </control>
                        <control type="image">
                            <right>0</right>
                            <top>10</top>
                            <width>50</width>
                            <height>50</height>
                            <texture>new_pvr/overlayLocked.png</texture>
                            <aspectratio>keep</aspectratio>
                            <visible>ListItem.Property(ParentalLocked)</visible>
                        </control>
                        <control type="label">
                            <left>110</left>
                            <right>40</right>
                            <bottom>0</bottom>
                            <aligny>center</aligny>
                            <textcolor>grey</textcolor>
                            <visible>!ListItem.Property(ActiveChannel)</visible>
                            <label>$INFO[ListItem.Property(Name)]</label>
                        </control>
                        <control type="label">
                            <left>110</left>
                            <right>40</right>
                            <bottom>0</bottom>
                            <aligny>center</aligny>
                            <visible>!ListItem.Property(Changed)</visible>
                            <visible>ListItem.Property(ActiveChannel)</visible>
                            <label>$INFO[ListItem.Property(Number),[B],[/B] - ]$INFO[ListItem.Property(Name)]</label>
                        </control>
                        <control type="label">
                            <left>110</left>
                            <right>40</right>
                            <bottom>0</bottom>
                            <aligny>center</aligny>
                            <textcolor>Highlight</textcolor>
                            <visible>ListItem.Property(Changed)</visible>
                            <visible>ListItem.Property(ActiveChannel)</visible>
                            <label>$INFO[ListItem.Property(Number),[B],[/B] - ]$INFO[ListItem.Property(Name)]</label>
                        </control>
                    </itemlayout>
                    <focusedlayout height="70" width="630">
                        <control type="image">
                            <animation effect="fade" start="100" end="70" time="0" condition="!Control.HasFocus(20)">Conditional</animation>
                            <left>0</left>
                            <height>70</height>
                            <width>605</width>
                            <texture border="4,5,6,8">controls\button_f.png</texture>
                        </control>
                        <control type="image">
                            <left>48</left>
                            <top>9</top>
                            <width>50</width>
                            <height>50</height>
                            <texture>$INFO[ListItem.Property(icon)]</texture>
                            <aspectratio>keep</aspectratio>
                        </control>
                        <control type="image">
                            <right>0</right>
                            <top>10</top>
                            <width>50</width>
                            <height>50</height>
                            <texture>new_pvr/overlayLocked.png</texture>
                            <aspectratio>keep</aspectratio>
                            <visible>ListItem.Property(ParentalLocked)</visible>
                        </control>
                        <control type="label">
                            <left>110</left>
                            <right>40</right>
                            <top>-7</top>
                            <height>40</height>
                            <aligny>top</aligny>
                            <textcolor>grey</textcolor>
                            <visible>!ListItem.Property(ActiveChannel)</visible>
                            <label>$INFO[ListItem.Property(Name)]</label>
                        </control>
                        <control type="label">
                            <left>110</left>
                            <right>40</right>
                            <top>-7</top>
                            <height>40</height>
                            <aligny>top</aligny>
                            <visible>!ListItem.Property(Changed)</visible>
                            <visible>ListItem.Property(ActiveChannel)</visible>
                            <label>$INFO[ListItem.Property(Number),[B],[/B] - ]$INFO[ListItem.Property(Name)]</label>
                        </control>
                        <control type="label">
                            <left>110</left>
                            <right>40</right>
                            <top>-7</top>
                            <height>40</height>
                            <aligny>top</aligny>
                            <textcolor>Highlight</textcolor>
                            <visible>ListItem.Property(Changed)</visible>
                            <visible>ListItem.Property(ActiveChannel)</visible>
                            <label>$INFO[ListItem.Property(Number),[B],[/B] - ]$INFO[ListItem.Property(Name)]</label>
                        </control>
                        <control type="label">
                            <left>110</left>
                            <top>35</top>
                            <right>40</right>
                            <height>30</height>
                            <font>Library_Normal_14</font>
                            <textcolor>grey</textcolor>
                            <visible>!ListItem.Property(ActiveChannel)</visible>
                            <aligny>center</aligny>
                            <label>$LOCALIZE[19210]: $INFO[ListItem.Property(ClientName)]</label>
                        </control>
                        <control type="label">
                            <left>110</left>
                            <top>35</top>
                            <right>40</right>
                            <height>30</height>
                            <font>Library_Normal_14</font>
                            <visible>!ListItem.Property(Changed)</visible>
                            <visible>ListItem.Property(ActiveChannel)</visible>
                            <aligny>center</aligny>
                            <label>$LOCALIZE[19210]: $INFO[ListItem.Property(ClientName)]</label>
                        </control>
                        <control type="label">
                            <left>110</left>
                            <top>35</top>
                            <right>40</right>
                            <height>30</height>
                            <font>Library_Normal_14</font>
                            <textcolor>Highlight</textcolor>
                            <visible>ListItem.Property(Changed)</visible>
                            <visible>ListItem.Property(ActiveChannel)</visible>
                            <aligny>center</aligny>
                            <label>$LOCALIZE[19210]: $INFO[ListItem.Property(ClientName)]</label>
                        </control>
                    </focusedlayout>
                </control>
            </control>
            <control type="group">
                <left>700</left>
                <control type="grouplist" id="9002">
                    <top>80</top>
                    <onleft>20</onleft>
                    <onright>9000</onright>
                    <onup>34</onup>
                    <ondown>30</ondown>
                    <itemgap>0</itemgap>
                    <control type="label" id="9001">
                        <description>channel options Header</description>
                        <width>680</width>
                        <height>40</height>
                        <textoffsetx>10</textoffsetx>
                        <font>Medium</font>
                        <label>$LOCALIZE[50181]</label>
                        <aligny>center</aligny>
                        <textcolor>white</textcolor>
                        <shadowcolor>black</shadowcolor>
                    </control>
                    <control type="radiobutton" id="7">
                        <description>Channel activated</description>
                        <width>680</width>
                        <include>SettingsItemCommon</include>
                        <label>$LOCALIZE[19074]</label>
                    </control>
                    <control type="edit" id="8">
                        <description>Channel name</description>
                        <font>Default</font>
                        <textcolor>white</textcolor>
                        <width>680</width>
                        <include>SettingsItemCommon</include>
                        <label>$LOCALIZE[19201]</label>
                    </control>
                    <control type="button" id="9">
                        <description>Channel logo Button</description>
                        <width>680</width>
                        <include>SettingsItemCommon</include>
                        <label>$LOCALIZE[19202]</label>
                    </control>
                    <control type="radiobutton" id="12">
                        <description>EPG activated</description>
                        <width>680</width>
                        <include>SettingsItemCommon</include>
                        <label>$LOCALIZE[19206]</label>
                    </control>
                    <control type="spincontrolex" id="13">
                        <description>EPG source</description>
                        <width>680</width>
                        <include>SettingsItemCommon</include>
                        <label>$LOCALIZE[19200]</label>
                    </control>
                    <control type="radiobutton" id="14">
                        <description>Parental locked</description>
                        <width>680</width>
                        <include>SettingsItemCommon</include>
                        <label>$LOCALIZE[19267]</label>
                    </control>
                </control>
                <control type="image">
                    <left>600</left>
                    <top>265</top>
                    <width>70</width>
                    <height>50</height>
                    <aspectratio>keep</aspectratio>
                    <texture background="true">$INFO[Container(20).ListItem.Property(icon)]</texture>
                </control>
                <control type="grouplist">
                    <top>565</top>
                    <itemgap>0</itemgap>
                    <onleft>60</onleft>
                    <onright>9000</onright>
                    <onup>14</onup>
                    <ondown>7</ondown>
                    <animation effect="slide" start="0,0" end="0,45" time="0" condition="!Control.IsVisible(31)">Conditional</animation>
                    <control type="button" id="31">
                        <description>New channel Button</description>
                        <width>680</width>
                        <height>70</height>
                        <textoffsetx>40</textoffsetx>
                        <align>center</align>
                        <label>$LOCALIZE[19204]</label>
                    </control>
                    <control type="button" id="30">
                        <description>Group Manager Button</description>
                        <width>680</width>
                        <height>70</height>
                        <textoffsetx>40</textoffsetx>
                        <align>center</align>
                        <label>$LOCALIZE[19205]</label>
                    </control>
                    <control type="togglebutton" id="34">
                        <description>TV/Radio toggle</description>
                        <width>680</width>
                        <height>70</height>
                        <textoffsetx>40</textoffsetx>
                        <align>center</align>
                        <aligny>center</aligny>
                        <label>$LOCALIZE[19024]</label>
                        <altlabel>$LOCALIZE[19023]</altlabel>
                        <usealttexture>!String.IsEmpty(Window.Property(IsRadio))</usealttexture>
                    </control>
                </control>
            </control>
            <control type="grouplist" id="9000">
                <right>20</right>
                <top>120</top>
                <onleft>9002</onleft>
                <onright>20</onright>
                <itemgap>0</itemgap>
                <width>370</width>
                <include content="DefaultDialogButton">
                    <param name="width" value="370" />
                    <param name="id" value="5" />
                    <param name="label" value="$LOCALIZE[14070]" />
                </include>
                <include content="DefaultDialogButton">
                    <param name="width" value="370" />
                    <param name="id" value="4" />
                    <param name="label" value="$LOCALIZE[186]" />
                    <param name="focus" value="controls\button_green_f.png" />
                    <param name="nofocus" value="controls\button_green_nf.png" />
                </include>
                <include content="DefaultDialogButton">
                    <param name="width" value="370" />
                    <param name="id" value="6" />
                    <param name="label" value="$LOCALIZE[222]" />
                    <param name="focus" value="controls\button_red_f.png" />
                    <param name="nofocus" value="controls\button_red_nf.png" />
                </include>
            </control>
        </control>
    </controls>
</window>
