<window>
    <include>Fade_In_WindowOpen</include>
    <include>Fade_Out_WindowClose</include>
    <coordinates>
        <system>1</system>
        <left>0</left>
        <top>0</top>
    </coordinates>
    <controls>
        <control type="image">
            <left>0</left>
            <top>0</top>
            <width>1920</width>
            <height>1080</height>
            <texture>filter_keyboard_shadow.png</texture>
        </control>
        <control type="group">
            <left>396</left>
            <top>268</top>
            <width>1126</width>
            <height>543</height>
            <include>Zoom_In_WindowOpen</include>
            <include>Zoom_Out_WindowClose</include>
            <control type="image">
                <left>0</left>
                <top>0</top>
                <width>1126</width>
                <height>543</height>
                <texture>dialogs\dialog-background-yesno.png</texture>
            </control>
            <control type="label" id="1">
                <description>heading label</description>
                <left>0</left>
                <top>0</top>
                <width>0</width>
                <height>0</height>
                <font />
                <visible>false</visible>
            </control>
            <control type="label">
                <description>heading label</description>
                <left>99</left>
                <top>138</top>
                <width>930</width>
                <align>center</align>
                <font>Heading</font>
                <label>$INFO[Control.GetLabel(1)] $INFO[System.Progressbar,- ,%]</label>
                <textcolor>Text</textcolor>
            </control>
            <control type="textbox" id="9">
                <description>text</description>
                <left>99</left>
                <top>202</top>
                <width>930</width>
                <height>100</height>
                <align>center</align>
                <label />
                <font>Medium</font>
            </control>
            <control type="progress" id="20">
                <description>Progressbar</description>
                <left>210</left>
                <top>322</top>
                <width>704</width>
                <height>46</height>
                <texturebg>controls\progressbar_back.png</texturebg>
                <lefttexture />
                <midtexture>controls\progressbar_full.png</midtexture>
                <righttexture />
                <overlaytexture />
                <reveal>true</reveal>
                <info>System.Progressbar</info>
            </control>
            <control type="grouplist" id="9008">
                <orientation>horizontal</orientation>
                <left>95</left>
                <top>387</top>
                <width>935</width>
                <align>center</align>
                <itemgap>10</itemgap>
                <control type="button" id="11">
                    <width>300</width>
                    <height>69</height>
                    <label />
                    <font>Default</font>
                    <align>center</align>
                    <texturenofocus border="4,5,6,8">controls\button_green_nf.png</texturenofocus>
                    <texturefocus border="4,5,6,8">controls\button_green_f.png</texturefocus>
                    <textcolor>Text</textcolor>
                    <disabledcolor>DisabledText</disabledcolor>
                </control>
                <control type="button" id="10">
                    <width>300</width>
                    <height>69</height>
                    <label />
                    <font>Default</font>
                    <align>center</align>
                    <texturenofocus border="8">controls\button_red_nf.png</texturenofocus>
                    <texturefocus border="8">controls\button_red_f.png</texturefocus>
                    <textcolor>Text</textcolor>
                    <disabledcolor>DisabledText</disabledcolor>
                </control>
                <control type="button" id="12">
                    <width>300</width>
                    <height>69</height>
                    <label />
                    <font>Default</font>
                    <align>center</align>
                    <textcolor>Text</textcolor>
                    <disabledcolor>DisabledText</disabledcolor>
                </control>
            </control>
        </control>
        <include>Debug</include>
    </controls>
</window>
