<window>
    <defaultcontrol>10</defaultcontrol>
    <include>Fade_In_WindowOpen</include>
    <include>Fade_Out_WindowClose</include>
    <coordinates>
        <system>1</system>
        <left>0</left>
        <top>0</top>
    </coordinates>
    <controls>
        <control type="image">
            <left>0</left>
            <top>0</top>
            <width>1920</width>
            <height>1080</height>
            <texture>filter_keyboard_shadow.png</texture>
        </control>
        <control type="group">
            <include>Zoom_In_WindowOpen</include>
            <include>Zoom_Out_WindowClose</include>
            <control type="image">
                <description>background image</description>
                <left>96</left>
                <top>68</top>
                <width>1726</width>
                <height>946</height>
                <texture>dialogs\dialog-background-tall.png</texture>
            </control>
            <control type="group">
                <left>188</left>
                <top>141</top>
                <width>1545</width>
                <height>720</height>
                <control type="image">
                    <description>dialog icon</description>
                    <left>741</left>
                    <top>34</top>
                    <width>63</width>
                    <height>63</height>
                    <texture>dialogs\addsource-dialog-icon.png</texture>
                </control>
                <control type="label" id="2">
                    <description>heading label</description>
                    <left>0</left>
                    <top>102</top>
                    <width>1545</width>
                    <align>center</align>
                    <font>Heading</font>
                    <label />
                    <textcolor>Text</textcolor>
                </control>
                <control type="label" id="0">
                    <description>path label</description>
                    <left>45</left>
                    <top>180</top>
                    <width>1215</width>
                    <align>left</align>
                    <font>Medium</font>
                    <label>1021</label>
                </control>
                <control type="list" id="10">
                    <left>45</left>
                    <top>232</top>
                    <width>1140</width>
                    <height>276</height>
                    <onup>9001</onup>
                    <onleft>9000</onleft>
                    <onright>9000</onright>
                    <ondown>12</ondown>
                    <pagecontrol></pagecontrol>
                    <scrolltime>200</scrolltime>
                    <itemlayout height="69">
                        <control type="image">
                            <left>0</left>
                            <top>0</top>
                            <width>1140</width>
                            <height>69</height>
                            <texture border="8">controls\button_nf.png</texture>
                        </control>
                        <control type="label">
                            <left>15</left>
                            <top>6</top>
                            <width>1110</width>
                            <height>52</height>
                            <font>Medium</font>
                            <aligny>center</aligny>
                            <selectedcolor>Highlight</selectedcolor>
                            <textcolor>Text</textcolor>
                            <align>left</align>
                            <info>ListItem.Label</info>
                        </control>
                    </itemlayout>
                    <focusedlayout height="69">
                        <control type="image">
                            <left>0</left>
                            <top>0</top>
                            <width>1140</width>
                            <height>69</height>
                            <visible>!Control.HasFocus(10)</visible>
                            <texture border="8">controls\button_nf.png</texture>
                        </control>
                        <control type="image">
                            <left>0</left>
                            <top>0</top>
                            <width>1140</width>
                            <height>69</height>
                            <visible>Control.HasFocus(10)</visible>
                            <texture border="8">controls\button_f.png</texture>
                        </control>
                        <control type="label">
                            <left>15</left>
                            <top>6</top>
                            <width>1110</width>
                            <height>52</height>
                            <font>Medium</font>
                            <aligny>center</aligny>
                            <selectedcolor>Highlight</selectedcolor>
                            <textcolor>Text</textcolor>
                            <align>left</align>
                            <info>ListItem.Label</info>
                        </control>
                    </focusedlayout>
                </control>
                <control type="group" id="9000">
                    <control type="button" id="11">
                        <description>Browse Button</description>
                        <left>1200</left>
                        <top>232</top>
                        <width>300</width>
                        <height>69</height>
                        <label>1024</label>
                        <font>Default</font>
                        <texturenofocus border="8">controls\button_nf.png</texturenofocus>
                        <texturefocus border="8">controls\button_f.png</texturefocus>
                        <textcolor>Text</textcolor>
                        <disabledcolor>DisabledText</disabledcolor>
                        <align>center</align>
                        <onup>18</onup>
                        <onleft>10</onleft>
                        <onright>10</onright>
                        <ondown>13</ondown>
                    </control>
                    <control type="button" id="13">
                        <description>Add Path Button</description>
                        <left>1200</left>
                        <top>302</top>
                        <width>300</width>
                        <height>69</height>
                        <label>15019</label>
                        <font>Default</font>
                        <texturenofocus border="8">controls\button_nf.png</texturenofocus>
                        <texturefocus border="8">controls\button_f.png</texturefocus>
                        <textcolor>Text</textcolor>
                        <disabledcolor>DisabledText</disabledcolor>
                        <align>center</align>
                        <onup>11</onup>
                        <onleft>10</onleft>
                        <onright>10</onright>
                        <ondown>14</ondown>
                    </control>
                    <control type="button" id="14">
                        <description>Remove Path Button</description>
                        <left>1200</left>
                        <top>370</top>
                        <width>300</width>
                        <height>69</height>
                        <label>1210</label>
                        <font>Default</font>
                        <texturenofocus border="8">controls\button_nf.png</texturenofocus>
                        <texturefocus border="8">controls\button_f.png</texturefocus>
                        <textcolor>Text</textcolor>
                        <disabledcolor>DisabledText</disabledcolor>
                        <align>center</align>
                        <onup>13</onup>
                        <onleft>10</onleft>
                        <onright>10</onright>
                        <ondown>12</ondown>
                    </control>
                </control>
                <control type="label" id="0">
                    <description>Name Label</description>
                    <left>45</left>
                    <top>518</top>
                    <width>1455</width>
                    <font>Medium</font>
                    <label>1022</label>
                </control>
                <control type="edit" id="12">
                    <description>Name source</description>
                    <onup>10</onup>
                    <onleft>12</onleft>
                    <onright>19</onright>
                    <ondown>9001</ondown>
                    <left>45</left>
                    <top>570</top>
                    <width>1455</width>
                    <height>69</height>
                    <font>Keyboard_Inout</font>
                    <texturenofocus border="8">controls\button_nf.png</texturenofocus>
                    <texturefocus border="8">controls\button_f.png</texturefocus>
                    <textcolor>Highlight</textcolor>
                    <align>center</align>
                    <aligny>center</aligny>
                </control>
                <control type="group" id="9001">
                    <control type="button" id="20">
                        <description>Set Content Button</description>
                        <left>308</left>
                        <top>675</top>
                        <width>300</width>
                        <height>69</height>
                        <align>center</align>
                        <texturenofocus border="8">controls\button_nf.png</texturenofocus>
                        <texturefocus border="8">controls\button_f.png</texturefocus>
                        <textcolor>Text</textcolor>
                        <disabledcolor>DisabledText</disabledcolor>
                        <label>20333</label>
                        <font>Default</font>
                        <onup>12</onup>
                        <onleft>19</onleft>
                        <onright>18</onright>
                        <ondown>10</ondown>
                    </control>
                    <control type="button" id="18">
                        <description>Ok Button</description>
                        <left>622</left>
                        <top>675</top>
                        <width>300</width>
                        <height>69</height>
                        <align>center</align>
                        <texturenofocus border="8">controls\button_green_nf.png</texturenofocus>
                        <texturefocus border="8">controls\button_green_f.png</texturefocus>
                        <textcolor>Text</textcolor>
                        <disabledcolor>DisabledText</disabledcolor>
                        <label>186</label>
                        <font>Default</font>
                        <onup>12</onup>
                        <onleft>20</onleft>
                        <onright>19</onright>
                        <ondown>10</ondown>
                        <animation effect="slide" start="0,0" end="-150,0" time="0" condition="!Control.IsVisible(20)">Conditional</animation>
                    </control>
                    <control type="button" id="19">
                        <description>Cancel Button</description>
                        <left>938</left>
                        <top>675</top>
                        <width>300</width>
                        <height>69</height>
                        <align>center</align>
                        <texturenofocus border="8">controls\button_red_nf.png</texturenofocus>
                        <texturefocus border="8">controls\button_red_f.png</texturefocus>
                        <textcolor>Text</textcolor>
                        <disabledcolor>DisabledText</disabledcolor>
                        <label>222</label>
                        <font>Default</font>
                        <onup>12</onup>
                        <onleft>18</onleft>
                        <onright>20</onright>
                        <ondown>10</ondown>
                        <animation effect="slide" start="0,0" end="-150,0" time="0" condition="!Control.IsVisible(20)">Conditional</animation>
                    </control>
                </control>
            </control>
        </control>
        <include>Debug</include>
    </controls>
</window>
