<window>
    <defaultcontrol always="true">1000</defaultcontrol>
    <include>Fade_In_WindowOpen</include>
    <include>Fade_Out_WindowClose</include>
    <controls>
        <control type="image">
            <left>0</left>
            <top>0</top>
            <width>1920</width>
            <height>1080</height>
            <texture>filter_keyboard_shadow.png</texture>
        </control>
        <control type="group">
            <left>13%</left>
            <centertop>50%</centertop>
            <height>770</height>
            <control type="image">
                <description>background image</description>
                <left>-160</left>
                <top>-120</top>
                <width>1800</width>
                <height>1050</height>
                <texture>dialogs\dialog-background-tall.png</texture>
            </control>
            <control type="label" id="1">
                <description>header label</description>
                <left>-100</left>
                <top>-35</top>
                <height>63</height>
                <width>1590</width>
                <align>center</align>
                <aligny>center</aligny>
                <font>Heading</font>
                <label>$LOCALIZE[13406]</label>
                <textcolor>white</textcolor>
                <shadowcolor>black</shadowcolor>
            </control>
            <control type="textbox" id="5">
                <left>1%</left>
                <top>35</top>
                <width>85%</width>
                <height>735</height>
                <shadowcolor>black</shadowcolor>
                <pagecontrol>3000</pagecontrol>
                <font>Medium</font>
                <monofont>Mono26</monofont>
            </control>
            <control type="scrollbar" id="3000">
                <left>-3000</left>
                <top>-3000</top>
                <width>1</width>
                <height>1</height>
                <ondown>3000</ondown>
                <onup>3000</onup>
            </control>
        </control>
        <control type="button" id="1000">
            <left>-3000</left>
            <top>-3000</top>
            <width>1</width>
            <height>1</height>
            <texturefocus />
            <texturenofocus />
            <label />
            <font />
            <onclick>Action(Close)</onclick>
            <onup>PageUp(3000)</onup>
            <ondown>PageDown(3000)</ondown>
        </control>
        <control type="button">
            <left>180</left>
            <top>113</top>
            <width>60</width>
            <height>60</height>
            <texturefocus>menu\nav\nav_arrow_up_FO.png</texturefocus>
            <texturenofocus>menu\nav\nav_arrow_up_FO.png</texturenofocus>
            <onclick>SetFocus(3000)</onclick>
            <onclick>Up</onclick>
        </control>
        <control type="button">
            <left>180</left>
            <top>936</top>
            <width>60</width>
            <height>60</height>
            <onclick>SetFocus(3000)</onclick>
            <onclick>Down</onclick>
            <texturefocus>menu\nav\nav_arrow_down_FO.png</texturefocus>
            <texturenofocus>menu\nav\nav_arrow_down_FO.png</texturenofocus>
        </control>
        <control type="label">
            <left>1400</left>
            <top>945</top>
            <width>380</width>
            <height>35</height>
            <font>Medium</font>
            <textcolor>TextGrey</textcolor>
            <align>right</align>
            <aligny>center</aligny>
            <label>$LOCALIZE[50130] $INFO[Container(5).CurrentPage] $LOCALIZE[20163] $INFO[Container(5).NumPages]</label>
            <wrapmultiline>true</wrapmultiline>
            <visible>Integer.IsGreater(Container(5).NumPages,1)</visible>
        </control>
        <include>Debug</include>
    </controls>
</window>
