<window>
    <defaultcontrol>1</defaultcontrol>
    <coordinates>
        <system>1</system>
        <left>0</left>
        <top>0</top>
    </coordinates>
    <controls>
        <control type="group">
            <left>1569</left>
            <top>0</top>
            <animation effect="slide" start="351" end="0" time="300" tween="sine" easing="out" reversible="false">WindowOpen</animation>
            <animation effect="slide" start="0" end="351" time="300" tween="sine" easing="in" reversible="false">WindowClose</animation>
            <control type="image">
                <left>0</left>
                <top>0</top>
                <width>351</width>
                <height>80</height>
                <texture>dialogs\tab-topright-volume.png</texture>
            </control>
            <control type="image">
                <visible>!Player.Muted</visible>
                <left>68</left>
                <top>12</top>
                <width>34</width>
                <height>33</height>
                <texture>dialogs\volume-icon.png</texture>
                <animation effect="fade" start="0" end="100" time="150" reversible="false">Visible</animation>
                <animation effect="fade" start="100" end="0" time="150" reversible="false">Hidden</animation>
            </control>
            <control type="image">
                <visible>Player.Muted</visible>
                <left>68</left>
                <top>12</top>
                <width>34</width>
                <height>33</height>
                <texture>dialogs\volume-mute-icon.png</texture>
                <animation effect="fade" start="0" end="100" time="150" reversible="false">Visible</animation>
                <animation effect="fade" start="100" end="0" time="150" reversible="false">Hidden</animation>
            </control>
            <control type="progress" id="1">
                <description>Progressbar</description>
                <left>118</left>
                <top>15</top>
                <width>218</width>
                <height>27</height>
                <info>Player.Volume</info>
                <texturebg>dialogs\volume-slider-back.png</texturebg>
                <lefttexture></lefttexture>
                <midtexture>dialogs\volume-slider-full.png</midtexture>
                <righttexture></righttexture>
                <overlaytexture></overlaytexture>
                <visible>true</visible>
                <reveal>true</reveal>
            </control>
            <control type="label">
                <description>Volume level</description>
                <left>120</left>
                <top>-5</top>
                <width>128</width>
                <height>60</height>
                <font>Small</font>
                <textcolor>TextSeek</textcolor>
                <align>left</align>
                <label>$INFO[Player.Volume]</label>
            </control>
        </control>
        <include>Debug</include>
    </controls>
</window>
