<window>
    <onload condition="Window.IsActive(Startup)">Dialog.Close(all,true)</onload>
    <coordinates>
        <system>1</system>
        <left>0</left>
        <top>0</top>
    </coordinates>
    <controls>
        <control type="progress" id="10">
            <description>progress control</description>
            <width>1</width>
            <height>1</height>
            <texturebg />
            <lefttexture />
            <midtexture />
            <righttexture />
            <overlaytexture />
        </control>
        <control type="image">
            <left>0</left>
            <top>0</top>
            <width>1920</width>
            <height>1080</height>
            <texture>filter_keyboard_shadow.png</texture>
        </control>
        <control type="group">
            <left>567</left>
            <top>297</top>
            <width>784</width>
            <height>484</height>
            <include>Zoom_In_WindowOpen</include>
            <include>Zoom_Out_WindowClose</include>
            <control type="image">
                <left>345</left>
                <top>250</top>
                <width>96</width>
                <height>96</height>
                <texture colordiffuse="ff31d5b6">dialogs/spinner_48_inner_holo.png</texture>
                <aspectratio>keep</aspectratio>
                <animation effect="rotate" start="0" end="360" center="auto" time="2000" loop="true" condition="true">conditional</animation>
            </control>
            <control type="image">
                <left>345</left>
                <top>250</top>
                <width>96</width>
                <height>96</height>
                <texture colordiffuse="ff31d5b6">dialogs/spinner_48_outer_holo.png</texture>
                <aspectratio>keep</aspectratio>
                <animation effect="rotate" start="360" end="0" center="auto" time="2000" loop="true" condition="true">conditional</animation>
            </control>
            <control type="label">
                <description>Busy label</description>
                <left>500</left>
                <top>270</top>
                <width>94</width>
                <height>94</height>
                <textcolor>Text</textcolor>
                <align>center</align>
                <aligny>center</aligny>
                <label>$INFO[Control.GetLabel(10),,%]</label>
                <font>Default</font>
                <visible>!Integer.IsEqual(Control.GetLabel(10), 0)</visible>
            </control>
        </control>
        <include>Debug</include>
    </controls>
</window>
