<window>
    <include>Fade_In_WindowOpen</include>
    <include>Fade_Out_WindowClose</include>
    <coordinates>
        <system>1</system>
        <left>0</left>
        <top>0</top>
    </coordinates>
    <controls>
        <control type="image">
            <left>0</left>
            <top>0</top>
            <width>1920</width>
            <height>1080</height>
            <texture>filter_keyboard_shadow.png</texture>
        </control>
        <control type="group">
            <visible>!Window.IsActive(fullscreenvideo) + !Window.IsActive(visualisation)</visible>
            <left>396</left>
            <top>268</top>
            <width>1126</width>
            <height>543</height>
            <include>Zoom_In_WindowOpen</include>
            <include>Zoom_Out_WindowClose</include>
            <control type="image">
                <left>0</left>
                <top>0</top>
                <width>1126</width>
                <height>543</height>
                <texture>dialogs\dialog-background-yesno.png</texture>
            </control>
            <control type="image">
                <left>468</left>
                <top>52</top>
                <width>192</width>
                <height>96</height>
                <texture>dialogs\progress-dialog-icon.png</texture>
            </control>
            <control type="progress" id="32">
                <description>Progressbar</description>
                <left>210</left>
                <top>322</top>
                <width>704</width>
                <height>46</height>
                <texturebg>controls\progressbar_back.png</texturebg>
                <lefttexture></lefttexture>
                <midtexture>controls\progressbar_full.png</midtexture>
                <righttexture></righttexture>
                <overlaytexture></overlaytexture>
            </control>
            <control type="label">
                <description>heading label</description>
                <left>99</left>
                <top>150</top>
                <width>930</width>
                <align>center</align>
                <font>Medium_Bold</font>
                <label>$INFO[Control.GetLabel(30)]$INFO[Control.GetLabel(32),: ,%]</label>
                <textcolor>Text</textcolor>
            </control>
            <control type="label" id="31">
                <description>text</description>
                <left>99</left>
                <top>202</top>
                <width>930</width>
                <height>105</height>
                <align>center</align>
                <label />
                <font>Medium</font>
            </control>
            <control type="label" id="30">
                <description>heading label</description>
                <left>0</left>
                <top>0</top>
                <width>0</width>
                <height>0</height>
                <font></font>
                <visible>false</visible>
            </control>
        </control>
        <include>Debug</include>
    </controls>
</window>
