<window>
    <defaultcontrol always="true">26</defaultcontrol>
    <controls>
        <control type="image">
            <width>1920</width>
            <height>1080</height>
            <texture>background.png</texture>
            <animation effect="fade" end="85" time="0" condition="true">Conditional</animation>
        </control>
        <control type="image">
            <left>20</left>
            <top>100</top>
            <width>1880</width>
            <height>900</height>
            <texture border="5">dialogs\dialog-background-new.png</texture>
            <animation effect="fade" time="200">Visible</animation>
            <animation effect="fade" time="200">Hidden</animation>
        </control>
        <control type="group">
            <animation effect="fade" time="200">Visible</animation>
            <animation effect="fade" time="200">Hidden</animation>
            <centertop>46%</centertop>
            <height>830</height>
            <centerleft>50%</centerleft>
            <width>1820</width>
            <control type="label">
                <left>50</left>
                <top>40</top>
                <width>800</width>
                <align>left</align>
                <scroll>true</scroll>
                <label>[B]$VAR[PVRGroupMgrHeader][/B]</label>
            </control>
            <control type="grouplist" id="9000">
                <left>0</left>
                <top>50</top>
                <width>370</width>
                <height>600</height>
                <itemgap>0</itemgap>
                <align>center</align>
                <orientation>vertical</orientation>
                <onleft>12</onleft>
                <onright>13</onright>
                <onup>9000</onup>
                <ondown>9000</ondown>
                <control type="button" id="26">
                    <description>Add Group</description>
                    <width>370</width>
                    <include>SettingsItemCommon</include>
                    <label>$LOCALIZE[50183]</label>
                </control>
                <control type="button" id="27">
                    <description>Rename Group</description>
                    <width>370</width>
                    <include>SettingsItemCommon</include>
                    <label>$LOCALIZE[50184]</label>
                </control>
                <control type="radiobutton" id="25">
                    <description>Hide Group</description>
                    <width>370</width>
                    <include>SettingsItemCommon</include>
                    <label>$LOCALIZE[19289]</label>
                    <radiowidth>100</radiowidth>
                    <radioposy>13</radioposy>
                </control>
                <control type="button" id="28">
                    <description>Delete Group</description>
                    <width>370</width>
                    <include>SettingsItemCommon</include>
                    <label>$LOCALIZE[50185]</label>
                </control>
                <control type="button" id="35">
                    <description>Regenerate Group Thumbnail</description>
                    <width>370</width>
                    <include>SettingsItemCommon</include>
                    <label>$LOCALIZE[13315]</label>
                </control>
                <control type="togglebutton" id="34">
                    <description>TV/Radio toggle</description>
                    <width>370</width>
                    <include>SettingsItemCommon</include>
                    <label>$LOCALIZE[19174]</label>
                    <altlabel>$LOCALIZE[19173]</altlabel>
                    <usealttexture>!String.IsEmpty(Window.Property(IsRadio))</usealttexture>
                </control>
                <control type="button" id="29">
                    <description>OK</description>
                    <width>370</width>
                    <include>SettingsItemCommon</include>
                    <label>$LOCALIZE[186]</label>
                </control>
            </control>
            <control type="image">
                <left>60</left>
                <top>625</top>
                <width>250</width>
                <height>250</height>
                <texture>$INFO[Container(13).ListItem.Icon]</texture>
                <bordertexture colordiffuse="black">white.png</bordertexture>
                <bordersize>10</bordersize>
                <aspectratio>keep</aspectratio>
            </control>
            <control type="group">
                <left>380</left>
                <top>100</top>
                <control type="label">
                    <description>name label</description>
                    <left>0</left>
                    <top>10</top>
                    <width>360</width>
                    <height>69</height>
                    <label>$LOCALIZE[50182]: [COLOR white]$INFO[Container(13).NumItems][/COLOR]</label>
                    <align>center</align>
                    <aligny>center</aligny>
                </control>
                <control type="list" id="13">
                    <left>20</left>
                    <top>76</top>
                    <width>400</width>
                    <height>690</height>
                    <onup>13</onup>
                    <ondown>13</ondown>
                    <onleft>9000</onleft>
                    <onright>73</onright>
                    <pagecontrol>73</pagecontrol>
                    <scrolltime>200</scrolltime>
                    <itemlayout width="400" height="69">
                        <control type="label">
                            <left>20</left>
                            <width>300</width>
                            <height>69</height>
                            <aligny>center</aligny>
                            <font>Medium_Large</font>
                            <textcolor>grey</textcolor>
                            <label>$INFO[ListItem.Label]</label>
                        </control>
                        <control type="image">
                            <width>60</width>
                            <height>60</height>
                            <left>333</left>
                            <top>5</top>
                            <texture>$INFO[ListItem.Icon]</texture>
                            <bordertexture colordiffuse="black">white.png</bordertexture>
                            <bordersize>2</bordersize>
                            <aspectratio>keep</aspectratio>
                        </control>
                    </itemlayout>
                    <focusedlayout width="400" height="69">
                        <control type="image">
                            <left>0</left>
                            <top>-2</top>
                            <width>400</width>
                            <height>73</height>
                            <texture border="4,5,6,8">controls\button_f.png</texture>
                            <animation effect="fade" start="100" end="50" time="0" condition="!Control.HasFocus(13)">Conditional</animation>
                        </control>
                        <control type="label">
                            <left>20</left>
                            <width>300</width>
                            <height>69</height>
                            <aligny>center</aligny>
                            <font>Medium_Large</font>
                            <textcolor>Highlight</textcolor>
                            <label>$INFO[ListItem.Label]</label>
                            <scroll>true</scroll>
                        </control>
                        <control type="image">
                            <width>60</width>
                            <height>60</height>
                            <left>333</left>
                            <top>5</top>
                            <texture>$INFO[ListItem.Icon]</texture>
                            <bordertexture colordiffuse="black">white.png</bordertexture>
                            <bordersize>2</bordersize>
                            <aspectratio>keep</aspectratio>
                        </control>
                    </focusedlayout>
                </control>
                <control type="scrollbar" id="73">
                    <left>430</left>
                    <top>80</top>
                    <width>12</width>
                    <height>675</height>
                    <onleft>13</onleft>
                    <onright>11</onright>
                    <ondown>73</ondown>
                    <onup>73</onup>
                    <showonepage>false</showonepage>
                    <orientation>vertical</orientation>
                </control>
            </control>
            <control type="group">
                <description>Channels list</description>
                <left>813</left>
                <top>100</top>
                <include content="ChannelManagerList">
                    <param name="lista_id" value="11" />
                    <param name="scrollbar_id" value="71" />
                    <param name="onright" value="12" />
                    <param name="onleft" value="13" />
                </include>
                <control type="grouplist">
                    <orientation>horizontal</orientation>
                    <left>0</left>
                    <top>10</top>
                    <align>center</align>
                    <width>510</width>
                    <control type="label" id="21">
                        <width>auto</width>
                        <height>69</height>
                        <align>center</align>
                        <aligny>center</aligny>
                    </control>
                    <control type="label">
                        <width>auto</width>
                        <height>69</height>
                        <align>center</align>
                        <aligny>center</aligny>
                        <label>: [COLOR white]$INFO[Container(11).Numitems][/COLOR]</label>
                    </control>
                </control>
            </control>
            <control type="group">
                <description>Grouped Channels list</description>
                <left>1316</left>
                <top>100</top>
                <include content="ChannelManagerList">
                    <param name="lista_id" value="12" />
                    <param name="scrollbar_id" value="72" />
                    <param name="onright" value="9000" />
                    <param name="onleft" value="11" />
                </include>
                <control type="grouplist">
                    <orientation>horizontal</orientation>
                    <left>0</left>
                    <top>10</top>
                    <align>center</align>
                    <width>510</width>
                    <control type="label" id="22">
                        <width>auto</width>
                        <height>69</height>
                        <align>center</align>
                        <aligny>center</aligny>
                    </control>
                    <control type="label">
                        <width>auto</width>
                        <height>69</height>
                        <align>center</align>
                        <aligny>center</aligny>
                        <label>: [COLOR white]$INFO[Container(12).Numitems][/COLOR]</label>
                    </control>
                </control>
            </control>
        </control>
    </controls>
</window>
