<window>
    <defaultcontrol>5</defaultcontrol>
    <include>Fade_In_WindowOpen</include>
    <include>Fade_Out_WindowClose</include>
    <controls>
        <control type="image">
            <left>0</left>
            <top>0</top>
            <width>1920</width>
            <height>1080</height>
            <texture>filter_keyboard_shadow.png</texture>
        </control>
        <control type="image">
            <left>110</left>
            <top>140</top>
            <width>1700</width>
            <height>890</height>
            <texture>dialogs\dialog-background-tall.png</texture>
        </control>
        <control type="group">
            <top>225</top>
            <left>180</left>
            <width>1520</width>
            <visible>!Window.IsVisible(sliderdialog)</visible>
            <control type="group">
                <width>1520</width>
                <height>870</height>
                <control type="label" id="2">
                    <left>40</left>
                    <top>0</top>
                    <right>100</right>
                    <height>70</height>
                    <font>Heading</font>
                    <label />
                    <aligny>center</aligny>
                </control>
                <control type="button" id="22002">
                    <description>button overlay to avoid closing in dialog area</description>
                    <left>0</left>
                    <top>0</top>
                    <right>0</right>
                    <bottom>0</bottom>
                    <texturefocus />
                    <texturenofocus />
                </control>
            </control>
            <control type="grouplist" id="5">
                <description>control area</description>
                <left>29</left>
                <top>100</top>
                <width>1160</width>
                <height>586</height>
                <onleft>9000</onleft>
                <onright>9000</onright>
                <onup>5</onup>
                <ondown>5</ondown>
            </control>
            <control type="button" id="7">
                <description>Default Button</description>
                <include>DefaultSettingButton</include>
            </control>
            <control type="radiobutton" id="8">
                <description>Default RadioButton</description>
                <include>DefaultSettingButton</include>
            </control>
            <control type="spincontrolex" id="9">
                <description>Default SpinControlex</description>
                <include>DefaultSettingButton</include>
            </control>
            <control type="edit" id="12">
                <include>DefaultSettingButton</include>
                <font>Default</font>
                <textcolor>white</textcolor>
            </control>
            <control type="sliderex" id="13">
                <description>Default Slider</description>
                <include>DefaultSettingButton</include>
                <font>Default</font>
                <textwidth>800</textwidth>
            </control>
            <control type="label" id="14">
                <description>Default Label</description>
                <left>0</left>
                <top>0</top>
                <height>69</height>
                <label />
                <align>center</align>
                <aligny>center</aligny>
                <font>NowPlaying_Label</font>
                <textcolor>Text</textcolor>
            </control>
            <control type="grouplist" id="9000">
                <left>1210</left>
                <top>100</top>
                <orientation>vertical</orientation>
                <width>320</width>
                <height>220</height>
                <itemgap>5</itemgap>
                <onleft>5</onleft>
                <onright>5</onright>
                <include content="DefaultDialogButton">
                    <param name="id" value="28" />
                    <param name="label" value="" />
                    <param name="focus" value="controls\button_green_f.png" />
                    <param name="nofocus" value="controls\button_green_nf.png" />
                </include>
                <include content="DefaultDialogButton">
                    <param name="id" value="29" />
                    <param name="label" value="" />
                    <param name="focus" value="controls\button_red_f.png" />
                    <param name="nofocus" value="controls\button_red_nf.png" />
                </include>
                <include content="DefaultDialogButton">
                    <param name="id" value="30" />
                    <param name="label" value="" />
                    <param name="focus" value="controls\button_f.png" />
                    <param name="nofocus" value="controls\button_nf.png" />
                </include>
            </control>
        </control>
    </controls>
</window>
