<window>
    <defaultcontrol>20</defaultcontrol>
    <controls>
        <include>Background</include>
        <!-- Elipsis Visor -->
        <include>Visor_Filter</include>
        <!-- Edge Filter -->
        <include>Edge_Filter</include>
        <!-- Clock -->
        <include>Clock</include>
        <!-- Elipsis Button -->
        <control type="group">
            <left>960</left>
            <top>1080</top>
            <include>Dock_Elipsis_Home</include>
        </control>
        <control type="image">
            <left>0</left>
            <top>0</top>
            <width>1920</width>
            <height>1080</height>
            <texture>filter_keyboard_shadow.png</texture>
        </control>
        <control type="group">
            <left>-1920</left>
            <top>0</top>
            <animation type="Conditional" condition="Control.HasFocus(20)" reversible="false">
                <effect type="fade" start="0" end="100" tween="sine" easing="in" time="300" />
                <effect type="slide" start="0" end="1920" tween="bounce" easing="out" time="300" />
            </animation>
            <animation type="Conditional" condition="!Control.HasFocus(20)" reversible="false">
                <effect type="fade" start="100" end="0" tween="sine" easing="out" time="300" />
                <effect type="slide" start="1920" end="0" tween="sine" easing="out" time="300" />
            </animation>
            <control type="image">
                <description>background image</description>
                <left>75</left>
                <top>34</top>
                <width>1772</width>
                <height>1011</height>
                <texture>menu\filemanager\filemanager_panel_a.png</texture>
            </control>
            <control type="group">
                <left>188</left>
                <top>135</top>
                <width>1545</width>
                <height>690</height>
                <control type="fadelabel" id="101">
                    <description>current directory text label left</description>
                    <align>left</align>
                    <left>55</left>
                    <top>-12</top>
                    <width>1455</width>
                    <font>Heading</font>
                    <textcolor>Text</textcolor>
                </control>
                <control type="label" id="12">
                    <description>number of files in left list text label</description>
                    <left>60</left>
                    <top>758</top>
                    <label />
                    <font>Medium</font>
                    <textcolor>Highlight</textcolor>
                </control>
                <control type="list" id="20">
                    <left>45</left>
                    <top>60</top>
                    <width>1455</width>
                    <height>690</height>
                    <onleft>20</onleft>
                    <onright>21</onright>
                    <onup>20</onup>
                    <ondown>20</ondown>
                    <pagecontrol></pagecontrol>
                    <scrolltime>200</scrolltime>
                    <itemlayout height="69">
                        <control type="image">
                            <left>0</left>
                            <top>0</top>
                            <width>1455</width>
                            <height>69</height>
                            <texture border="4,5,6,8">controls\button_nf.png</texture>
                        </control>
                        <control type="image">
                            <left>15</left>
                            <top>6</top>
                            <width>52</width>
                            <height>52</height>
                            <texture>$INFO[ListItem.Icon]</texture>
                        </control>
                        <control type="label">
                            <left>82</left>
                            <top>6</top>
                            <width>1160</width>
                            <height>52</height>
                            <font>Default</font>
                            <aligny>center</aligny>
                            <selectedcolor>Highlight</selectedcolor>
                            <textcolor>Text</textcolor>
                            <align>left</align>
                            <info>ListItem.Label</info>
                        </control>
                        <control type="label">
                            <left>82</left>
                            <top>6</top>
                            <width>1330</width>
                            <height>52</height>
                            <font>Default</font>
                            <aligny>center</aligny>
                            <selectedcolor>Highlight</selectedcolor>
                            <textcolor>Text</textcolor>
                            <align>right</align>
                            <info>ListItem.Label2</info>
                        </control>
                    </itemlayout>
                    <focusedlayout height="69">
                        <control type="image">
                            <left>0</left>
                            <top>0</top>
                            <width>1455</width>
                            <height>69</height>
                            <texture border="4,5,6,8">controls\button_nf.png</texture>
                            <visible>!Control.HasFocus(20)</visible>
                        </control>
                        <control type="image">
                            <left>0</left>
                            <top>0</top>
                            <width>1455</width>
                            <height>69</height>
                            <texture border="4,5,6,8">controls\button_f.png</texture>
                            <visible>Control.HasFocus(20)</visible>
                        </control>
                        <control type="image">
                            <left>15</left>
                            <top>6</top>
                            <width>52</width>
                            <height>52</height>
                            <texture>$INFO[ListItem.Icon]</texture>
                        </control>
                        <control type="label">
                            <left>82</left>
                            <top>6</top>
                            <width>1160</width>
                            <height>52</height>
                            <font>Default</font>
                            <aligny>center</aligny>
                            <selectedcolor>Highlight</selectedcolor>
                            <textcolor>Text</textcolor>
                            <align>left</align>
                            <info>ListItem.Label</info>
                        </control>
                        <control type="label">
                            <left>82</left>
                            <top>6</top>
                            <width>1330</width>
                            <height>52</height>
                            <font>Default</font>
                            <aligny>center</aligny>
                            <selectedcolor>Highlight</selectedcolor>
                            <textcolor>Text</textcolor>
                            <align>right</align>
                            <info>ListItem.Label2</info>
                        </control>
                    </focusedlayout>
                </control>
            </control>
            <control type="image">
                <description>tab right</description>
                <left>1680</left>
                <top>705</top>
                <width>162</width>
                <height>116</height>
                <texture>menu\filemanager\filemanager_tab_right.png</texture>
                <animation type="Conditional" condition="true" reversible="false" pulse="true">
                    <effect type="slide" start="0" end="8" tween="sine" easing="inout" time="600" />
                </animation>
            </control>
        </control>
        <control type="group">
            <left>1920</left>
            <top>0</top>
            <animation type="Conditional" condition="!Control.HasFocus(20)" reversible="false">
                <effect type="fade" start="0" end="100" tween="sine" easing="in" time="300" />
                <effect type="slide" start="0" end="-1920" tween="bounce" easing="out" time="300" />
            </animation>
            <animation type="Conditional" condition="Control.HasFocus(20)" reversible="false">
                <effect type="fade" start="100" end="0" tween="sine" easing="out" time="300" />
                <effect type="slide" start="-1920" end="0" tween="sine" easing="out" time="300" />
            </animation>
            <control type="image">
                <description>background image</description>
                <left>75</left>
                <top>34</top>
                <width>1772</width>
                <height>1011</height>
                <texture>menu\filemanager\filemanager_panel_b.png</texture>
            </control>
            <control type="group">
                <left>188</left>
                <top>135</top>
                <width>1545</width>
                <height>690</height>
                <control type="fadelabel" id="102">
                    <description>current directory text label right</description>
                    <align>left</align>
                    <left>55</left>
                    <top>-12</top>
                    <width>1455</width>
                    <font>Heading</font>
                    <textcolor>Text</textcolor>
                </control>
                <control type="label" id="13">
                    <description>number of files in right list text label</description>
                    <left>60</left>
                    <top>758</top>
                    <label />
                    <font>Medium</font>
                    <textcolor>Highlight</textcolor>
                </control>
                <control type="list" id="21">
                    <left>45</left>
                    <top>60</top>
                    <width>1455</width>
                    <height>690</height>
                    <onleft>20</onleft>
                    <onright>21</onright>
                    <onup>21</onup>
                    <ondown>21</ondown>
                    <pagecontrol></pagecontrol>
                    <scrolltime>200</scrolltime>
                    <itemlayout height="69">
                        <control type="image">
                            <left>0</left>
                            <top>0</top>
                            <width>1455</width>
                            <height>69</height>
                            <texture border="4,5,6,8">controls\button_nf.png</texture>
                        </control>
                        <control type="image">
                            <left>15</left>
                            <top>6</top>
                            <width>52</width>
                            <height>52</height>
                            <texture>$INFO[ListItem.Icon]</texture>
                        </control>
                        <control type="label">
                            <left>82</left>
                            <top>6</top>
                            <width>1192</width>
                            <height>52</height>
                            <font>Default</font>
                            <aligny>center</aligny>
                            <selectedcolor>Highlight</selectedcolor>
                            <textcolor>Text</textcolor>
                            <align>left</align>
                            <info>ListItem.Label</info>
                        </control>
                        <control type="label">
                            <left>1440</left>
                            <top>6</top>
                            <width>180</width>
                            <height>52</height>
                            <font>Default</font>
                            <aligny>center</aligny>
                            <selectedcolor>Highlight</selectedcolor>
                            <textcolor>Text</textcolor>
                            <align>right</align>
                            <info>ListItem.Label2</info>
                        </control>
                    </itemlayout>
                    <focusedlayout height="69">
                        <control type="image">
                            <left>0</left>
                            <top>0</top>
                            <width>1455</width>
                            <height>69</height>
                            <texture border="4,5,6,8">controls\button_nf.png</texture>
                            <visible>!Control.HasFocus(21)</visible>
                        </control>
                        <control type="image">
                            <left>0</left>
                            <top>0</top>
                            <width>1455</width>
                            <height>69</height>
                            <texture border="4,5,6,8">controls\button_f.png</texture>
                            <visible>Control.HasFocus(21)</visible>
                        </control>
                        <control type="image">
                            <left>15</left>
                            <top>6</top>
                            <width>52</width>
                            <height>52</height>
                            <texture>$INFO[ListItem.Icon]</texture>
                        </control>
                        <control type="label">
                            <left>82</left>
                            <top>6</top>
                            <width>1192</width>
                            <height>52</height>
                            <font>Default</font>
                            <aligny>center</aligny>
                            <selectedcolor>Highlight</selectedcolor>
                            <textcolor>Text</textcolor>
                            <align>left</align>
                            <info>ListItem.Label</info>
                        </control>
                        <control type="label">
                            <left>1440</left>
                            <top>6</top>
                            <width>180</width>
                            <height>52</height>
                            <font>Default</font>
                            <aligny>center</aligny>
                            <selectedcolor>Highlight</selectedcolor>
                            <textcolor>Text</textcolor>
                            <align>right</align>
                            <info>ListItem.Label2</info>
                        </control>
                    </focusedlayout>
                </control>
            </control>
            <control type="image">
                <description>tab left</description>
                <left>78</left>
                <top>705</top>
                <width>162</width>
                <height>116</height>
                <texture>menu\filemanager\filemanager_tab_left.png</texture>
                <animation type="Conditional" condition="true" reversible="false" pulse="true">
                    <effect type="slide" start="0" end="-8" tween="sine" easing="inout" time="600" />
                </animation>
            </control>
        </control>
        <include>Debug</include>
    </controls>
</window>
