<includes>
    <include name="List_View_Media">
        <control type="image">
            <visible>Control.IsVisible(59)</visible>
            <left>0</left>
            <top>0</top>
            <width>1920</width>
            <height>1080</height>
            <texture colordiffuse="99ffffff">background.png</texture>
        </control>
        <control type="grouplist">
            <visible>Control.IsVisible(59)</visible>
            <visible>String.IsEqual(ListItem.DBType,movie) | String.IsEqual(ListItem.DBType,set) | String.IsEqual(ListItem.DBType,tvshow) | String.IsEqual(ListItem.DBType,season) | String.IsEqual(ListItem.DBType,episode) | String.IsEqual(ListItem.DBType,musicvideo) | String.IsEqual(ListItem.DBType,artist) | String.IsEqual(ListItem.DBType,album) | String.IsEqual(ListItem.DBType,song) | Container.Content(addons)</visible>
            <animation effect="slide" start="0,0" end="28,60" time="0" condition="String.IsEqual(ListItem.DBType,artist) | String.IsEqual(ListItem.DBType,album) | String.IsEqual(ListItem.DBType,song) | Container.Content(addons)">Conditional</animation>
            <left>-180</left>
            <top>900</top>
            <width>1100</width>
            <height>33</height>
            <itemgap>13</itemgap>
            <align>center</align>
            <orientation>horizontal</orientation>
            <control type="label">
                <width>auto</width>
                <height>33</height>
                <font>Library_Normal_14</font>
                <textcolor>grey</textcolor>
                <label>$LOCALIZE[50163]</label>
                <align>right</align>
                <aligny>bottom</aligny>
            </control>
            <control type="image">
                <width>33</width>
                <height>33</height>
                <texture>menu\library\info-icon.png</texture>
            </control>
            <control type="label">
                <width>auto</width>
                <height>33</height>
                <font>Library_Normal_14</font>
                <textcolor>grey</textcolor>
                <label>$LOCALIZE[50065]</label>
                <align>left</align>
                <aligny>bottom</aligny>
            </control>
        </control>
        <control type="list" id="59">
            <left>162</left>
            <top>156</top>
            <width>1596</width>
            <height>759</height>
            <animation effect="slide" start="0,0" end="0,-30" time="0" condition="Container.Content(Movies) | Container.Content(TvShows) | Container.Content(MusicVideos) | Container.Content(Artists) | Container.Content(Albums) | Container.Content(Songs) | Container.Content(Games)">Conditional</animation>
            <onleft>ActivateWindow(1201)</onleft>
            <onright>65</onright>
            <onup>59</onup>
            <ondown>59</ondown>
            <viewtype label="535">list</viewtype>
            <pagecontrol>65</pagecontrol>
            <scrolltime>200</scrolltime>
            <itemlayout height="69">
                <control type="image">
                    <left>0</left>
                    <top>0</top>
                    <width>1596</width>
                    <height>69</height>
                    <texture border="4,5,6,8">controls\button_nf.png</texture>
                </control>
                <control type="image">
                    <left>15</left>
                    <top>6</top>
                    <width>52</width>
                    <height>52</height>
                    <aspectratio>keep</aspectratio>
                    <texture fallback="DefaultFile.png">$VAR[Poster_list]</texture>
                </control>
                <control type="image">
                    <left>72</left>
                    <top>0</top>
                    <width>69</width>
                    <height>69</height>
                    <texture colordiffuse="bbffffff">overlays/icon/OverlayWatched3.png</texture>
                    <visible>String.IsEqual(ListItem.Overlay,OverlayWatched.png) + !Skin.HasSetting(Disable_Watched_Overlay)</visible>
                    <aspectratio align="center" scalediffuse="false">scale</aspectratio>
                </control>
                <control type="group">
                    <visible>Container.Content(Movies)</visible>
                    <control type="label">
                        <left>152</left>
                        <top>6</top>
                        <width>1264</width>
                        <height>52</height>
                        <font>Default</font>
                        <aligny>center</aligny>
                        <selectedcolor>Highlight</selectedcolor>
                        <textcolor>Text</textcolor>
                        <align>left</align>
                        <label>$INFO[ListItem.Label] $INFO[ListItem.Year, (,)]  [COLOR TextMedium]$VAR[ItemDuration][/COLOR]</label>
                        <visible>String.IsEqual(ListItem.Overlay,OverlayWatched.png) + !Skin.HasSetting(Disable_Watched_Overlay)</visible>
                    </control>
                    <control type="label">
                        <left>82</left>
                        <top>6</top>
                        <width>1334</width>
                        <height>52</height>
                        <font>Default</font>
                        <aligny>center</aligny>
                        <selectedcolor>Highlight</selectedcolor>
                        <textcolor>Text</textcolor>
                        <align>left</align>
                        <label>$INFO[ListItem.Label] $INFO[ListItem.Year, (,)]  [COLOR TextMedium]$VAR[ItemDuration][/COLOR]</label>
                        <visible>!String.IsEqual(ListItem.Overlay,OverlayWatched.png) | Skin.HasSetting(Disable_Watched_Overlay)</visible>
                    </control>
                </control>
                <control type="group">
                    <visible>Container.Content(Episodes)</visible>
                    <control type="label">
                        <left>152</left>
                        <top>6</top>
                        <width>1264</width>
                        <height>52</height>
                        <font>Default</font>
                        <aligny>center</aligny>
                        <selectedcolor>Highlight</selectedcolor>
                        <textcolor>Text</textcolor>
                        <align>left</align>
                        <label>$INFO[ListItem.Label]  [COLOR TextMedium]$VAR[ItemDuration][/COLOR]</label>
                        <visible>String.IsEqual(ListItem.Overlay,OverlayWatched.png) + !Skin.HasSetting(Disable_Watched_Overlay)</visible>
                    </control>
                    <control type="label">
                        <left>82</left>
                        <top>6</top>
                        <width>1334</width>
                        <height>52</height>
                        <font>Default</font>
                        <aligny>center</aligny>
                        <selectedcolor>Highlight</selectedcolor>
                        <textcolor>Text</textcolor>
                        <align>left</align>
                        <label>$INFO[ListItem.Label]  [COLOR TextMedium]$VAR[ItemDuration][/COLOR]</label>
                        <visible>!String.IsEqual(ListItem.Overlay,OverlayWatched.png) | Skin.HasSetting(Disable_Watched_Overlay)</visible>
                    </control>
                </control>
                <control type="group">
                    <visible>!Container.Content(Movies) + !Container.Content(Episodes) + !Container.Content(Albums) + !Container.Content(Songs)</visible>
                    <control type="label">
                        <left>152</left>
                        <top>6</top>
                        <width>1264</width>
                        <height>52</height>
                        <font>Default</font>
                        <aligny>center</aligny>
                        <selectedcolor>Highlight</selectedcolor>
                        <textcolor>Text</textcolor>
                        <align>left</align>
                        <label>$INFO[ListItem.Label]</label>
                        <visible>String.IsEqual(ListItem.Overlay,OverlayWatched.png) + !Skin.HasSetting(Disable_Watched_Overlay)</visible>
                    </control>
                    <control type="label">
                        <left>82</left>
                        <top>6</top>
                        <width>1334</width>
                        <height>52</height>
                        <font>Default</font>
                        <aligny>center</aligny>
                        <selectedcolor>Highlight</selectedcolor>
                        <textcolor>Text</textcolor>
                        <align>left</align>
                        <label>$INFO[ListItem.Label]</label>
                        <visible>!String.IsEqual(ListItem.Overlay,OverlayWatched.png) | Skin.HasSetting(Disable_Watched_Overlay)</visible>
                    </control>
                </control>
                <control type="label">
                    <visible>Container.Content(Albums)</visible>
                    <left>82</left>
                    <top>6</top>
                    <width>1334</width>
                    <height>52</height>
                    <font>Default</font>
                    <aligny>center</aligny>
                    <selectedcolor>Highlight</selectedcolor>
                    <textcolor>Text</textcolor>
                    <align>left</align>
                    <label>$INFO[ListItem.Label]$INFO[ListItem.Year, (,)]</label>
                </control>
                <control type="label">
                    <visible>Container.Content(Songs)</visible>
                    <left>82</left>
                    <top>6</top>
                    <width>1334</width>
                    <height>52</height>
                    <font>Default</font>
                    <aligny>center</aligny>
                    <selectedcolor>Highlight</selectedcolor>
                    <textcolor>Text</textcolor>
                    <align>left</align>
                    <label>$INFO[ListItem.TrackNumber,,.- ]$INFO[ListItem.Title][COLOR=TextMedium]$INFO[ListItem.Album, - ,]$INFO[ListItem.Year, (,)][/COLOR]</label>
                </control>
                <control type="label">
                    <visible>String.IsEqual(Container.SortMethod,$LOCALIZE[369]) + [Container.Content(TvShows) | Container.Content(Seasons)]</visible>
                    <left>1120</left>
                    <top>6</top>
                    <width>450</width>
                    <height>52</height>
                    <font>Default</font>
                    <aligny>center</aligny>
                    <selectedcolor>Highlight</selectedcolor>
                    <textcolor>Text</textcolor>
                    <align>right</align>
                    <label>$INFO[ListItem.Property(WatchedEpisodes)]$INFO[ListItem.Property(TotalEpisodes), $LOCALIZE[1443] , $LOCALIZE[50161]]</label>
                </control>
                <control type="label">
                    <visible>!Container.Content(addons)</visible>
                    <visible>!String.IsEqual(Container.SortMethod,$LOCALIZE[369]) | [!Container.Content(TvShows) + !Container.Content(Seasons)]</visible>
                    <left>1190</left>
                    <top>6</top>
                    <width>380</width>
                    <height>52</height>
                    <font>Default</font>
                    <aligny>center</aligny>
                    <selectedcolor>Highlight</selectedcolor>
                    <textcolor>Text</textcolor>
                    <align>right</align>
                    <info>ListItem.Label2</info>
                </control>
                <control type="label">
                    <visible>Container.Content(addons)</visible>
                    <visible>!String.IsEqual(ListItem.AddonLifecycleType,$LOCALIZE[24169])</visible>
                    <left>590</left>
                    <top>6</top>
                    <width>980</width>
                    <height>52</height>
                    <font>Default</font>
                    <aligny>center</aligny>
                    <scroll>false</scroll>
                    <selectedcolor>Highlight</selectedcolor>
                    <textcolor>Text</textcolor>
                    <align>right</align>
                    <label>$INFO[ListItem.AddonLifecycleType]$INFO[ListItem.AddonLifecycleDesc, - ,]</label>
                </control>
            </itemlayout>
            <focusedlayout height="69">
                <control type="image">
                    <left>0</left>
                    <top>0</top>
                    <width>1596</width>
                    <height>69</height>
                    <texture border="4,5,6,8">controls\button_nf.png</texture>
                    <visible>!Control.HasFocus(59)</visible>
                </control>
                <control type="image">
                    <left>0</left>
                    <top>0</top>
                    <width>1596</width>
                    <height>69</height>
                    <texture border="4,5,6,8">controls\button_f.png</texture>
                    <visible>Control.HasFocus(59)</visible>
                </control>
                <control type="image">
                    <left>15</left>
                    <top>6</top>
                    <width>52</width>
                    <height>52</height>
                    <aspectratio>keep</aspectratio>
                    <texture fallback="DefaultFile.png">$VAR[Poster_list]</texture>
                </control>
                <control type="image">
                    <left>72</left>
                    <top>0</top>
                    <width>69</width>
                    <height>69</height>
                    <texture colordiffuse="bbffffff">overlays/icon/OverlayWatched3.png</texture>
                    <visible>String.IsEqual(ListItem.Overlay,OverlayWatched.png) + !Skin.HasSetting(Disable_Watched_Overlay)</visible>
                    <aspectratio align="center" scalediffuse="false">scale</aspectratio>
                </control>
                <control type="group">
                    <visible>Container.Content(Movies)</visible>
                    <control type="label">
                        <left>152</left>
                        <top>6</top>
                        <width>1264</width>
                        <height>52</height>
                        <font>Default</font>
                        <aligny>center</aligny>
                        <selectedcolor>Highlight</selectedcolor>
                        <textcolor>Text</textcolor>
                        <align>left</align>
                        <label>$INFO[ListItem.Label] $INFO[ListItem.Year, (,)]  [COLOR TextMedium]$VAR[ItemDuration][/COLOR]</label>
                        <visible>String.IsEqual(ListItem.Overlay,OverlayWatched.png) + !Skin.HasSetting(Disable_Watched_Overlay)</visible>
                    </control>
                    <control type="label">
                        <left>82</left>
                        <top>6</top>
                        <width>1334</width>
                        <height>52</height>
                        <font>Default</font>
                        <aligny>center</aligny>
                        <selectedcolor>Highlight</selectedcolor>
                        <textcolor>Text</textcolor>
                        <align>left</align>
                        <label>$INFO[ListItem.Label] $INFO[ListItem.Year, (,)]  [COLOR TextMedium]$VAR[ItemDuration][/COLOR]</label>
                        <visible>!String.IsEqual(ListItem.Overlay,OverlayWatched.png) | Skin.HasSetting(Disable_Watched_Overlay)</visible>
                    </control>
                </control>
                <control type="group">
                    <visible>Container.Content(Episodes)</visible>
                    <control type="label">
                        <left>152</left>
                        <top>6</top>
                        <width>1264</width>
                        <height>52</height>
                        <font>Default</font>
                        <aligny>center</aligny>
                        <selectedcolor>Highlight</selectedcolor>
                        <textcolor>Text</textcolor>
                        <align>left</align>
                        <label>$INFO[ListItem.Label]  [COLOR TextMedium]$VAR[ItemDuration][/COLOR]</label>
                        <visible>String.IsEqual(ListItem.Overlay,OverlayWatched.png) + !Skin.HasSetting(Disable_Watched_Overlay)</visible>
                    </control>
                    <control type="label">
                        <left>82</left>
                        <top>6</top>
                        <width>1334</width>
                        <height>52</height>
                        <font>Default</font>
                        <aligny>center</aligny>
                        <selectedcolor>Highlight</selectedcolor>
                        <textcolor>Text</textcolor>
                        <align>left</align>
                        <label>$INFO[ListItem.Label]  [COLOR TextMedium]$VAR[ItemDuration][/COLOR]</label>
                        <visible>!String.IsEqual(ListItem.Overlay,OverlayWatched.png) | Skin.HasSetting(Disable_Watched_Overlay)</visible>
                    </control>
                </control>
                <control type="group">
                    <visible>!Container.Content(Movies) + !Container.Content(Episodes) + !Container.Content(Albums) + !Container.Content(Songs)</visible>
                    <control type="label">
                        <left>152</left>
                        <top>6</top>
                        <width>1264</width>
                        <height>52</height>
                        <font>Default</font>
                        <aligny>center</aligny>
                        <selectedcolor>Highlight</selectedcolor>
                        <textcolor>Text</textcolor>
                        <align>left</align>
                        <label>$INFO[ListItem.Label]</label>
                        <visible>String.IsEqual(ListItem.Overlay,OverlayWatched.png) + !Skin.HasSetting(Disable_Watched_Overlay)</visible>
                    </control>
                    <control type="label">
                        <left>82</left>
                        <top>6</top>
                        <width>1334</width>
                        <height>52</height>
                        <font>Default</font>
                        <aligny>center</aligny>
                        <selectedcolor>Highlight</selectedcolor>
                        <textcolor>Text</textcolor>
                        <align>left</align>
                        <label>$INFO[ListItem.Label]</label>
                        <visible>!String.IsEqual(ListItem.Overlay,OverlayWatched.png) | Skin.HasSetting(Disable_Watched_Overlay)</visible>
                    </control>
                </control>
                <control type="label">
                    <visible>Container.Content(Songs)</visible>
                    <left>82</left>
                    <top>6</top>
                    <width>1334</width>
                    <height>52</height>
                    <font>Default</font>
                    <aligny>center</aligny>
                    <selectedcolor>Highlight</selectedcolor>
                    <textcolor>Text</textcolor>
                    <align>left</align>
                    <label>$INFO[ListItem.TrackNumber,,.- ]$INFO[ListItem.Title][COLOR=TextMedium]$INFO[ListItem.Album, - ,]$INFO[ListItem.Year, (,)][/COLOR]</label>
                </control>
                <control type="label">
                    <visible>Container.Content(Albums)</visible>
                    <left>82</left>
                    <top>6</top>
                    <width>1334</width>
                    <height>52</height>
                    <font>Default</font>
                    <aligny>center</aligny>
                    <selectedcolor>Highlight</selectedcolor>
                    <textcolor>Text</textcolor>
                    <align>left</align>
                    <label>$INFO[ListItem.Label]$INFO[ListItem.Year, (,)]</label>
                </control>
                <control type="label">
                    <visible>String.IsEqual(Container.SortMethod,$LOCALIZE[369]) + [Container.Content(TvShows) | Container.Content(Seasons)]</visible>
                    <left>1120</left>
                    <top>6</top>
                    <width>450</width>
                    <height>52</height>
                    <font>Default</font>
                    <aligny>center</aligny>
                    <selectedcolor>Highlight</selectedcolor>
                    <textcolor>Text</textcolor>
                    <align>right</align>
                    <label>$INFO[ListItem.Property(WatchedEpisodes)]$INFO[ListItem.Property(TotalEpisodes), $LOCALIZE[1443] , $LOCALIZE[50161]]</label>
                </control>
                <control type="label">
                    <visible>!Container.Content(addons)</visible>
                    <visible>!String.IsEqual(Container.SortMethod,$LOCALIZE[369]) | [!Container.Content(TvShows) + !Container.Content(Seasons)]</visible>
                    <left>1190</left>
                    <top>6</top>
                    <width>380</width>
                    <height>52</height>
                    <font>Default</font>
                    <aligny>center</aligny>
                    <selectedcolor>Highlight</selectedcolor>
                    <textcolor>Text</textcolor>
                    <align>right</align>
                    <info>ListItem.Label2</info>
                </control>
                <control type="label">
                    <visible>Container.Content(addons)</visible>
                    <visible>!String.IsEqual(ListItem.AddonLifecycleType,$LOCALIZE[24169])</visible>
                    <left>590</left>
                    <top>6</top>
                    <width>980</width>
                    <height>52</height>
                    <font>Default</font>
                    <aligny>center</aligny>
                    <selectedcolor>Highlight</selectedcolor>
                    <textcolor>Text</textcolor>
                    <align>right</align>
                    <label>$INFO[ListItem.AddonLifecycleType]$INFO[ListItem.AddonLifecycleDesc, - ,]</label>
                </control>
            </focusedlayout>
        </control>
        <control type="group">
            <visible>Control.IsVisible(59)</visible>
            <top>50</top>
            <control type="image">
                <left>1803</left>
                <top>30</top>
                <width>60</width>
                <height>60</height>
                <texture>menu\nav\nav_arrow_up_NF.png</texture>
                <animation effect="fade" time="600">Visible</animation>
                <visible>!Container(59).OnPrevious</visible>
            </control>
            <control type="image">
                <left>1803</left>
                <top>30</top>
                <width>60</width>
                <height>60</height>
                <texture>menu\nav\nav_arrow_up_FO.png</texture>
                <animation type="Hidden" reversible="false">
                    <effect type="slide" start="0,-15" end="0" center="auto" time="300" />
                    <effect type="fade" start="100" end="0" time="300" />
                </animation>
                <visible>Container(59).OnPrevious</visible>
            </control>
            <control type="scrollbar" id="65">
                <left>1824</left>
                <height>739</height>
                <top>90</top>
                <width>18</width>
                <onleft>59</onleft>
                <onright>ActivateWindow(1201)</onright>
            </control>
            <control type="image">
                <left>1803</left>
                <top>830</top>
                <width>60</width>
                <height>60</height>
                <texture>menu\nav\nav_arrow_down_NF.png</texture>
                <animation effect="fade" time="600">Visible</animation>
                <visible>!Container(59).OnNext</visible>
            </control>
            <control type="image">
                <left>1803</left>
                <top>830</top>
                <width>60</width>
                <height>60</height>
                <texture>menu\nav\nav_arrow_down_FO.png</texture>
                <animation type="Hidden" reversible="false">
                    <effect type="slide" start="0,15" end="0" center="auto" time="300" />
                    <effect type="fade" start="100" end="0" time="300" />
                </animation>
                <visible>Container(59).OnNext</visible>
            </control>
            <control type="label">
                <visible>!ListItem.IsParentFolder</visible>
                <left>585</left>
                <top>903</top>
                <width>1200</width>
                <align>right</align>
                <font>Medium</font>
                <scroll>true</scroll>
                <label>$INFO[Container(59).CurrentItem] $LOCALIZE[20163] $INFO[Container(59).NumItems] $LOCALIZE[50129] - $LOCALIZE[50130] $INFO[Container(59).CurrentPage] $LOCALIZE[20163] $INFO[Container(59).NumPages]</label>
            </control>
            <control type="group">
                <visible>Container.Content(Games)</visible>
                <control type="image" id="479">
                    <left>835</left>
                    <top>852</top>
                    <width>250</width>
                    <height>90</height>
                    <texture fallback="transp.png">$INFO[Container(59).ListItem.Path]$INFO[Container(59).ListItem.FileNameNoExtension].png</texture>
                    <aspectratio align="center" aligny="top">keep</aspectratio>
                </control>
                <control type="label">
                    <visible>String.Contains(Control.GetLabel(479),transp.png)</visible>
                    <description>Current Selection</description>
                    <left>1</left>
                    <top>847</top>
                    <width>1920</width>
                    <height>60</height>
                    <align>center</align>
                    <aligny>center</aligny>
                    <label>[B][LOWERCASE][CAPITALIZE]$INFO[Container(59).ListItem.FileNameNoExtension][/CAPITALIZE][/LOWERCASE][/B]</label>
                    <font>Library_Normal_43</font>
                    <textcolor>TextSelectedItem</textcolor>
                    <shadowcolor>TextShadow</shadowcolor>
                </control>
            </control>
            <control type="image">
                <left>835</left>
                <top>847</top>
                <width>250</width>
                <height>150</height>
                <texture background="true">$INFO[ListItem.Art(clearlogo)]</texture>
                <aspectratio align="center" aligny="top">keep</aspectratio>
            </control>
            <control type="image">
                <visible>Container.Content(Seasons)</visible>
                <left>835</left>
                <top>847</top>
                <width>250</width>
                <height>150</height>
                <texture background="true">$INFO[ListItem.Art(tvshow.clearlogo)]</texture>
                <aspectratio align="center" aligny="top">keep</aspectratio>
            </control>
            <control type="image">
                <visible>Container.Content(Albums) | Container.Content(Songs)</visible>
                <left>835</left>
                <top>845</top>
                <width>250</width>
                <height>150</height>
                <texture background="true">$INFO[ListItem.Art(artist.clearlogo)]</texture>
                <aspectratio align="center" aligny="top">keep</aspectratio>
            </control>
            <control type="label">
                <visible>[Container.Content(Albums) | Container.Content(Songs)] + String.IsEmpty(ListItem.Art(artist.clearlogo))</visible>
                <left>1</left>
                <top>843</top>
                <width>1920</width>
                <height>60</height>
                <align>center</align>
                <aligny>center</aligny>
                <label>$INFO[ListItem.Artist]</label>
                <font>Library_Normal_28</font>
                <textcolor>TextSelectedItem</textcolor>
                <shadowcolor>TextShadow</shadowcolor>
            </control>
            <control type="grouplist">
                <visible>Container.Content(Episodes)</visible>
                <left>100</left>
                <top>12</top>
                <height>105</height>
                <width>1690</width>
                <align>center</align>
                <itemgap>40</itemgap>
                <orientation>horizontal</orientation>
                <control type="label">
                    <width>auto</width>
                    <height>90</height>
                    <align>center</align>
                    <aligny>center</aligny>
                    <label>$INFO[ListItem.Season,$LOCALIZE[20373] ]$INFO[ListItem.Year, (,)]</label>
                    <font>Library_Normal_28</font>
                    <textcolor>TextSelectedItem</textcolor>
                    <shadowcolor>TextShadow</shadowcolor>
                </control>
                <control type="image">
                    <visible>!String.IsEmpty(ListItem.Art(tvshow.clearlogo))</visible>
                    <width>175</width>
                    <height>105</height>
                    <texture background="true">$INFO[ListItem.Art(tvshow.clearlogo)]</texture>
                    <aspectratio align="center" aligny="center">keep</aspectratio>
                </control>
                <control type="label">
                    <visible>String.IsEmpty(ListItem.Art(tvshow.clearlogo))</visible>
                    <width>auto</width>
                    <height>90</height>
                    <align>center</align>
                    <aligny>center</aligny>
                    <label>$INFO[ListItem.TVShowTitle,-   ,]</label>
                    <font>Library_Normal_28</font>
                    <textcolor>TextSelectedItem</textcolor>
                    <shadowcolor>TextShadow</shadowcolor>
                </control>
            </control>
            <control type="label">
                <visible>String.IsEmpty(ListItem.Art(tvshow.clearlogo))</visible>
                <visible>Container.Content(Seasons)</visible>
                <left>0</left>
                <top>24</top>
                <width>1920</width>
                <height>72</height>
                <align>center</align>
                <aligny>center</aligny>
                <label>$INFO[ListItem.Season,$LOCALIZE[20373] ]$INFO[ListItem.Year, (,)]$INFO[ListItem.TVShowTitle,  -  ,]</label>
                <font>Library_Normal_28</font>
                <textcolor>TextSelectedItem</textcolor>
                <shadowcolor>TextShadow</shadowcolor>
            </control>
            <control type="grouplist">
                <left>-25</left>
                <top>895</top>
                <width>800</width>
                <height>45</height>
                <itemgap>10</itemgap>
                <align>center</align>
                <orientation>horizontal</orientation>
                <include>MediaFlags</include>
            </control>
        </control>
        <control type="group">
            <left>854</left>
            <top>484</top>
            <visible>Control.IsVisible(59)</visible>
            <include>Sort_Letter</include>
        </control>
    </include>
</includes>
