<includes>
    <include name="PVR_RecordingsViews">
        <control type="group">
            <description>Recordings group</description>
            <visible>Control.IsVisible(59)</visible>
            <control type="list" id="59">
                <left>160</left>
                <top>110</top>
                <width>1596</width>
                <height>552</height>
                <onleft>5</onleft>
                <onright>65</onright>
                <onup>59</onup>
                <ondown>59</ondown>
                <viewtype label="535">list</viewtype>
                <pagecontrol>65</pagecontrol>
                <scrolltime>200</scrolltime>
                <itemlayout height="69">
                    <control type="image">
                        <left>0</left>
                        <top>0</top>
                        <width>1596</width>
                        <height>69</height>
                        <texture border="4,5,6,8">controls\button_nf.png</texture>
                    </control>
                    <control type="image">
                        <left>15</left>
                        <top>6</top>
                        <width>52</width>
                        <height>52</height>
                        <aspectratio>keep</aspectratio>
                        <texture fallback="DefaultFile.png">$VAR[Poster_list]</texture>
                    </control>
                    <control type="image">
                        <left>72</left>
                        <top>0</top>
                        <width>69</width>
                        <height>69</height>
                        <texture colordiffuse="bbffffff">overlays/icon/OverlayWatched3.png</texture>
                        <visible>String.IsEqual(ListItem.Overlay,OverlayWatched.png) + !Skin.HasSetting(Disable_Watched_Overlay)</visible>
                        <aspectratio align="center" scalediffuse="false">scale</aspectratio>
                    </control>
                    <control type="group">
                        <control type="label">
                            <left>152</left>
                            <top>6</top>
                            <width>1264</width>
                            <height>52</height>
                            <font>Default</font>
                            <aligny>center</aligny>
                            <selectedcolor>Highlight</selectedcolor>
                            <textcolor>Text</textcolor>
                            <align>left</align>
                            <label>$INFO[ListItem.Label]</label>
                            <visible>String.IsEqual(ListItem.Overlay,OverlayWatched.png) + !Skin.HasSetting(Disable_Watched_Overlay)</visible>
                        </control>
                        <control type="label">
                            <left>82</left>
                            <top>6</top>
                            <width>1334</width>
                            <height>52</height>
                            <font>Default</font>
                            <aligny>center</aligny>
                            <selectedcolor>Highlight</selectedcolor>
                            <textcolor>Text</textcolor>
                            <align>left</align>
                            <label>$INFO[ListItem.Label]</label>
                            <visible>!String.IsEqual(ListItem.Overlay,OverlayWatched.png) | Skin.HasSetting(Disable_Watched_Overlay)</visible>
                        </control>
                    </control>
                    <control type="label">
                        <left>1000</left>
                        <top>6</top>
                        <width>570</width>
                        <height>52</height>
                        <font>Default</font>
                        <aligny>center</aligny>
                        <selectedcolor>Highlight</selectedcolor>
                        <textcolor>Text</textcolor>
                        <align>right</align>
                        <info>ListItem.Label2</info>
                    </control>
                </itemlayout>
                <focusedlayout height="69">
                    <control type="image">
                        <left>0</left>
                        <top>0</top>
                        <width>1596</width>
                        <height>69</height>
                        <texture border="4,5,6,8">controls\button_nf.png</texture>
                        <visible>!Control.HasFocus(59)</visible>
                    </control>
                    <control type="image">
                        <left>0</left>
                        <top>0</top>
                        <width>1596</width>
                        <height>69</height>
                        <texture border="4,5,6,8">controls\button_f.png</texture>
                        <visible>Control.HasFocus(59)</visible>
                    </control>
                    <control type="image">
                        <left>15</left>
                        <top>6</top>
                        <width>52</width>
                        <height>52</height>
                        <aspectratio>keep</aspectratio>
                        <texture fallback="DefaultFile.png">$VAR[Poster_list]</texture>
                    </control>
                    <control type="image">
                        <left>72</left>
                        <top>0</top>
                        <width>69</width>
                        <height>69</height>
                        <texture colordiffuse="bbffffff">overlays/icon/OverlayWatched3.png</texture>
                        <visible>String.IsEqual(ListItem.Overlay,OverlayWatched.png) + !Skin.HasSetting(Disable_Watched_Overlay)</visible>
                        <aspectratio align="center" scalediffuse="false">scale</aspectratio>
                    </control>
                    <control type="group">
                        <control type="label">
                            <left>152</left>
                            <top>6</top>
                            <width>1264</width>
                            <height>52</height>
                            <font>Default</font>
                            <aligny>center</aligny>
                            <selectedcolor>Highlight</selectedcolor>
                            <textcolor>Text</textcolor>
                            <align>left</align>
                            <label>$INFO[ListItem.Label]</label>
                            <visible>String.IsEqual(ListItem.Overlay,OverlayWatched.png) + !Skin.HasSetting(Disable_Watched_Overlay)</visible>
                        </control>
                        <control type="label">
                            <left>82</left>
                            <top>6</top>
                            <width>1334</width>
                            <height>52</height>
                            <font>Default</font>
                            <aligny>center</aligny>
                            <selectedcolor>Highlight</selectedcolor>
                            <textcolor>Text</textcolor>
                            <align>left</align>
                            <label>$INFO[ListItem.Label]</label>
                            <visible>!String.IsEqual(ListItem.Overlay,OverlayWatched.png) | Skin.HasSetting(Disable_Watched_Overlay)</visible>
                        </control>
                    </control>
                    <control type="label">
                        <left>1000</left>
                        <top>6</top>
                        <width>570</width>
                        <height>52</height>
                        <font>Default</font>
                        <aligny>center</aligny>
                        <selectedcolor>Highlight</selectedcolor>
                        <textcolor>Text</textcolor>
                        <align>right</align>
                        <info>ListItem.Label2</info>
                    </control>
                </focusedlayout>
            </control>
            <control type="group">
                <visible>Control.IsVisible(59)</visible>
                <top>30</top>
                <control type="image">
                    <left>1804</left>
                    <top>50</top>
                    <width>60</width>
                    <height>60</height>
                    <texture>menu\nav\nav_arrow_up_NF.png</texture>
                    <animation effect="fade" time="600">Visible</animation>
                    <visible>!Container(59).OnPrevious</visible>
                </control>
                <control type="image">
                    <left>1804</left>
                    <top>50</top>
                    <width>60</width>
                    <height>60</height>
                    <texture>menu\nav\nav_arrow_up_FO.png</texture>
                    <animation type="Hidden" reversible="false">
                        <effect type="slide" start="0,-15" end="0" center="auto" time="300" />
                        <effect type="fade" start="100" end="0" time="300" />
                    </animation>
                    <visible>Container(59).OnPrevious</visible>
                </control>
                <control type="scrollbar" id="65">
                    <left>1824</left>
                    <height>522</height>
                    <top>110</top>
                    <width>18</width>
                    <onleft>59</onleft>
                    <onright>SetFocus(59)</onright>
                    <onright>ActivateWindow(1201)</onright>
                    <showonepage>true</showonepage>
                </control>
                <control type="image">
                    <left>1804</left>
                    <top>635</top>
                    <width>60</width>
                    <height>60</height>
                    <texture>menu\nav\nav_arrow_down_NF.png</texture>
                    <animation effect="fade" time="600">Visible</animation>
                    <visible>!Container(59).OnNext</visible>
                </control>
                <control type="image">
                    <left>1804</left>
                    <top>635</top>
                    <width>60</width>
                    <height>60</height>
                    <texture>menu\nav\nav_arrow_down_FO.png</texture>
                    <animation type="Hidden" reversible="false">
                        <effect type="slide" start="0,15" end="0" center="auto" time="300" />
                        <effect type="fade" start="100" end="0" time="300" />
                    </animation>
                    <visible>Container(59).OnNext</visible>
                </control>
                <control type="label">
                    <visible>!ListItem.IsParentFolder</visible>
                    <left>550</left>
                    <top>667</top>
                    <width>1200</width>
                    <align>right</align>
                    <font>Medium</font>
                    <scroll>true</scroll>
                    <label>$INFO[Container(59).CurrentItem] $LOCALIZE[20163] $INFO[Container(59).NumItems] $LOCALIZE[50129] - $LOCALIZE[50130] $INFO[Container(59).CurrentPage] $LOCALIZE[20163] $INFO[Container(59).NumPages]</label>
                </control>
            </control>
            <control type="group">
                <visible>!ListItem.IsFolder</visible>
                <top>680</top>
                <left>80</left>
                <control type="group">
                    <top>80</top>
                    <left>80</left>
                    <control type="group">
                        <top>10</top>
                        <control type="image">
                            <width>200</width>
                            <height>140</height>
                            <aspectratio align="center" aligny="center">keep</aspectratio>
                            <fadetime>400</fadetime>
                            <texture background="true" fallback="DefaultVideo.png">$INFO[ListItem.Icon]</texture>
                        </control>
                    </control>
                    <control type="label">
                        <top>5</top>
                        <left>200</left>
                        <width>410</width>
                        <height>62</height>
                        <font>Default</font>
                        <textcolor>Highlight</textcolor>
                        <label>[B]$INFO[ListItem.ChannelName][/B]</label>
                    </control>
                    <control type="label">
                        <top>60</top>
                        <width>410</width>
                        <left>200</left>
                        <height>262</height>
                        <font>Default</font>
                        <wrapmultiline>true</wrapmultiline>
                        <label>$INFO[ListItem.Date][CR]$INFO[ListItem.Duration,[COLOR grey]$LOCALIZE[180]: [/COLOR],]</label>
                    </control>
                </control>
                <control type="group">
                    <left>740</left>
                    <control type="grouplist">
                        <top>70</top>
                        <height>390</height>
                        <itemgap>10</itemgap>
                        <control type="label">
                            <width>965</width>
                            <height>35</height>
                            <font>Default</font>
                            <textcolor>Highlight</textcolor>
                            <label>[B]$INFO[Container(59).ListItem.Title][/B]</label>
                        </control>
                        <control type="label">
                            <width>965</width>
                            <height>45</height>
                            <label>$INFO[Container(59).ListItem.PlotOutline]</label>
                            <visible>!String.IsEmpty(Container(59).ListItem.PlotOutline)</visible>
                        </control>
                        <control type="textbox">
                            <width>965</width>
                            <height>130</height>
                            <autoscroll delay="4500" time="2500" repeat="2500">Skin.HasSetting(Enable.AutoScroll)</autoscroll>
                            <label>[B]$INFO[Container(59).ListItem.Genre,$LOCALIZE[515]: , - ][/B]$INFO[Container(59).ListItem.Plot]</label>
                            <font>Library_Light_18</font>
                        </control>
                    </control>
                </control>
            </control>
            <control type="group">
                <top>885</top>
                <left>129</left>
                <control type="group">
                    <left>40</left>
                    <control type="label">
                        <description>Disk usage text</description>
                        <top>50</top>
                        <left>20</left>
                        <width>500</width>
                        <height>20</height>
                        <label>$INFO[PVR.backenddiskspace]</label>
                        <align>center</align>
                        <font>Medium</font>
                        <visible>!Integer.IsGreater(PVR.backenddiskspaceprogr,100)</visible>
                    </control>
                    <control type="progress">
                        <description>Disk usage bar</description>
                        <top>92</top>
                        <left>20</left>
                        <width>500</width>
                        <height>12</height>&gt;
						<info>PVR.backenddiskspaceprogr</info><midtexture colordiffuse="Highlight">new_pvr/texturebg_white.png</midtexture><texturebg colordiffuse="grey" border="3,0,3,0">new_pvr/texturebg_border_white.png</texturebg><visible>!Integer.IsGreater(PVR.backenddiskspaceprogr,100)</visible></control>
                </control>
            </control>
        </control>
        <control type="image">
            <width>1920</width>
            <height>1080</height>
            <texture>background.png</texture>
            <animation effect="fade" time="200">Visible</animation>
            <animation effect="fade" time="200">Hidden</animation>
            <visible>Window.IsActive(FileBrowser) | Window.IsActive(PVRGuideInfo) | Window.IsActive(PVRRecordingInfo) | Window.IsActive(PVRTimerSetting) | Window.IsActive(PVRGroupManager) | Window.IsActive(PVRGuideSearch)</visible>
        </control>
    </include>
</includes>
