<includes>
    <include name="Library_Info">
        <control type="group">
            <visible>!ListItem.IsParentFolder</visible>
            <control type="image" id="358">
                <visible>!String.Contains(ListItem.Studio,/)</visible>
                <visible>!String.IsEmpty(ListItem.Studio)</visible>
                <left>-300</left>
                <top>-300</top>
                <width>1</width>
                <height>1</height>
                <texture fallback="empty.png">resource://resource.images.studios.white/$INFO[ListItem.Studio,,.png]</texture>
            </control>
            <!-- Show Case Views -->
            <control type="group">
                <visible>Control.IsVisible(50)</visible>
                <control type="group">
                    <visible>Container.Content(Episodes)</visible>
                    <left>544</left>
                    <top>576</top>
                    <control type="image">
                        <left>0</left>
                        <top>0</top>
                        <width>830</width>
                        <height>348</height>
                        <texture border="10,10,10,10">menu\library\panel.png</texture>
                        <colordiffuse>LibraryPanelDiffuse</colordiffuse>
                    </control>
                    <control type="group">
                        <visible>String.IsEmpty(ListItem.Title)</visible>
                        <control type="label">
                            <left>28</left>
                            <top>0</top>
                            <width>772</width>
                            <height>348</height>
                            <font>Library_Light_25</font>
                            <textcolor>Text</textcolor>
                            <label>[B]$INFO[ListItem.Label][/B]</label>
                            <align>center</align>
                            <aligny>center</aligny>
                            <scroll>true</scroll>
                        </control>
                    </control>
                    <control type="group">
                        <visible>!String.IsEmpty(ListItem.Title)</visible>
                        <control type="label">
                            <description>Episode And Title</description>
                            <left>28</left>
                            <top>15</top>
                            <width>772</width>
                            <height>52</height>
                            <font>Library_Light_25</font>
                            <textcolor>Text</textcolor>
                            <label>[B]$INFO[ListItem.Episode,,. ]$INFO[ListItem.Title][/B]</label>
                            <align>center</align>
                            <scroll>true</scroll>
                        </control>
                        <control type="label">
                            <description>Aired and Duration</description>
                            <left>28</left>
                            <top>70</top>
                            <width>772</width>
                            <height>52</height>
                            <font>Library_Light_20</font>
                            <textcolor>Text</textcolor>
                            <label>$LOCALIZE[20373] $INFO[ListItem.Season]$INFO[ListItem.Year, (,)  -  ]$VAR[ItemDuration]</label>
                            <align>center</align>
                            <scroll>true</scroll>
                        </control>
                        <control type="textbox">
                            <left>28</left>
                            <top>122</top>
                            <width>772</width>
                            <height>112</height>
                            <font>Library_Normal_20</font>
                            <textcolor>Text</textcolor>
                            <label>$INFO[ListItem.Date,$LOCALIZE[20416]: ,  -  ]$INFO[ListItem.Plot]</label>
                            <align>center</align>
                            <autoscroll delay="6500" time="2500" repeat="2500">Skin.HasSetting(Enable.AutoScroll)</autoscroll>
                        </control>
                        <control type="grouplist">
                            <left>28</left>
                            <top>238</top>
                            <width>772</width>
                            <height>52</height>
                            <itemgap>13</itemgap>
                            <align>center</align>
                            <orientation>horizontal</orientation>
                            <control type="label">
                                <visible>!String.IsEmpty(ListItem.Rating)</visible>
                                <width>auto</width>
                                <height>52</height>
                                <font>Library_Light_18</font>
                                <textcolor>Text</textcolor>
                                <align>center</align>
                                <label>$INFO[ListItem.Rating,$LOCALIZE[563]: ,]    </label>
                            </control>
                            <control type="label">
                                <width>auto</width>
                                <height>44</height>
                                <font>Library_Normal_14</font>
                                <textcolor>grey</textcolor>
                                <label>$LOCALIZE[50163]</label>
                                <align>right</align>
                                <aligny>center</aligny>
                            </control>
                            <control type="image">
                                <width>33</width>
                                <height>44</height>
                                <aspectratio align="center" scalediffuse="false">keep</aspectratio>
                                <texture>menu\library\info-icon.png</texture>
                            </control>
                            <control type="label">
                                <width>auto</width>
                                <height>44</height>
                                <font>Library_Normal_14</font>
                                <textcolor>grey</textcolor>
                                <label>$LOCALIZE[50065]</label>
                                <align>left</align>
                                <aligny>center</aligny>
                            </control>
                        </control>
                        <control type="grouplist">
                            <left>15</left>
                            <top>288</top>
                            <width>800</width>
                            <height>45</height>
                            <itemgap>10</itemgap>
                            <align>center</align>
                            <orientation>horizontal</orientation>
                            <include>MediaFlags</include>
                        </control>
                    </control>
                </control>
                <control type="group">
                    <visible>Container.Content(Seasons)</visible>
                    <left>597</left>
                    <top>634</top>
                    <control type="image">
                        <left>-50</left>
                        <top>0</top>
                        <width>826</width>
                        <height>291</height>
                        <texture border="10,10,10,10">menu\library\panel.png</texture>
                        <colordiffuse>LibraryPanelDiffuse</colordiffuse>
                    </control>
                    <control type="group">
                        <visible>String.IsEmpty(ListItem.Title)</visible>
                        <control type="label">
                            <left>-22</left>
                            <top>0</top>
                            <width>769</width>
                            <height>291</height>
                            <font>Library_Light_25</font>
                            <textcolor>Text</textcolor>
                            <label>[B]$INFO[ListItem.Label][/B]</label>
                            <align>center</align>
                            <aligny>center</aligny>
                            <scroll>true</scroll>
                        </control>
                    </control>
                    <control type="group">
                        <visible>!String.IsEmpty(ListItem.Title)</visible>
                        <control type="label">
                            <description>TV Show</description>
                            <left>-22</left>
                            <top>21</top>
                            <width>769</width>
                            <height>52</height>
                            <font>Library_Light_28</font>
                            <textcolor>Text</textcolor>
                            <label>[B]$INFO[ListItem.TVShowTitle][/B]</label>
                            <align>center</align>
                            <scroll>true</scroll>
                        </control>
                        <control type="label">
                            <description>Season</description>
                            <left>-22</left>
                            <top>82</top>
                            <width>769</width>
                            <height>52</height>
                            <font>Library_Normal_43</font>
                            <textcolor>Text</textcolor>
                            <label>[B]$INFO[ListItem.Label][/B]$INFO[ListItem.Year, (,)]</label>
                            <align>center</align>
                            <scroll>true</scroll>
                        </control>
                        <control type="label">
                            <description>Watched</description>
                            <left>-22</left>
                            <top>171</top>
                            <width>769</width>
                            <height>52</height>
                            <font>Library_Normal_24</font>
                            <textcolor>Text</textcolor>
                            <label>$INFO[ListItem.Property(WatchedEpisodes)]$INFO[ListItem.Property(TotalEpisodes), $LOCALIZE[1443] , $LOCALIZE[50161]]</label>
                            <align>center</align>
                            <scroll>true</scroll>
                        </control>
                        <control type="grouplist">
                            <left>15</left>
                            <top>228</top>
                            <width>700</width>
                            <height>45</height>
                            <itemgap>10</itemgap>
                            <align>center</align>
                            <orientation>horizontal</orientation>
                            <include>MediaFlags</include>
                        </control>
                    </control>
                </control>
                <control type="group">
                    <visible>Container.Content(tvshows)</visible>
                    <left>597</left>
                    <top>634</top>
                    <control type="image">
                        <left>0</left>
                        <top>0</top>
                        <width>726</width>
                        <height>291</height>
                        <texture border="10,10,10,10">menu\library\panel.png</texture>
                        <colordiffuse>LibraryPanelDiffuse</colordiffuse>
                    </control>
                    <control type="group">
                        <visible>String.IsEmpty(ListItem.Title)</visible>
                        <control type="label">
                            <left>28</left>
                            <top>0</top>
                            <width>669</width>
                            <height>291</height>
                            <font>Library_Light_25</font>
                            <textcolor>Text</textcolor>
                            <label>[B]$INFO[ListItem.Label][/B]</label>
                            <align>center</align>
                            <aligny>center</aligny>
                            <scroll>true</scroll>
                        </control>
                    </control>
                    <control type="group">
                        <visible>!String.IsEmpty(ListItem.Title)</visible>
                        <control type="grouplist">
                            <left>20</left>
                            <top>12</top>
                            <width>690</width>
                            <height>52</height>
                            <itemgap>10</itemgap>
                            <orientation>horizontal</orientation>
                            <align>center</align>
                            <control type="label">
                                <visible>!String.IsEmpty(ListItem.Rating)</visible>
                                <width>auto</width>
                                <height>52</height>
                                <font>Library_Light_18</font>
                                <textcolor>Text</textcolor>
                                <label>$INFO[ListItem.Rating,$LOCALIZE[563]: ,]</label>
                            </control>
                            <control type="label">
                                <visible>!String.IsEmpty(ListItem.UserRating)</visible>
                                <width>auto</width>
                                <height>52</height>
                                <font>Library_Light_18</font>
                                <textcolor>Text</textcolor>
                                <label>     $LOCALIZE[38018]:</label>
                                <align>right</align>
                            </control>
                            <control type="image">
                                <visible>!String.IsEmpty(ListItem.UserRating)</visible>
                                <width>210</width>
                                <height>44</height>
                                <aspectratio align="left" aligny="center" scalediffuse="false">keep</aspectratio>
                                <texture>$INFO[ListItem.UserRating]rating.png</texture>
                            </control>
                        </control>
                        <control type="textbox">
                            <description>TV Show</description>
                            <left>28</left>
                            <top>54</top>
                            <width>669</width>
                            <height>112</height>
                            <font>Library_Light_28</font>
                            <textcolor>Text</textcolor>
                            <label>[B]$INFO[ListItem.TVShowTitle][/B]$INFO[ListItem.Year, (,)]</label>
                            <align>center</align>
                            <aligny>center</aligny>
                            <scrolltime>200</scrolltime>
                            <autoscroll delay="1500" time="1000" repeat="1500">true</autoscroll>
                        </control>
                        <control type="label">
                            <description>Watched</description>
                            <left>28</left>
                            <top>164</top>
                            <width>669</width>
                            <height>52</height>
                            <font>Library_Normal_20</font>
                            <textcolor>Text</textcolor>
                            <label>$INFO[ListItem.Property(WatchedEpisodes)]$INFO[ListItem.Property(TotalEpisodes), $LOCALIZE[1443] , $LOCALIZE[50161]]</label>
                            <align>center</align>
                            <scroll>true</scroll>
                        </control>
                        <control type="grouplist">
                            <left>15</left>
                            <top>228</top>
                            <width>700</width>
                            <height>45</height>
                            <itemgap>10</itemgap>
                            <align>center</align>
                            <orientation>horizontal</orientation>
                            <include>MediaFlags</include>
                        </control>
                    </control>
                </control>
                <control type="group">
                    <visible>Container.Content(Movies) | Container.Content(sets)</visible>
                    <left>597</left>
                    <top>634</top>
                    <control type="image">
                        <left>0</left>
                        <top>0</top>
                        <width>726</width>
                        <height>291</height>
                        <texture border="10,10,10,10">menu\library\panel.png</texture>
                        <colordiffuse>LibraryPanelDiffuse</colordiffuse>
                    </control>
                    <control type="group">
                        <visible>String.IsEmpty(ListItem.Title)</visible>
                        <control type="label">
                            <left>28</left>
                            <top>0</top>
                            <width>669</width>
                            <height>291</height>
                            <font>Library_Light_25</font>
                            <textcolor>Text</textcolor>
                            <label>[B]$INFO[ListItem.Label][/B]</label>
                            <align>center</align>
                            <aligny>center</aligny>
                            <scroll>true</scroll>
                        </control>
                    </control>
                    <control type="group">
                        <visible>!String.IsEmpty(ListItem.Title)</visible>
                        <control type="grouplist">
                            <visible>!ListItem.IsCollection</visible>
                            <left>20</left>
                            <top>11</top>
                            <width>690</width>
                            <height>52</height>
                            <itemgap>10</itemgap>
                            <orientation>horizontal</orientation>
                            <align>center</align>
                            <control type="label">
                                <visible>!String.IsEmpty(ListItem.Rating)</visible>
                                <width>auto</width>
                                <height>52</height>
                                <font>Library_Light_18</font>
                                <textcolor>Text</textcolor>
                                <label>$INFO[ListItem.Rating,$LOCALIZE[563]: ,]</label>
                            </control>
                            <control type="label">
                                <visible>!String.IsEmpty(ListItem.UserRating)</visible>
                                <width>auto</width>
                                <height>52</height>
                                <font>Library_Light_18</font>
                                <textcolor>Text</textcolor>
                                <label>     $LOCALIZE[38018]:</label>
                                <align>right</align>
                            </control>
                            <control type="image">
                                <visible>!String.IsEmpty(ListItem.UserRating)</visible>
                                <width>210</width>
                                <height>44</height>
                                <aspectratio align="left" aligny="center" scalediffuse="false">keep</aspectratio>
                                <texture>$INFO[ListItem.UserRating]rating.png</texture>
                            </control>
                        </control>
                        <control type="textbox">
                            <animation effect="slide" end="0,40" condition="ListItem.IsCollection">Conditional</animation>
                            <left>28</left>
                            <top>51</top>
                            <width>669</width>
                            <height>112</height>
                            <font>Library_Light_28</font>
                            <textcolor>Text</textcolor>
                            <label>[B]$INFO[ListItem.Title][/B]$INFO[ListItem.Year, (,)]</label>
                            <align>center</align>
                            <aligny>center</aligny>
                            <scrolltime>200</scrolltime>
                            <autoscroll delay="1500" time="1000" repeat="1500">true</autoscroll>
                        </control>
                        <control type="label">
                            <left>28</left>
                            <top>168</top>
                            <width>669</width>
                            <height>52</height>
                            <font>Library_Light_20</font>
                            <textcolor>Text</textcolor>
                            <label>[B][CAPITALIZE]$INFO[ListItem.Director,,  -  ][/CAPITALIZE]$VAR[ItemDuration][/B]</label>
                            <align>center</align>
                            <scroll>true</scroll>
                        </control>
                        <control type="grouplist">
                            <left>12</left>
                            <top>224</top>
                            <width>690</width>
                            <height>45</height>
                            <itemgap>10</itemgap>
                            <align>center</align>
                            <orientation>horizontal</orientation>
                            <include>MediaFlags</include>
                        </control>
                    </control>
                </control>
                <control type="group">
                    <visible>Container.Content(MusicVideos)</visible>
                    <left>597</left>
                    <top>634</top>
                    <control type="image">
                        <left>0</left>
                        <top>0</top>
                        <width>726</width>
                        <height>291</height>
                        <texture border="10,10,10,10">menu\library\panel.png</texture>
                        <colordiffuse>LibraryPanelDiffuse</colordiffuse>
                    </control>
                    <control type="group">
                        <visible>String.IsEmpty(ListItem.Title)</visible>
                        <control type="label">
                            <left>28</left>
                            <top>0</top>
                            <width>669</width>
                            <height>291</height>
                            <font>Library_Light_25</font>
                            <textcolor>Text</textcolor>
                            <label>[B]$INFO[ListItem.Label][/B]</label>
                            <align>center</align>
                            <aligny>center</aligny>
                            <scroll>true</scroll>
                        </control>
                    </control>
                    <control type="group">
                        <visible>!String.IsEmpty(ListItem.Title)</visible>
                        <control type="textbox">
                            <left>28</left>
                            <top>7</top>
                            <width>669</width>
                            <height>112</height>
                            <font>Library_Light_28</font>
                            <textcolor>Text</textcolor>
                            <label>[B]$INFO[ListItem.Title],,  -  ][/B]$VAR[ItemDuration]</label>
                            <align>center</align>
                            <aligny>center</aligny>
                            <scrolltime>200</scrolltime>
                            <autoscroll delay="1500" time="1000" repeat="1500">true</autoscroll>
                        </control>
                        <control type="label">
                            <left>28</left>
                            <top>115</top>
                            <width>669</width>
                            <height>52</height>
                            <font>Library_Light_25</font>
                            <textcolor>Text</textcolor>
                            <label>[B]$INFO[ListItem.Artist][/B]</label>
                            <align>center</align>
                            <scroll>true</scroll>
                        </control>
                        <control type="label">
                            <left>28</left>
                            <top>170</top>
                            <width>669</width>
                            <height>52</height>
                            <font>Library_Light_25</font>
                            <textcolor>Text</textcolor>
                            <label>[B]$INFO[ListItem.Album][/B]$INFO[ListItem.Year, (,)]</label>
                            <align>center</align>
                            <scroll>true</scroll>
                        </control>
                        <control type="grouplist">
                            <left>0</left>
                            <top>229</top>
                            <width>726</width>
                            <height>45</height>
                            <itemgap>10</itemgap>
                            <align>center</align>
                            <orientation>horizontal</orientation>
                            <include>MediaFlags</include>
                        </control>
                    </control>
                </control>
                <control type="group">
                    <visible>Control.IsVisible(50)</visible>
                    <visible>!Container.Content(MusicVideos) + !Container.Content(TVShows) + !Container.Content(Seasons) + !Container.Content(Movies) + !Container.Content(sets) + !Container.Content(Episodes)</visible>
                    <left>544</left>
                    <top>634</top>
                    <control type="image">
                        <left>0</left>
                        <top>0</top>
                        <width>830</width>
                        <height>291</height>
                        <texture border="10,10,10,10">menu\library\panel.png</texture>
                        <colordiffuse>LibraryPanelDiffuse</colordiffuse>
                    </control>
                    <control type="group">
                        <visible>String.IsEmpty(ListItem.Title)</visible>
                        <control type="label">
                            <visible>!Container.Content(artists)</visible>
                            <left>28</left>
                            <top>0</top>
                            <width>772</width>
                            <height>291</height>
                            <font>Library_Light_25</font>
                            <textcolor>Text</textcolor>
                            <label>[B]$INFO[ListItem.Label][/B]</label>
                            <align>center</align>
                            <aligny>center</aligny>
                            <scroll>true</scroll>
                        </control>
                        <control type="label">
                            <visible>Container.Content(artists) + String.IsEmpty(ListItem.Art(clearlogo))</visible>
                            <left>28</left>
                            <top>0</top>
                            <width>772</width>
                            <height>291</height>
                            <font>Library_Normal_43</font>
                            <textcolor>Text</textcolor>
                            <label>[B]$INFO[ListItem.Label][/B]</label>
                            <align>center</align>
                            <aligny>center</aligny>
                            <scroll>true</scroll>
                        </control>
                        <control type="image">
                            <visible>Container.Content(artists)</visible>
                            <left>210</left>
                            <top>54</top>
                            <width>400</width>
                            <height>240</height>
                            <texture background="true">$INFO[ListItem.Art(clearlogo)]</texture>
                            <aspectratio align="center" aligny="top">keep</aspectratio>
                        </control>
                    </control>
                    <control type="group">
                        <visible>!String.IsEmpty(ListItem.Title)</visible>
                        <control type="label">
                            <visible>!Container.Content(albums) + !Container.Content(songs)</visible>
                            <left>28</left>
                            <top>22</top>
                            <width>772</width>
                            <height>52</height>
                            <font>Library_Light_25</font>
                            <textcolor>Text</textcolor>
                            <label>[B]$INFO[ListItem.Title][/B]$INFO[ListItem.Label2, - (,)]</label>
                            <align>center</align>
                            <scroll>true</scroll>
                        </control>
                        <control type="label">
                            <visible>Container.Content(songs)</visible>
                            <left>28</left>
                            <top>16</top>
                            <width>772</width>
                            <height>52</height>
                            <font>Library_Light_25</font>
                            <textcolor>Text</textcolor>
                            <label>$INFO[ListItem.TrackNumber,,.- ][B]$INFO[ListItem.Title][/B]$INFO[ListItem.Label2, - (,)]</label>
                            <align>center</align>
                            <scroll>true</scroll>
                        </control>
                        <control type="label">
                            <visible>Container.Content(songs) + String.IsEmpty(ListItem.Art(artist.clearlogo))</visible>
                            <left>28</left>
                            <top>94</top>
                            <width>772</width>
                            <height>52</height>
                            <font>Library_Light_25</font>
                            <textcolor>Text</textcolor>
                            <label>[B]$INFO[ListItem.Artist][/B]</label>
                            <align>center</align>
                            <scroll>true</scroll>
                        </control>
                        <control type="image">
                            <visible>Container.Content(songs)</visible>
                            <left>322</left>
                            <top>88</top>
                            <width>175</width>
                            <height>105</height>
                            <texture background="true">$INFO[ListItem.Art(artist.clearlogo)]</texture>
                            <aspectratio align="center" aligny="top">keep</aspectratio>
                        </control>
                        <control type="label">
                            <visible>Container.Content(albums) + String.IsEmpty(ListItem.Art(artist.clearlogo))</visible>
                            <left>28</left>
                            <top>120</top>
                            <width>772</width>
                            <height>48</height>
                            <font>Library_Light_25</font>
                            <textcolor>Text</textcolor>
                            <label>[B]$INFO[ListItem.Artist][/B]</label>
                            <align>center</align>
                            <scroll>true</scroll>
                        </control>
                        <control type="image">
                            <visible>Container.Content(albums)</visible>
                            <left>285</left>
                            <top>95</top>
                            <width>250</width>
                            <height>80</height>
                            <texture background="true">$INFO[ListItem.Art(artist.clearlogo)]</texture>
                            <aspectratio align="center" aligny="top">keep</aspectratio>
                        </control>
                        <control type="label">
                            <visible>Container.Content(albums)</visible>
                            <left>28</left>
                            <top>18</top>
                            <width>772</width>
                            <height>52</height>
                            <font>Library_Light_25</font>
                            <textcolor>Text</textcolor>
                            <label>[B]$INFO[ListItem.Album]$INFO[ListItem.Year, (,)][/B]</label>
                            <align>center</align>
                            <scroll>true</scroll>
                        </control>
                        <control type="label">
                            <visible>Container.Content(songs)</visible>
                            <left>28</left>
                            <top>158</top>
                            <width>772</width>
                            <height>52</height>
                            <font>Library_Light_25</font>
                            <textcolor>Text</textcolor>
                            <label>$INFO[ListItem.Album]$INFO[ListItem.Year, (,)]</label>
                            <align>center</align>
                            <scroll>true</scroll>
                        </control>
                        <control type="label">
                            <visible>!Container.Content(songs)</visible>
                            <left>28</left>
                            <top>188</top>
                            <width>772</width>
                            <height>52</height>
                            <font>Library_Light_25</font>
                            <textcolor>Text</textcolor>
                            <label>$INFO[ListItem.Genre]</label>
                            <align>center</align>
                            <scroll>true</scroll>
                        </control>
                        <control type="label">
                            <visible>Container.Content(songs)</visible>
                            <left>28</left>
                            <top>211</top>
                            <width>772</width>
                            <height>52</height>
                            <font>Library_Light_18</font>
                            <textcolor>Text</textcolor>
                            <label>$INFO[ListItem.Genre]</label>
                            <align>center</align>
                            <scroll>true</scroll>
                        </control>
                    </control>
                </control>
            </control>
            <!-- Show Case Hybrid Views -->
            <control type="group">
                <control type="group">
                    <visible>Control.IsVisible(52)</visible>
                    <visible>Container.Content(Episodes)</visible>
                    <left>66</left>
                    <top>278</top>
                    <control type="image">
                        <left>0</left>
                        <top>0</top>
                        <width>936</width>
                        <height>528</height>
                        <texture border="10,10,10,10">menu\library\panel.png</texture>
                        <colordiffuse>LibraryPanelDiffuse</colordiffuse>
                    </control>
                    <control type="group">
                        <visible>String.IsEmpty(ListItem.Title)</visible>
                        <control type="label">
                            <left>28</left>
                            <top>0</top>
                            <width>879</width>
                            <height>528</height>
                            <font>Library_Light_25</font>
                            <textcolor>Text</textcolor>
                            <label>[B]$INFO[ListItem.Label][/B]</label>
                            <align>center</align>
                            <aligny>center</aligny>
                            <scroll>true</scroll>
                        </control>
                    </control>
                    <control type="group">
                        <visible>!String.IsEmpty(ListItem.Title)</visible>
                        <control type="grouplist">
                            <left>28</left>
                            <top>15</top>
                            <width>879</width>
                            <height>52</height>
                            <itemgap>10</itemgap>
                            <orientation>horizontal</orientation>
                            <align>center</align>
                            <control type="label">
                                <visible>!String.IsEmpty(ListItem.Rating)</visible>
                                <width>auto</width>
                                <height>52</height>
                                <font>Library_Light_18</font>
                                <textcolor>Text</textcolor>
                                <label>$INFO[ListItem.Rating,$LOCALIZE[563]: ,]</label>
                            </control>
                            <control type="label">
                                <visible>!String.IsEmpty(ListItem.UserRating)</visible>
                                <width>auto</width>
                                <height>52</height>
                                <font>Library_Light_18</font>
                                <textcolor>Text</textcolor>
                                <label>     $LOCALIZE[38018]:</label>
                                <align>right</align>
                            </control>
                            <control type="image">
                                <visible>!String.IsEmpty(ListItem.UserRating)</visible>
                                <width>288</width>
                                <height>46</height>
                                <aspectratio align="left" scalediffuse="false">keep</aspectratio>
                                <texture>$INFO[ListItem.UserRating]rating.png</texture>
                            </control>
                        </control>
                        <control type="textbox">
                            <description>Episode And Title</description>
                            <left>28</left>
                            <top>48</top>
                            <width>879</width>
                            <height>92</height>
                            <font>Library_Light_25</font>
                            <textcolor>Text</textcolor>
                            <label>[B]$INFO[ListItem.Episode,,. ]$INFO[ListItem.Title][/B]</label>
                            <align>center</align>
                            <aligny>center</aligny>
                            <scrolltime>200</scrolltime>
                            <autoscroll delay="1500" time="1000" repeat="1500">true</autoscroll>
                        </control>
                        <control type="label">
                            <description>Aired and Duration</description>
                            <left>28</left>
                            <top>148</top>
                            <width>879</width>
                            <height>52</height>
                            <font>Library_Light_20</font>
                            <textcolor>Text</textcolor>
                            <label>$INFO[ListItem.Date,$LOCALIZE[20416]: ,  -  ]$VAR[ItemDuration]</label>
                            <align>center</align>
                            <scroll>true</scroll>
                        </control>
                        <control type="textbox">
                            <left>28</left>
                            <top>205</top>
                            <width>879</width>
                            <height>180</height>
                            <font>Library_Normal_20</font>
                            <textcolor>Text</textcolor>
                            <label>$INFO[ListItem.Plot]</label>
                            <align>center</align>
                            <autoscroll delay="6500" time="2500" repeat="2500">Skin.HasSetting(Enable.AutoScroll)</autoscroll>
                        </control>
                        <control type="grouplist">
                            <left>-190</left>
                            <top>402</top>
                            <width>1300</width>
                            <height>33</height>
                            <itemgap>13</itemgap>
                            <align>center</align>
                            <orientation>horizontal</orientation>
                            <control type="label">
                                <width>auto</width>
                                <height>33</height>
                                <font>Library_Normal_14</font>
                                <textcolor>grey</textcolor>
                                <label>$LOCALIZE[50163]</label>
                                <align>right</align>
                                <aligny>bottom</aligny>
                            </control>
                            <control type="image">
                                <width>33</width>
                                <height>33</height>
                                <texture>menu\library\info-icon.png</texture>
                            </control>
                            <control type="label">
                                <width>auto</width>
                                <height>33</height>
                                <font>Library_Normal_14</font>
                                <textcolor>grey</textcolor>
                                <label>$LOCALIZE[50065]</label>
                                <align>left</align>
                                <aligny>bottom</aligny>
                            </control>
                        </control>
                        <control type="grouplist">
                            <left>-50</left>
                            <top>454</top>
                            <width>936</width>
                            <height>45</height>
                            <itemgap>10</itemgap>
                            <align>center</align>
                            <orientation>horizontal</orientation>
                            <include>MediaFlags</include>
                        </control>
                    </control>
                </control>
                <control type="group">
                    <visible>Control.IsVisible(51) | Control.IsVisible(62)</visible>
                    <visible>Container.Content(Movies) | Container.Content(Episodes)</visible>
                    <animation effect="slide" end="100,0" condition="Container.Content(Episodes)">Conditional</animation>
                    <left>124</left>
                    <top>238</top>
                    <control type="image">
                        <left>0</left>
                        <top>0</top>
                        <width>726</width>
                        <height>531</height>
                        <texture border="10,10,10,10">menu\library\panel.png</texture>
                        <colordiffuse>LibraryPanelDiffuse</colordiffuse>
                    </control>
                    <control type="group">
                        <visible>String.IsEmpty(ListItem.Title)</visible>
                        <control type="label">
                            <left>28</left>
                            <top>0</top>
                            <width>669</width>
                            <height>531</height>
                            <font>Library_Light_25</font>
                            <textcolor>Text</textcolor>
                            <label>[B]$INFO[ListItem.Label][/B]</label>
                            <align>center</align>
                            <aligny>center</aligny>
                            <scroll>true</scroll>
                        </control>
                    </control>
                    <control type="group">
                        <top>10</top>
                        <visible>!String.IsEmpty(ListItem.Title)</visible>
                        <control type="grouplist">
                            <visible>!ListItem.IsCollection</visible>
                            <left>20</left>
                            <top>8</top>
                            <width>690</width>
                            <height>52</height>
                            <itemgap>10</itemgap>
                            <orientation>horizontal</orientation>
                            <align>center</align>
                            <control type="label">
                                <visible>!String.IsEmpty(ListItem.Rating)</visible>
                                <width>auto</width>
                                <height>52</height>
                                <font>Library_Light_18</font>
                                <textcolor>Text</textcolor>
                                <label>$INFO[ListItem.Rating,$LOCALIZE[563]: ,]</label>
                            </control>
                            <control type="label">
                                <visible>!String.IsEmpty(ListItem.UserRating)</visible>
                                <width>auto</width>
                                <height>52</height>
                                <font>Library_Light_18</font>
                                <textcolor>Text</textcolor>
                                <label>     $LOCALIZE[38018]:</label>
                                <align>right</align>
                            </control>
                            <control type="image">
                                <visible>!String.IsEmpty(ListItem.UserRating)</visible>
                                <width>210</width>
                                <height>44</height>
                                <aspectratio align="left" aligny="center" scalediffuse="false">keep</aspectratio>
                                <texture>$INFO[ListItem.UserRating]rating.png</texture>
                            </control>
                        </control>
                        <control type="textbox">
                            <description>Title And Year</description>
                            <visible>!Container.Content(Episodes)</visible>
                            <animation effect="slide" end="0,25" condition="ListItem.IsCollection">Conditional</animation>
                            <left>28</left>
                            <top>50</top>
                            <width>669</width>
                            <height>92</height>
                            <font>Library_Light_25</font>
                            <textcolor>Text</textcolor>
                            <label>[B]$INFO[ListItem.Title][/B]$INFO[ListItem.Year, (,)]</label>
                            <align>center</align>
                            <aligny>center</aligny>
                            <scrolltime>200</scrolltime>
                            <autoscroll delay="1500" time="1000" repeat="1500">true</autoscroll>
                        </control>
                        <control type="textbox">
                            <description>Title And Year</description>
                            <visible>Container.Content(Episodes)</visible>
                            <left>28</left>
                            <top>50</top>
                            <width>669</width>
                            <height>92</height>
                            <font>Library_Light_25</font>
                            <textcolor>Text</textcolor>
                            <label>[B]$INFO[ListItem.Episode,,. ]$INFO[ListItem.Title][/B]</label>
                            <align>center</align>
                            <aligny>center</aligny>
                            <scrolltime>200</scrolltime>
                            <autoscroll delay="1500" time="1000" repeat="1500">true</autoscroll>
                        </control>
                        <control type="label">
                            <description>Director and Duration</description>
                            <left>28</left>
                            <top>150</top>
                            <width>669</width>
                            <height>52</height>
                            <font>Library_Light_20</font>
                            <textcolor>Text</textcolor>
                            <label>[B][CAPITALIZE]$INFO[ListItem.Director,,  -  ][/CAPITALIZE]$VAR[ItemDuration][/B]</label>
                            <align>center</align>
                            <scroll>true</scroll>
                        </control>
                        <control type="textbox">
                            <visible>!Container.Content(Episodes)</visible>
                            <left>28</left>
                            <top>200</top>
                            <width>669</width>
                            <height>185</height>
                            <font>Library_Normal_20</font>
                            <textcolor>Text</textcolor>
                            <label>$INFO[ListItem.Plot]</label>
                            <align>center</align>
                            <autoscroll delay="6500" time="2500" repeat="2500">Skin.HasSetting(Enable.AutoScroll)</autoscroll>
                        </control>
                        <control type="textbox">
                            <visible>Container.Content(Episodes)</visible>
                            <left>28</left>
                            <top>200</top>
                            <width>669</width>
                            <height>185</height>
                            <font>Library_Normal_20</font>
                            <textcolor>Text</textcolor>
                            <label>$INFO[ListItem.Date,$LOCALIZE[20416]: ,  -  ]$INFO[ListItem.Plot]</label>
                            <align>center</align>
                            <autoscroll delay="6500" time="2500" repeat="2500">Skin.HasSetting(Enable.AutoScroll)</autoscroll>
                        </control>
                        <control type="grouplist">
                            <left>-190</left>
                            <top>400</top>
                            <width>1100</width>
                            <height>33</height>
                            <itemgap>13</itemgap>
                            <align>center</align>
                            <orientation>horizontal</orientation>
                            <control type="label">
                                <width>auto</width>
                                <height>33</height>
                                <font>Library_Normal_14</font>
                                <textcolor>grey</textcolor>
                                <label>$LOCALIZE[50163]</label>
                                <align>right</align>
                                <aligny>bottom</aligny>
                            </control>
                            <control type="image">
                                <width>33</width>
                                <height>33</height>
                                <texture>menu\library\info-icon.png</texture>
                            </control>
                            <control type="label">
                                <width>auto</width>
                                <height>33</height>
                                <font>Library_Normal_14</font>
                                <textcolor>grey</textcolor>
                                <label>$LOCALIZE[50065]</label>
                                <align>left</align>
                                <aligny>bottom</aligny>
                            </control>
                        </control>
                        <control type="grouplist">
                            <left>20</left>
                            <top>450</top>
                            <width>690</width>
                            <height>45</height>
                            <itemgap>10</itemgap>
                            <align>center</align>
                            <orientation>horizontal</orientation>
                            <include>MediaFlags</include>
                        </control>
                    </control>
                </control>
                <control type="group">
                    <visible>Control.IsVisible(51)</visible>
                    <visible>Container.Content(Seasons)</visible>
                    <left>124</left>
                    <top>238</top>
                    <control type="image">
                        <left>0</left>
                        <top>0</top>
                        <width>726</width>
                        <height>531</height>
                        <texture border="10,10,10,10">menu\library\panel.png</texture>
                        <colordiffuse>LibraryPanelDiffuse</colordiffuse>
                    </control>
                    <control type="group">
                        <visible>String.IsEmpty(ListItem.Title)</visible>
                        <control type="label">
                            <left>28</left>
                            <top>0</top>
                            <width>669</width>
                            <height>531</height>
                            <font>Library_Light_25</font>
                            <textcolor>Text</textcolor>
                            <label>[B]$INFO[ListItem.Label][/B]</label>
                            <align>center</align>
                            <aligny>center</aligny>
                            <scroll>true</scroll>
                        </control>
                    </control>
                    <control type="group">
                        <visible>!String.IsEmpty(ListItem.Title)</visible>
                        <control type="label">
                            <description>TV Show</description>
                            <left>28</left>
                            <top>68</top>
                            <width>669</width>
                            <height>110</height>
                            <font>Library_Light_28</font>
                            <textcolor>Text</textcolor>
                            <label>[B]$INFO[ListItem.TVShowTitle][/B]</label>
                            <align>center</align>
                            <aligny>center</aligny>
                            <scroll>true</scroll>
                        </control>
                        <control type="label">
                            <description>Season</description>
                            <left>24</left>
                            <top>200</top>
                            <width>669</width>
                            <height>52</height>
                            <font>Library_Normal_43</font>
                            <textcolor>Text</textcolor>
                            <label>[B]$INFO[ListItem.Label][/B]</label>
                            <align>center</align>
                            <scroll>true</scroll>
                        </control>
                        <control type="label">
                            <description>Watched</description>
                            <left>28</left>
                            <top>384</top>
                            <width>669</width>
                            <height>52</height>
                            <font>Library_Normal_24</font>
                            <textcolor>Text</textcolor>
                            <label>$INFO[ListItem.Property(WatchedEpisodes)]$INFO[ListItem.Property(TotalEpisodes), $LOCALIZE[1443] , $LOCALIZE[50161]]</label>
                            <align>center</align>
                            <scroll>true</scroll>
                        </control>
                        <control type="grouplist">
                            <left>-190</left>
                            <top>350</top>
                            <width>1100</width>
                            <height>33</height>
                            <itemgap>13</itemgap>
                            <align>center</align>
                            <orientation>horizontal</orientation>
                            <control type="label">
                                <width>auto</width>
                                <height>33</height>
                                <font>Library_Normal_14</font>
                                <textcolor>grey</textcolor>
                                <label>$LOCALIZE[50163]</label>
                                <align>right</align>
                                <aligny>bottom</aligny>
                            </control>
                            <control type="image">
                                <width>33</width>
                                <height>33</height>
                                <texture>menu\library\info-icon.png</texture>
                            </control>
                            <control type="label">
                                <width>auto</width>
                                <height>33</height>
                                <font>Library_Normal_14</font>
                                <textcolor>grey</textcolor>
                                <label>$LOCALIZE[50065]</label>
                                <align>left</align>
                                <aligny>bottom</aligny>
                            </control>
                        </control>
                        <control type="grouplist">
                            <left>20</left>
                            <top>450</top>
                            <width>690</width>
                            <height>45</height>
                            <itemgap>10</itemgap>
                            <align>center</align>
                            <orientation>horizontal</orientation>
                            <include>MediaFlags</include>
                        </control>
                    </control>
                </control>
                <control type="group">
                    <visible>Control.IsVisible(51)</visible>
                    <visible>Container.Content(TVShows)</visible>
                    <left>124</left>
                    <top>238</top>
                    <control type="image">
                        <left>0</left>
                        <top>0</top>
                        <width>726</width>
                        <height>531</height>
                        <texture border="10,10,10,10">menu\library\panel.png</texture>
                        <colordiffuse>LibraryPanelDiffuse</colordiffuse>
                    </control>
                    <control type="group">
                        <visible>String.IsEmpty(ListItem.Title)</visible>
                        <control type="label">
                            <left>28</left>
                            <top>0</top>
                            <width>669</width>
                            <height>531</height>
                            <font>Library_Light_25</font>
                            <textcolor>Text</textcolor>
                            <label>[B]$INFO[ListItem.Label][/B]</label>
                            <align>center</align>
                            <aligny>center</aligny>
                            <scroll>true</scroll>
                        </control>
                    </control>
                    <control type="group">
                        <visible>!String.IsEmpty(ListItem.Title)</visible>
                        <control type="grouplist">
                            <left>20</left>
                            <top>15</top>
                            <width>690</width>
                            <height>52</height>
                            <itemgap>10</itemgap>
                            <orientation>horizontal</orientation>
                            <align>center</align>
                            <control type="label">
                                <visible>!String.IsEmpty(ListItem.Rating)</visible>
                                <width>auto</width>
                                <height>52</height>
                                <font>Library_Light_18</font>
                                <textcolor>Text</textcolor>
                                <label>$INFO[ListItem.Rating,$LOCALIZE[563]: ,]</label>
                            </control>
                            <control type="label">
                                <visible>!String.IsEmpty(ListItem.UserRating)</visible>
                                <width>auto</width>
                                <height>52</height>
                                <font>Library_Light_18</font>
                                <textcolor>Text</textcolor>
                                <label>     $LOCALIZE[38018]:</label>
                                <align>right</align>
                            </control>
                            <control type="image">
                                <visible>!String.IsEmpty(ListItem.UserRating)</visible>
                                <width>210</width>
                                <height>44</height>
                                <aspectratio align="left" aligny="center" scalediffuse="false">keep</aspectratio>
                                <texture>$INFO[ListItem.UserRating]rating.png</texture>
                            </control>
                        </control>
                        <control type="textbox">
                            <description>TV Show</description>
                            <left>28</left>
                            <top>58</top>
                            <width>669</width>
                            <height>92</height>
                            <font>Library_Light_25</font>
                            <textcolor>Text</textcolor>
                            <label>[B]$INFO[ListItem.TVShowTitle][/B]$INFO[ListItem.Year, (,)]</label>
                            <align>center</align>
                            <aligny>center</aligny>
                            <scrolltime>200</scrolltime>
                            <autoscroll delay="1500" time="1000" repeat="1500">true</autoscroll>
                        </control>
                        <control type="label">
                            <description>Watched</description>
                            <left>28</left>
                            <top>165</top>
                            <width>669</width>
                            <height>52</height>
                            <font>Library_Normal_18</font>
                            <textcolor>Text</textcolor>
                            <label>$INFO[ListItem.Property(WatchedEpisodes)]$INFO[ListItem.Property(TotalEpisodes), $LOCALIZE[1443] , $LOCALIZE[50161]]</label>
                            <align>center</align>
                            <scroll>true</scroll>
                        </control>
                        <control type="textbox">
                            <left>28</left>
                            <top>223</top>
                            <width>669</width>
                            <height>147</height>
                            <font>Library_Normal_20</font>
                            <textcolor>Text</textcolor>
                            <label>$INFO[ListItem.Plot]</label>
                            <align>center</align>
                            <autoscroll delay="6500" time="2500" repeat="2500">Skin.HasSetting(Enable.AutoScroll)</autoscroll>
                        </control>
                        <control type="grouplist">
                            <left>-190</left>
                            <top>400</top>
                            <width>1100</width>
                            <height>33</height>
                            <itemgap>13</itemgap>
                            <align>center</align>
                            <orientation>horizontal</orientation>
                            <control type="label">
                                <width>auto</width>
                                <height>33</height>
                                <font>Library_Normal_14</font>
                                <textcolor>grey</textcolor>
                                <label>$LOCALIZE[50163]</label>
                                <align>right</align>
                                <aligny>bottom</aligny>
                            </control>
                            <control type="image">
                                <width>33</width>
                                <height>33</height>
                                <texture>menu\library\info-icon.png</texture>
                            </control>
                            <control type="label">
                                <width>auto</width>
                                <height>33</height>
                                <font>Library_Normal_14</font>
                                <textcolor>grey</textcolor>
                                <label>$LOCALIZE[50065]</label>
                                <align>left</align>
                                <aligny>bottom</aligny>
                            </control>
                        </control>
                        <control type="grouplist">
                            <left>10</left>
                            <top>459</top>
                            <width>706</width>
                            <height>45</height>
                            <itemgap>10</itemgap>
                            <align>center</align>
                            <orientation>horizontal</orientation>
                            <include>MediaFlags</include>
                        </control>
                    </control>
                </control>
                <control type="group">
                    <visible>Control.IsVisible(52)</visible>
                    <visible>Container.Content(MusicVideos)</visible>
                    <left>66</left>
                    <top>278</top>
                    <control type="image">
                        <left>0</left>
                        <top>0</top>
                        <width>936</width>
                        <height>528</height>
                        <texture border="10,10,10,10">menu\library\panel.png</texture>
                        <colordiffuse>LibraryPanelDiffuse</colordiffuse>
                    </control>
                    <control type="group">
                        <visible>String.IsEmpty(ListItem.Title)</visible>
                        <control type="label">
                            <left>28</left>
                            <top>0</top>
                            <width>879</width>
                            <height>531</height>
                            <font>Library_Light_25</font>
                            <textcolor>Text</textcolor>
                            <label>[B]$INFO[ListItem.Label][/B]</label>
                            <align>center</align>
                            <aligny>center</aligny>
                            <scroll>true</scroll>
                        </control>
                    </control>
                    <control type="group">
                        <visible>!String.IsEmpty(ListItem.Title)</visible>
                        <control type="textbox">
                            <left>28</left>
                            <top>48</top>
                            <width>879</width>
                            <height>132</height>
                            <font>Library_Light_35</font>
                            <textcolor>Text</textcolor>
                            <label>[B]$INFO[ListItem.Title],,  -  ][/B]$VAR[ItemDuration]</label>
                            <align>center</align>
                            <aligny>center</aligny>
                            <scrolltime>200</scrolltime>
                            <autoscroll delay="1500" time="1000" repeat="1500">true</autoscroll>
                        </control>
                        <control type="label">
                            <left>28</left>
                            <top>214</top>
                            <width>879</width>
                            <height>52</height>
                            <font>Library_Normal_28</font>
                            <textcolor>Text</textcolor>
                            <label>[B]$INFO[ListItem.Artist][/B]</label>
                            <align>center</align>
                            <scroll>true</scroll>
                        </control>
                        <control type="label">
                            <left>28</left>
                            <top>298</top>
                            <width>879</width>
                            <height>52</height>
                            <font>Library_Normal_28</font>
                            <textcolor>Text</textcolor>
                            <label>[B]$INFO[ListItem.Album][/B]$INFO[ListItem.Year, (,)]</label>
                            <align>center</align>
                            <scroll>true</scroll>
                        </control>
                        <control type="label">
                            <left>28</left>
                            <top>322</top>
                            <width>879</width>
                            <height>52</height>
                            <font>Library_Light_24</font>
                            <textcolor>Text</textcolor>
                            <label>[B]$INFO[ListItem.Studio][/B]</label>
                            <align>center</align>
                            <scroll>true</scroll>
                        </control>
                        <control type="grouplist">
                            <left>-190</left>
                            <top>400</top>
                            <width>1330</width>
                            <height>33</height>
                            <itemgap>13</itemgap>
                            <align>center</align>
                            <orientation>horizontal</orientation>
                            <control type="label">
                                <width>auto</width>
                                <height>33</height>
                                <font>Library_Normal_14</font>
                                <textcolor>grey</textcolor>
                                <label>$LOCALIZE[50163]</label>
                                <align>right</align>
                                <aligny>bottom</aligny>
                            </control>
                            <control type="image">
                                <width>33</width>
                                <height>33</height>
                                <texture>menu\library\info-icon.png</texture>
                            </control>
                            <control type="label">
                                <width>auto</width>
                                <height>33</height>
                                <font>Library_Normal_14</font>
                                <textcolor>grey</textcolor>
                                <label>$LOCALIZE[50065]</label>
                                <align>left</align>
                                <aligny>bottom</aligny>
                            </control>
                        </control>
                        <control type="grouplist">
                            <left>0</left>
                            <top>454</top>
                            <width>936</width>
                            <height>45</height>
                            <itemgap>10</itemgap>
                            <align>center</align>
                            <orientation>horizontal</orientation>
                            <include>MediaFlags</include>
                        </control>
                    </control>
                </control>
                <control type="group">
                    <visible>Control.IsVisible(51)</visible>
                    <visible>!Container.Content(TVShows) + !Container.Content(Seasons) + !Container.Content(Movies)</visible>
                    <left>124</left>
                    <top>238</top>
                    <control type="image">
                        <left>0</left>
                        <top>0</top>
                        <width>726</width>
                        <height>531</height>
                        <texture border="10,10,10,10">menu\library\panel.png</texture>
                        <colordiffuse>LibraryPanelDiffuse</colordiffuse>
                    </control>
                    <control type="group">
                        <control type="label">
                            <left>28</left>
                            <top>0</top>
                            <width>669</width>
                            <height>531</height>
                            <font>Library_Light_25</font>
                            <textcolor>Text</textcolor>
                            <label>[B]$INFO[ListItem.Title][/B]</label>
                            <align>center</align>
                            <aligny>center</aligny>
                            <scroll>true</scroll>
                        </control>
                        <control type="label">
                            <visible>String.IsEmpty(ListItem.Title)</visible>
                            <left>28</left>
                            <top>0</top>
                            <width>669</width>
                            <height>531</height>
                            <font>Library_Light_25</font>
                            <textcolor>Text</textcolor>
                            <label>[B]$INFO[ListItem.Label][/B]</label>
                            <align>center</align>
                            <aligny>center</aligny>
                            <scroll>true</scroll>
                        </control>
                    </control>
                </control>
            </control>
        </control>
    </include>
</includes>
