<includes>
    <include name="Show_Case_View">
        <control type="image">
            <visible>Control.IsVisible(50)</visible>
            <left>0</left>
            <top>0</top>
            <width>1920</width>
            <height>1080</height>
            <texture colordiffuse="66ffffff">background.png</texture>
        </control>
        <control type="grouplist">
            <visible>Control.IsVisible(50)</visible>
            <visible>String.IsEqual(ListItem.DBType,movie) | String.IsEqual(ListItem.DBType,set) | String.IsEqual(ListItem.DBType,tvshow) | String.IsEqual(ListItem.DBType,season) | String.IsEqual(ListItem.DBType,musicvideo)</visible>
            <left>-240</left>
            <top>956</top>
            <width>1100</width>
            <height>33</height>
            <itemgap>13</itemgap>
            <align>center</align>
            <orientation>horizontal</orientation>
            <control type="label">
                <width>auto</width>
                <height>33</height>
                <font>Library_Normal_14</font>
                <textcolor>grey</textcolor>
                <label>$LOCALIZE[50163]</label>
                <align>right</align>
                <aligny>bottom</aligny>
            </control>
            <control type="image">
                <width>33</width>
                <height>33</height>
                <texture>menu\library\info-icon.png</texture>
            </control>
            <control type="label">
                <width>auto</width>
                <height>33</height>
                <font>Library_Normal_14</font>
                <textcolor>grey</textcolor>
                <label>$LOCALIZE[50065]</label>
                <align>left</align>
                <aligny>bottom</aligny>
            </control>
        </control>
        <control type="list" id="50">
            <visible>!Container.Content(MusicVideos)</visible>
            <left>0</left>
            <top>0</top>
            <width>1920</width>
            <height>1080</height>
            <onup>9000</onup>
            <ondown>ActivateWindow(1201)</ondown>
            <viewtype label="50137">list</viewtype>
            <focusposition>2</focusposition>
            <orientation>horizontal</orientation>
            <scrolltime>250</scrolltime>
            <itemlayout height="768" width="384">
                <control type="label">
                    <left>0</left>
                    <top>0</top>
                    <width>384</width>
                    <height>768</height>
                    <font>Default</font>
                    <align>center</align>
                    <info>ListItem.label</info>
                    <visible>false</visible>
                </control>
            </itemlayout>
            <focusedlayout height="768" width="384">
                <control type="label">
                    <left>0</left>
                    <top>0</top>
                    <width>384</width>
                    <height>768</height>
                    <font>Default</font>
                    <align>center</align>
                    <info>ListItem.label</info>
                    <visible>false</visible>
                </control>
            </focusedlayout>
        </control>
        <!-- Show Case View Icons -->
        <control type="group">
            <left>960</left>
            <top>210</top>
            <visible>Control.IsVisible(50)</visible>
            <visible>!Container.Content(Episodes) + !Container.Content(MusicVideos)</visible>
            <!-- Show Case View Icons - Counter Clockwise Mothion -->
            <control type="group" id="15001">
                <visible>Container(50).OnPrevious</visible>
                <animation effect="slide" end="0,0" time="250" reversible="false">Hidden</animation>
                <!-- Show Far Left Icon On Move Previous -->
                <control type="group">
                    <visible>Container(50).OnPrevious</visible>
                    <visible>!String.IsEmpty(Container(50).ListItemNoWrap(-3).Label)</visible>
                    <animation type="Hidden" reversible="false">
                        <effect type="fade" start="0" end="100" time="250" />
                        <effect type="slide" start="0,0" end="224,0" time="250" />
                    </animation>
                    <animation effect="fade" start="0" end="0" time="0" reversible="false">Visible</animation>
                    <left>-1124</left>
                    <top>81</top>
                    <width>164</width>
                    <height>480</height>
                    <include content="PosterVideos">
                        <param name="width" value="164" />
                        <param name="height" value="240" />
                        <param name="order" value="-3" />
                        <param name="view" value="50" />
                    </include>
                </control>
                <!-- Move Icon 1 To Icon 2 Position On Move Previous -->
                <control type="group">
                    <visible>Container(50).OnPrevious</visible>
                    <visible>!String.IsEmpty(Container(50).ListItemNoWrap(-2).Label)</visible>
                    <animation effect="zoom" start="-900,81,164,480" end="-678,57,196,576" time="250" reversible="false">Hidden</animation>
                    <left>-900</left>
                    <top>81</top>
                    <width>164</width>
                    <height>480</height>
                    <include content="PosterVideos">
                        <param name="width" value="164" />
                        <param name="height" value="240" />
                        <param name="order" value="-2" />
                        <param name="view" value="50" />
                    </include>
                </control>
                <!-- Move Icon 2 To Icon 3 Position On Move Next -->
                <control type="group">
                    <visible>Container(50).OnPrevious</visible>
                    <animation effect="zoom" start="-678,57,196,576" end="-423,33,228,672" time="250" reversible="false">Hidden</animation>
                    <left>-678</left>
                    <top>57</top>
                    <width>196</width>
                    <height>576</height>
                    <visible>!String.IsEmpty(Container(50).ListItemNoWrap(-1).Label)</visible>
                    <include content="PosterVideos">
                        <param name="width" value="196" />
                        <param name="height" value="288" />
                        <param name="order" value="-1" />
                        <param name="view" value="50" />
                    </include>
                </control>
                <!-- Move Icon 3 To Icon 4 Position On Move Previous -->
                <control type="group">
                    <visible>Container(50).OnPrevious</visible>
                    <animation effect="zoom" start="-423,33,228,672" end="-136,0,274,807" time="250" reversible="false">Hidden</animation>
                    <left>-423</left>
                    <top>33</top>
                    <width>228</width>
                    <height>672</height>
                    <include content="PosterVideos">
                        <param name="width" value="228" />
                        <param name="height" value="336" />
                        <param name="order" value="0" />
                        <param name="view" value="50" />
                    </include>
                </control>
                <!-- Move Icon 4 To Icon 5 Position On Move Previous -->
                <control type="group">
                    <visible>Container(50).OnPrevious</visible>
                    <visible>!String.IsEmpty(Container(50).ListItemNoWrap(1).Label)</visible>
                    <animation effect="zoom" start="-136,0,274,807" end="196,33,228,672" time="250" reversible="false">Hidden</animation>
                    <left>-136</left>
                    <top>0</top>
                    <width>274</width>
                    <height>807</height>
                    <include content="PosterVideos">
                        <param name="width" value="274" />
                        <param name="height" value="404" />
                        <param name="order" value="1" />
                        <param name="view" value="50" />
                    </include>
                </control>
                <!-- Move Icon 5 To Icon 6 Position On Move Previous -->
                <control type="group">
                    <visible>Container(50).OnPrevious</visible>
                    <visible>!String.IsEmpty(Container(50).ListItemNoWrap(2).Label)</visible>
                    <animation effect="zoom" start="196,33,228,672" end="483,57,196,576" time="250" reversible="false">Hidden</animation>
                    <left>196</left>
                    <top>33</top>
                    <width>228</width>
                    <height>672</height>
                    <include content="PosterVideos">
                        <param name="width" value="228" />
                        <param name="height" value="336" />
                        <param name="order" value="2" />
                        <param name="view" value="50" />
                    </include>
                </control>
                <!-- Move Icon 6 To Icon 7 Position On Move Previous -->
                <control type="group">
                    <visible>Container(50).OnPrevious</visible>
                    <visible>!String.IsEmpty(Container(50).ListItemNoWrap(3).Label)</visible>
                    <animation effect="zoom" start="483,57,196,576" end="738,81,164,480" time="250" reversible="false">Hidden</animation>
                    <left>483</left>
                    <top>57</top>
                    <width>196</width>
                    <height>576</height>
                    <include content="PosterVideos">
                        <param name="width" value="196" />
                        <param name="height" value="288" />
                        <param name="order" value="3" />
                        <param name="view" value="50" />
                    </include>
                </control>
                <!-- Hide Far Right Icon On Move Previous -->
                <control type="group">
                    <visible>Container(50).OnPrevious</visible>
                    <visible>!String.IsEmpty(Container(50).ListItemNoWrap(4).Label)</visible>
                    <animation type="Hidden" reversible="false">
                        <effect type="fade" start="100" end="0" time="250" />
                        <effect type="slide" start="0,0" end="222,0" time="250" />
                    </animation>
                    <left>738</left>
                    <top>81</top>
                    <width>164</width>
                    <height>480</height>
                    <include content="PosterVideos">
                        <param name="width" value="164" />
                        <param name="height" value="240" />
                        <param name="order" value="4" />
                        <param name="view" value="50" />
                    </include>
                </control>
            </control>
            <!-- Show Case View Icons - Clockwise Mothion -->
            <control type="group" id="15002">
                <visible>Container(50).OnNext</visible>
                <animation effect="slide" end="0,0" time="250" reversible="false">Hidden</animation>
                <!-- Hide Far Left Icon On Move Next -->
                <control type="group">
                    <visible>Container(50).OnNext</visible>
                    <visible>!String.IsEmpty(Container(50).ListItemNoWrap(-4).Label)</visible>
                    <animation type="Hidden" reversible="false">
                        <effect type="fade" start="100" end="0" time="250" />
                        <effect type="slide" start="0,0" end="-224,0" time="250" />
                    </animation>
                    <left>-900</left>
                    <top>81</top>
                    <width>164</width>
                    <height>480</height>
                    <include content="PosterVideos">
                        <param name="width" value="164" />
                        <param name="height" value="240" />
                        <param name="order" value="-4" />
                        <param name="view" value="50" />
                    </include>
                </control>
                <!-- Move Icon 2 To Icon 1 Position On Move Next -->
                <control type="group">
                    <visible>Container(50).OnNext</visible>
                    <visible>!String.IsEmpty(Container(50).ListItemNoWrap(-3).Label)</visible>
                    <animation effect="zoom" start="-678,57,196,576" end="-900,81,164,480" time="250" reversible="false">Hidden</animation>
                    <left>-678</left>
                    <top>57</top>
                    <width>196</width>
                    <height>576</height>
                    <include content="PosterVideos">
                        <param name="width" value="196" />
                        <param name="height" value="288" />
                        <param name="order" value="-3" />
                        <param name="view" value="50" />
                    </include>
                </control>
                <!-- Move Icon 3 To Icon 2 Position On Move Next -->
                <control type="group">
                    <visible>Container(50).OnNext</visible>
                    <animation effect="zoom" start="-423,33,228,672" end="-678,57,196,576" time="250" reversible="false">Hidden</animation>
                    <left>-423</left>
                    <top>33</top>
                    <width>228</width>
                    <height>672</height>
                    <visible>!String.IsEmpty(Container(50).ListItemNoWrap(-2).Label)</visible>
                    <include content="PosterVideos">
                        <param name="width" value="228" />
                        <param name="height" value="336" />
                        <param name="order" value="-2" />
                        <param name="view" value="50" />
                    </include>
                </control>
                <!-- Move Icon 4 To Icon 3 Position On Move Next -->
                <control type="group">
                    <visible>Container(50).OnNext</visible>
                    <visible>!String.IsEmpty(Container(50).ListItemNoWrap(-1).Label)</visible>
                    <animation effect="zoom" start="-136,0,274,807" end="-423,33,228,672" time="250" reversible="false">Hidden</animation>
                    <left>-136</left>
                    <top>0</top>
                    <width>274</width>
                    <height>807</height>
                    <include content="PosterVideos">
                        <param name="width" value="274" />
                        <param name="height" value="404" />
                        <param name="order" value="-1" />
                        <param name="view" value="50" />
                    </include>
                </control>
                <!-- Move Icon 5 To Icon 4 Position On Move Next -->
                <control type="group">
                    <visible>Container(50).OnNext</visible>
                    <animation effect="zoom" start="196,33,228,672" end="-136,0,274,807" time="250" reversible="false">Hidden</animation>
                    <left>196</left>
                    <top>33</top>
                    <width>228</width>
                    <height>672</height>
                    <include content="PosterVideos">
                        <param name="width" value="228" />
                        <param name="height" value="336" />
                        <param name="order" value="0" />
                        <param name="view" value="50" />
                    </include>
                </control>
                <!-- Move Icon 6 To Icon 5 Position On Move Next -->
                <control type="group">
                    <visible>Container(50).OnNext</visible>
                    <visible>!String.IsEmpty(Container(50).ListItemNoWrap(1).Label)</visible>
                    <animation effect="zoom" start="483,57,196,576" end="196,33,228,672" time="250" reversible="false">Hidden</animation>
                    <left>483</left>
                    <top>57</top>
                    <width>196</width>
                    <height>576</height>
                    <include content="PosterVideos">
                        <param name="width" value="196" />
                        <param name="height" value="288" />
                        <param name="order" value="1" />
                        <param name="view" value="50" />
                    </include>
                </control>
                <!-- Move Icon 7 To Icon 6 Position On Move Next -->
                <control type="group">
                    <visible>Container(50).OnNext</visible>
                    <visible>!String.IsEmpty(Container(50).ListItemNoWrap(2).Label)</visible>
                    <animation effect="zoom" start="738,81,164,480" end="483,57,196,576" time="250" reversible="false">Hidden</animation>
                    <left>738</left>
                    <top>81</top>
                    <width>164</width>
                    <height>480</height>
                    <include content="PosterVideos">
                        <param name="width" value="164" />
                        <param name="height" value="240" />
                        <param name="order" value="2" />
                        <param name="view" value="50" />
                    </include>
                </control>
                <!-- Show Far Right Icon On Move Next -->
                <control type="group">
                    <visible>Container(50).OnNext</visible>
                    <visible>!String.IsEmpty(Container(50).ListItemNoWrap(3).Label)</visible>
                    <animation type="Hidden" reversible="false">
                        <effect type="fade" start="0" end="100" time="250" />
                        <effect type="slide" start="222,0" end="0,0" time="250" />
                    </animation>
                    <animation effect="fade" start="0" end="0" time="0" reversible="false">Visible</animation>
                    <left>738</left>
                    <top>81</top>
                    <width>164</width>
                    <height>480</height>
                    <include content="PosterVideos">
                        <param name="width" value="164" />
                        <param name="height" value="240" />
                        <param name="order" value="3" />
                        <param name="view" value="50" />
                    </include>
                </control>
            </control>
            <!-- Show Case View Static Icons -->
            <control type="group" id="15000">
                <visible>!Control.IsVisible(15001)  + !Control.IsVisible(15002)</visible>
                <animation effect="fade" time="600">WindowOpen</animation>
                <animation effect="fade" time="600">WindowClose</animation>
                <!-- Icon 1 -->
                <control type="group">
                    <left>-900</left>
                    <top>81</top>
                    <width>164</width>
                    <height>480</height>
                    <visible>!String.IsEmpty(Container(50).ListItemNoWrap(-3).Label)</visible>
                    <include content="PosterVideos">
                        <param name="width" value="164" />
                        <param name="height" value="240" />
                        <param name="order" value="-3" />
                        <param name="view" value="50" />
                    </include>
                </control>
                <!-- Icon 2 -->
                <control type="group">
                    <left>-678</left>
                    <top>57</top>
                    <width>196</width>
                    <height>576</height>
                    <visible>!String.IsEmpty(Container(50).ListItemNoWrap(-2).Label)</visible>
                    <include content="PosterVideos">
                        <param name="width" value="196" />
                        <param name="height" value="288" />
                        <param name="order" value="-2" />
                        <param name="view" value="50" />
                    </include>
                </control>
                <!-- Icon 3 -->
                <control type="group">
                    <left>-423</left>
                    <top>33</top>
                    <width>228</width>
                    <height>672</height>
                    <visible>!String.IsEmpty(Container(50).ListItemNoWrap(-1).Label)</visible>
                    <include content="PosterVideos">
                        <param name="width" value="228" />
                        <param name="height" value="336" />
                        <param name="order" value="-1" />
                        <param name="view" value="50" />
                    </include>
                </control>
                <!-- Icon 4 -->
                <control type="group">
                    <left>-136</left>
                    <top>0</top>
                    <width>274</width>
                    <height>807</height>
                    <include content="PosterVideos">
                        <param name="width" value="274" />
                        <param name="height" value="404" />
                        <param name="order" value="0" />
                        <param name="view" value="50" />
                    </include>
                </control>
                <!-- Icon 5 -->
                <control type="group">
                    <left>196</left>
                    <top>33</top>
                    <width>228</width>
                    <height>672</height>
                    <visible>!String.IsEmpty(Container(50).ListItemNoWrap(1).Label)</visible>
                    <include content="PosterVideos">
                        <param name="width" value="228" />
                        <param name="height" value="336" />
                        <param name="order" value="1" />
                        <param name="view" value="50" />
                    </include>
                </control>
                <!-- Icon 6 -->
                <control type="group">
                    <left>483</left>
                    <top>57</top>
                    <width>196</width>
                    <height>576</height>
                    <visible>!String.IsEmpty(Container(50).ListItemNoWrap(2).Label)</visible>
                    <include content="PosterVideos">
                        <param name="width" value="196" />
                        <param name="height" value="288" />
                        <param name="order" value="2" />
                        <param name="view" value="50" />
                    </include>
                </control>
                <!-- Icon 7 -->
                <control type="group">
                    <left>738</left>
                    <top>81</top>
                    <width>164</width>
                    <height>480</height>
                    <visible>!String.IsEmpty(Container(50).ListItemNoWrap(3).Label)</visible>
                    <include content="PosterVideos">
                        <param name="width" value="164" />
                        <param name="height" value="240" />
                        <param name="order" value="3" />
                        <param name="view" value="50" />
                    </include>
                </control>
            </control>
        </control>
        <!-- Show Case View Wide Icons -->
        <control type="group">
            <left>0</left>
            <top>0</top>
            <visible>Control.IsVisible(50)</visible>
            <visible>Container.Content(Episodes) | Container.Content(MusicVideos)</visible>
            <!-- Show Case View Wide Icons - Counter Clockwise Mothion -->
            <control type="group" id="25001">
                <visible>Container(50).OnPrevious</visible>
                <animation effect="slide" end="0,0" time="250" reversible="false">Hidden</animation>
                <!-- Show Far Left Icon On Move Previous -->
                <control type="group">
                    <visible>Container(50).OnPrevious</visible>
                    <visible>!String.IsEmpty(Container(50).ListItemNoWrap(-1).Label)</visible>
                    <animation type="Hidden" reversible="false">
                        <effect type="fade" start="0" end="100" time="250" />
                        <effect type="slide" start="0,0" end="542,0" time="250" />
                    </animation>
                    <animation effect="fade" start="0" end="0" time="0" reversible="false">Visible</animation>
                    <left>-426</left>
                    <top>252</top>
                    <width>426</width>
                    <height>240</height>
                    <include content="EpisodeImageReflect">
                        <param name="width" value="426" />
                        <param name="height" value="240" />
                        <param name="order" value="-1" />
                        <param name="view" value="50" />
                    </include>
                </control>
                <!-- Move Icon 1 To Icon 2 Position On Move Previous -->
                <control type="group">
                    <visible>Container(50).OnPrevious</visible>
                    <animation effect="zoom" start="116,252,426,240" end="660,202,600,339" time="250" reversible="false">Hidden</animation>
                    <left>116</left>
                    <top>252</top>
                    <width>426</width>
                    <height>240</height>
                    <include content="EpisodeImageReflect">
                        <param name="width" value="426" />
                        <param name="height" value="240" />
                        <param name="order" value="0" />
                        <param name="view" value="50" />
                    </include>
                </control>
                <!-- Move Icon 2 To Icon 3 Position On Move Previous -->
                <control type="group">
                    <visible>Container(50).OnPrevious</visible>
                    <visible>!String.IsEmpty(Container(50).ListItemNoWrap(1).Label)</visible>
                    <animation effect="zoom" start="660,202,600,339" end="1376,252,426,240" time="250" reversible="false">Hidden</animation>
                    <left>660</left>
                    <top>202</top>
                    <width>600</width>
                    <height>339</height>
                    <include content="EpisodeImageReflect">
                        <param name="width" value="600" />
                        <param name="height" value="339" />
                        <param name="order" value="1" />
                        <param name="view" value="50" />
                    </include>
                </control>
                <!-- Hide Far Right Icon On Move Previous -->
                <control type="group">
                    <visible>Container(50).OnPrevious</visible>
                    <visible>!String.IsEmpty(Container(50).ListItemNoWrap(2).Label)</visible>
                    <animation type="Hidden" reversible="false">
                        <effect type="fade" start="100" end="0" time="250" />
                        <effect type="slide" start="0,0" end="544,0" time="250" />
                    </animation>
                    <left>1376</left>
                    <top>252</top>
                    <width>426</width>
                    <height>240</height>
                    <include content="EpisodeImageReflect">
                        <param name="width" value="426" />
                        <param name="height" value="240" />
                        <param name="order" value="2" />
                        <param name="view" value="50" />
                    </include>
                </control>
            </control>
            <!-- Show Case View Wide Icons - Clockwise Mothion -->
            <control type="group" id="25002">
                <visible>Container(50).OnNext</visible>
                <animation effect="slide" end="0,0" time="250" reversible="false">Hidden</animation>
                <!-- Hide Far Left Icon On Move Next -->
                <control type="group">
                    <visible>Container(50).OnNext</visible>
                    <visible>!String.IsEmpty(Container(50).ListItemNoWrap(-2).Label)</visible>
                    <animation type="Hidden" reversible="false">
                        <effect type="fade" start="100" end="0" time="250" />
                        <effect type="slide" start="0,0" end="-542,0" time="250" />
                    </animation>
                    <left>116</left>
                    <top>252</top>
                    <width>426</width>
                    <height>240</height>
                    <include content="EpisodeImageReflect">
                        <param name="width" value="426" />
                        <param name="height" value="240" />
                        <param name="order" value="-2" />
                        <param name="view" value="50" />
                    </include>
                </control>
                <!-- Move Icon 2 To Icon 1 Position On Move Next -->
                <control type="group">
                    <visible>Container(50).OnNext</visible>
                    <visible>!String.IsEmpty(Container(50).ListItemNoWrap(-1).Label)</visible>
                    <animation effect="zoom" start="660,202,600,339" end="116,252,426,240" time="250" reversible="false">Hidden</animation>
                    <left>660</left>
                    <top>202</top>
                    <width>600</width>
                    <height>339</height>
                    <include content="EpisodeImageReflect">
                        <param name="width" value="600" />
                        <param name="height" value="339" />
                        <param name="order" value="-1" />
                        <param name="view" value="50" />
                    </include>
                </control>
                <!-- Move Icon 3 To Icon 2 Position On Move Next -->
                <control type="group">
                    <visible>Container(50).OnNext</visible>
                    <visible>!String.IsEmpty(Container(50).ListItemNoWrap(0).Label)</visible>
                    <animation effect="zoom" start="1376,252,426,240" end="660,202,600,339" time="250" reversible="false">Hidden</animation>
                    <left>1376</left>
                    <top>252</top>
                    <width>426</width>
                    <height>240</height>
                    <include content="EpisodeImageReflect">
                        <param name="width" value="426" />
                        <param name="height" value="240" />
                        <param name="order" value="0" />
                        <param name="view" value="50" />
                    </include>
                </control>
                <!-- Show Far Right Icon On Move Next -->
                <control type="group">
                    <visible>Container(50).OnNext</visible>
                    <visible>!String.IsEmpty(Container(50).ListItemNoWrap(1).Label)</visible>
                    <animation type="Hidden" reversible="false">
                        <effect type="fade" start="0" end="100" time="250" />
                        <effect type="slide" start="544,0" end="0,0" time="250" />
                    </animation>
                    <animation effect="fade" start="0" end="0" time="0" reversible="false">Visible</animation>
                    <left>1376</left>
                    <top>252</top>
                    <width>426</width>
                    <height>240</height>
                    <include content="EpisodeImageReflect">
                        <param name="width" value="426" />
                        <param name="height" value="240" />
                        <param name="order" value="1" />
                        <param name="view" value="50" />
                    </include>
                </control>
            </control>
            <!-- Show Case View Wide Static Icons -->
            <control type="group" id="25000">
                <visible>!Control.IsVisible(25001)  + !Control.IsVisible(25002)</visible>
                <animation effect="fade" time="600">WindowOpen</animation>
                <animation effect="fade" time="600">WindowClose</animation>
                <!-- Icon 1 -->
                <control type="group">
                    <left>116</left>
                    <top>252</top>
                    <width>426</width>
                    <height>240</height>
                    <visible>!String.IsEmpty(Container(50).ListItemNoWrap(-1).Label)</visible>
                    <include content="EpisodeImageReflect">
                        <param name="width" value="426" />
                        <param name="height" value="240" />
                        <param name="order" value="-1" />
                        <param name="view" value="50" />
                    </include>
                </control>
                <!-- Icon 2 -->
                <control type="group">
                    <left>660</left>
                    <top>202</top>
                    <width>600</width>
                    <height>339</height>
                    <include content="EpisodeImageReflect">
                        <param name="width" value="600" />
                        <param name="height" value="339" />
                        <param name="order" value="0" />
                        <param name="view" value="50" />
                    </include>
                </control>
                <!-- Icon 3 -->
                <control type="group">
                    <left>1376</left>
                    <top>252</top>
                    <width>426</width>
                    <height>240</height>
                    <visible>!String.IsEmpty(Container(50).ListItemNoWrap(1).Label)</visible>
                    <include content="EpisodeImageReflect">
                        <param name="width" value="426" />
                        <param name="height" value="240" />
                        <param name="order" value="1" />
                        <param name="view" value="50" />
                    </include>
                </control>
            </control>
        </control>
        <control type="group">
            <visible>Control.IsVisible(50)</visible>
            <control type="image">
                <left>94</left>
                <top>600</top>
                <width>70</width>
                <height>70</height>
                <texture>menu\nav\nav_arrow_left_NF.png</texture>
                <animation effect="fade" time="600">Visible</animation>
                <visible>!Container(50).OnPrevious</visible>
            </control>
            <control type="image">
                <left>94</left>
                <top>600</top>
                <width>70</width>
                <height>70</height>
                <texture>menu\nav\nav_arrow_left_FO.png</texture>
                <animation type="Hidden" reversible="false">
                    <effect type="slide" start="-15" end="0" center="auto" time="300" />
                    <effect type="fade" start="100" end="0" time="300" />
                </animation>
                <visible>Container(50).OnPrevious</visible>
            </control>
            <control type="image">
                <left>1731</left>
                <top>600</top>
                <width>70</width>
                <height>70</height>
                <texture>menu\nav\nav_arrow_right_NF.png</texture>
                <animation effect="fade" time="600">Visible</animation>
                <visible>!Container(50).OnNext</visible>
            </control>
            <control type="image">
                <left>1731</left>
                <top>600</top>
                <width>70</width>
                <height>70</height>
                <texture>menu\nav\nav_arrow_right_FO.png</texture>
                <animation type="Hidden" reversible="false">
                    <effect type="slide" start="15" end="0" center="auto" time="300" />
                    <effect type="fade" start="100" end="0" time="300" />
                </animation>
                <visible>Container(50).OnNext</visible>
            </control>
            <control type="label">
                <visible>Control.IsVisible(50) + !Window.IsActive(1201)</visible>
                <visible>!ListItem.IsParentFolder</visible>
                <left>630</left>
                <top>950</top>
                <width>1200</width>
                <align>right</align>
                <font>Medium_Large</font>
                <scroll>true</scroll>
                <label>$INFO[Container(50).CurrentItem] $LOCALIZE[20163] $INFO[Container(50).NumItems] $LOCALIZE[50129] - $LOCALIZE[50130] $INFO[Container(50).CurrentPage] $LOCALIZE[20163] $INFO[Container(50).NumPages]</label>
            </control>
            <control type="image">
                <left>835</left>
                <top>90</top>
                <width>250</width>
                <height>150</height>
                <texture background="true">$INFO[ListItem.Art(clearlogo)]</texture>
                <aspectratio align="center" aligny="top">keep</aspectratio>
            </control>
            <control type="image">
                <visible>Container.Content(Seasons) | Container.Content(Episodes)</visible>
                <left>835</left>
                <top>90</top>
                <width>250</width>
                <height>150</height>
                <texture background="true">$INFO[ListItem.Art(tvshow.clearlogo)]</texture>
                <aspectratio align="center" aligny="top">keep</aspectratio>
            </control>
            <control type="label">
                <visible>String.IsEmpty(ListItem.Art(tvshow.clearlogo)) + Container.Content(Episodes)</visible>
                <left>0</left>
                <top>100</top>
                <width>1920</width>
                <height>72</height>
                <align>center</align>
                <aligny>center</aligny>
                <label>[B][UPPERCASE]$INFO[ListItem.TVShowTitle][/UPPERCASE][/B]</label>
                <font>Selected_Item</font>
                <textcolor>TextSelectedItem</textcolor>
                <shadowcolor>TextShadow</shadowcolor>
            </control>
        </control>
        <include>Library_Info</include>
        <control type="group">
            <left>854</left>
            <top>310</top>
            <visible>Control.IsVisible(50)</visible>
            <include>Sort_Letter</include>
        </control>
    </include>
</includes>
