<window>
    <defaultcontrol>68</defaultcontrol>
    <views>68,69</views>
    <controls>
        <include>Background</include>
        <!-- Elipsis Visor -->
        <include>Visor_Filter</include>
        <!-- Edge Filter -->
        <include>Edge_Filter</include>
        <include>PVR_Views</include>
        <!-- Clock -->
        <include>Clock</include>
        <!-- Elipsis Button -->
        <control type="group">
            <left>960</left>
            <top>1080</top>
            <include>Dock_Elipsis_Home</include>
        </control>
        <control type="button" id="28">
            <left>0</left>
            <top>0</top>
            <height>15</height>
            <width>15</width>
            <label />
            <visible>false</visible>
        </control>
        <include>Debug</include>
    </controls>
</window>
