<window>
    <defaultcontrol>59</defaultcontrol>
    <views>59</views>
    <controls>
        <include>Background</include>
        <!-- Elipsis Visor -->
        <include>Visor_Filter</include>
        <!-- Edge Filter -->
        <include>Edge_Filter</include>
        <include>PVR_RecordingsViews</include>
        <!-- Clock -->
        <include>Clock</include>
        <!-- Elipsis Button -->
        <control type="group">
            <left>960</left>
            <top>1080</top>
            <include>Dock_Elipsis_Home</include>
        </control>
        <control type="image">
            <width>1920</width>
            <height>1080</height>
            <texture>filter_dockshadow2.png</texture>
            <visible>Window.IsActive(1201)</visible>
            <animation effect="fade" time="200">Visible</animation>
            <animation effect="fade" time="300">Hidden</animation>
        </control>
        <control type="radiobutton" id="5">
            <animation effect="fade" start="100" end="15" condition="Window.IsActive(1201)">Conditional</animation>
            <left>210</left>
            <top>685</top>
            <width>500</width>
            <height>60</height>
            <textoffsetx>22</textoffsetx>
            <font>Default</font>
            <label>19270</label>
            <texturefocus border="4,5,6,8">controls\button_f.png</texturefocus>
            <texturenofocus border="4,5,6,8">controls\button_nf.png</texturenofocus>
            <textureradioonfocus>controls\radiobutton_f.png</textureradioonfocus>
            <textureradioonnofocus>controls\radiobutton_nf.png</textureradioonnofocus>
            <onup>59</onup>
            <ondown>SetFocus(59)</ondown>
            <ondown>ActivateWindow(1201)</ondown>
            <onleft>SetFocus(59)</onleft>
            <onleft>ActivateWindow(1201)</onleft>
            <onright>7</onright>
            <pulseonselect>false</pulseonselect>
        </control>
        <control type="radiobutton" id="7">
            <animation effect="fade" start="100" end="15" condition="Window.IsActive(1201)">Conditional</animation>
            <left>740</left>
            <top>685</top>
            <width>500</width>
            <height>60</height>
            <textoffsetx>22</textoffsetx>
            <font>Default</font>
            <texturefocus border="4,5,6,8">controls\button_f.png</texturefocus>
            <texturenofocus border="4,5,6,8">controls\button_nf.png</texturenofocus>
            <textureradioonfocus>controls\radiobutton_f.png</textureradioonfocus>
            <textureradioonnofocus>controls\radiobutton_nf.png</textureradioonnofocus>
            <label>19184</label>
            <onup>59</onup>
            <onleft>5</onleft>
            <onright>SetFocus(59)</onright>
            <onright>ActivateWindow(1201)</onright>
            <ondown>SetFocus(59)</ondown>
            <ondown>ActivateWindow(1201)</ondown>
        </control>
        <control type="button" id="10">
            <left>0</left>
            <top>0</top>
            <height>15</height>
            <width>15</width>
            <label />
            <visible>false</visible>
        </control>
        <control type="label">
            <top>840</top>
            <width>1920</width>
            <align>center</align>
            <font>Selected_Item_Upper</font>
            <label>$LOCALIZE[50178]$INFO[Control.GetLabel(10)]</label>
            <visible>Window.IsActive(1201)</visible>
            <visible>String.Contains(Window(home).Property(ItemDock),recordings_filter)</visible>
        </control>
        <include>Debug</include>
    </controls>
</window>
