<window>
    <defaultcontrol>1</defaultcontrol>
    <coordinates>
        <system>1</system>
        <left>0</left>
        <top>0</top>
    </coordinates>
    <controls>
        <control type="image" id="1">
            <description>Pointer Image</description>
            <left>0</left>
            <top>0</top>
            <width>56</width>
            <height>56</height>
            <texture>controls\mouse_warning.png</texture>
        </control>
        <control type="image" id="2">
            <description>Pointer Focus Image</description>
            <left>0</left>
            <top>0</top>
            <width>56</width>
            <height>56</height>
            <texture>controls\mouse_warning.png</texture>
        </control>
        <control type="image" id="3">
            <description>Pointer Drag Image</description>
            <left>0</left>
            <top>0</top>
            <width>56</width>
            <height>56</height>
            <texture>controls\mouse_warning.png</texture>
        </control>
        <control type="image" id="4">
            <description>Pointer Click Image</description>
            <left>0</left>
            <top>0</top>
            <width>56</width>
            <height>56</height>
            <texture>controls\mouse_warning.png</texture>
        </control>
        <include>Debug</include>
    </controls>
</window>
