<window>
    <defaultcontrol>8</defaultcontrol>
    <controls>
        <control type="videowindow" id="20">
            <description>videowindow</description>
            <left>0</left>
            <top>0</top>
            <width>1920</width>
            <height>1080</height>
        </control>
        <control type="mover" id="8">
            <description>top left mover</description>
            <left>0</left>
            <top>0</top>
            <texturefocus>calibrate\cal_TL_fo.png</texturefocus>
            <texturenofocus>calibrate\cal_TL.png</texturenofocus>
        </control>
        <control type="mover" id="9">
            <description>right bottom mover</description>
            <left>1050</left>
            <top>750</top>
            <texturefocus>calibrate\cal_BR_fo.png</texturefocus>
            <texturenofocus>calibrate\cal_BR.png</texturenofocus>
        </control>
        <control type="mover" id="10">
            <description>subtitle position mover</description>
            <left>300</left>
            <top>750</top>
            <texturefocus>calibrate\cal_SUB_fo.png</texturefocus>
            <texturenofocus>calibrate\cal_SUB.png</texturenofocus>
        </control>
        <control type="resize" id="11">
            <description>pixel aspect ratio box</description>
            <left>0</left>
            <top>405</top>
            <width>432</width>
            <height>432</height>
            <texturefocus>calibrate\cal_PR_fo.png</texturefocus>
            <texturenofocus>calibrate\cal_PR.png</texturenofocus>
        </control>
        <control type="group">
            <left>360</left>
            <top>90</top>
            <control type="image" id="1">
                <left>0</left>
                <top>0</top>
                <width>1200</width>
                <height>105</height>
                <texture border="10,10,10,10">menu\library\panel-light.png</texture>
            </control>
            <control type="label" id="2">
                <description>coordinates label</description>
                <left>30</left>
                <top>15</top>
                <width>1125</width>
                <align>center</align>
                <label />
                <font>Medium</font>
                <shadowcolor>TextShadow</shadowcolor>
            </control>
            <control type="label" id="3">
                <description>help information</description>
                <left>30</left>
                <top>60</top>
                <width>1125</width>
                <align>center</align>
                <label />
                <font>Medium</font>
                <shadowcolor>TextShadow</shadowcolor>
            </control>
        </control>
        <include>Debug</include>
    </controls>
</window>
