<window>
    <defaultcontrol condition="!Skin.HasSetting(Disable_Intro)">10</defaultcontrol>
    <!-- Intro -->
    <onload condition="Skin.HasSetting(Disable_Intro)">ReplaceWindow($INFO[System.StartupWindow])</onload>
    <onload condition="String.IsEmpty(Skin.String(Changed_1)) + !Skin.HasSetting(Enable_Time_Of_Day_Background)">Skin.ToggleSetting(Enable_Time_Of_Day_Background)</onload>
    <onload condition="String.IsEmpty(Skin.String(Changed_2)) + !Skin.HasSetting(Enable_Cerberus_Background_Effect)">Skin.ToggleSetting(Enable_Cerberus_Background_Effect)</onload>
    <onunload condition="!Skin.HasSetting(Disable_Intro)">PlayerControl(Stop)</onunload>
    <onunload condition="!Skin.HasSetting(Disable_Intro)">Playlist.Clear</onunload>
    <controls>
        <control type="button" id="10">
            <texturenofocus />
            <texturefocus />
            <onfocus>PlayMedia(special://skin/extras/intro.mp4,1)</onfocus>
            <onfocus>SetFocus(11)</onfocus>
            <animation effect="fade" end="100" time="100">Focus</animation>
        </control>
        <control type="button" id="11">
            <texturenofocus />
            <texturefocus />
            <onup>ReplaceWindow($INFO[System.StartupWindow])</onup>
            <ondown>ReplaceWindow($INFO[System.StartupWindow])</ondown>
            <onleft>ReplaceWindow($INFO[System.StartupWindow])</onleft>
            <onright>ReplaceWindow($INFO[System.StartupWindow])</onright>
            <onclick>ReplaceWindow($INFO[System.StartupWindow])</onclick>
            <onfocus>ReplaceWindow($INFO[System.StartupWindow])</onfocus>
            <animation effect="fade" end="100" time="5000">Focus</animation>
        </control>
        <control type="group">
            <visible>Player.HasVideo</visible>
            <control type="image">
                <left>0</left>
                <top>0</top>
                <width>1920</width>
                <height>1080</height>
                <texture>background.png</texture>
            </control>
            <control type="videowindow">
                <left>0</left>
                <top>0</top>
                <width>1920</width>
                <height>1080</height>
            </control>
        </control>
        <include>Debug</include>
    </controls>
</window>
