<window>
    <defaultcontrol always="true">9500</defaultcontrol>
    <coordinates>
        <system>1</system>
        <left>0</left>
        <top>0</top>
    </coordinates>
    <controls>
        <control type="group">
            <animation effect="fade" start="100" end="0" time="300" condition="Window.IsVisible(SliderDialog)">conditional</animation>
            <animation effect="fade" time="600">WindowOpen</animation>
            <animation effect="fade" time="600">WindowClose</animation>
            <include>Dock_VideoOSD</include>
        </control>
        <include>Debug</include>
    </controls>
</window>
