<window>
    <include>Fade_In_WindowOpen</include>
    <include>Fade_Out_WindowClose</include>
    <defaultcontrol></defaultcontrol>
    <controls>
        <control type="group">
            <left>195</left>
            <top>57</top>
            <width>1530</width>
            <height>268</height>
            <include>Zoom_In_WindowOpen</include>
            <include>Zoom_Out_WindowClose</include>
            <control type="image">
                <description>media info background image</description>
                <left>0</left>
                <top>0</top>
                <width>1530</width>
                <height>268</height>
                <texture>filter_videofullscreen_box.png</texture>
            </control>
            <control type="label" id="10">
                <description>row 1 label</description>
                <left>45</left>
                <top>52</top>
                <label />
                <align>left</align>
                <font>Medium</font>
            </control>
            <control type="label" id="11">
                <description>row 2 label</description>
                <left>45</left>
                <top>98</top>
                <label />
                <align>left</align>
                <font>Medium</font>
            </control>
            <control type="label" id="12">
                <description>row 3 label</description>
                <left>45</left>
                <top>142</top>
                <height>69</height>
                <label />
                <align>left</align>
                <font>Medium</font>
            </control>
        </control>
        <control type="label" id="1">
            <description>seek label</description>
            <left>45</left>
            <top>45</top>
            <width>1180</width>
            <height>100</height>
            <align>left</align>
            <aligny>center</aligny>
            <font>Heading</font>
            <shadowcolor>TextShadow</shadowcolor>
            <label>$INFO[Player.SeekNumeric]</label>
        </control>
        <include>Debug</include>
    </controls>
</window>
