<?xml version="1.0" encoding="UTF-8"?>
<window id="145">
	<defaultcontrol>11</defaultcontrol>
	<include>Animation_Window_Fade</include>

	<controls>

	<control type="group">
		<top>240</top>

		<control type="image">
			<top>-30</top>
			<left>960</left>
			<width>1920</width>
			<height>360</height>
			<texture>bg_dialogslider.png</texture>
			<colordiffuse>EE666666</colordiffuse>
			<include>AspectRatio_PosX</include>
		</control>

		<control type="label" id="10">
			<include>AspectRatio_Width</include>
			<align>center</align>
			<font>Lato_Light_30</font>
			<textcolor>FFCCCCCC</textcolor>
		</control>
		<control type="label" id="12">
			<top>210</top>
			<include>AspectRatio_Width</include>
			<align>center</align>
			<font>Lato_Regular_20</font>
			<textcolor>FFCCCCCC</textcolor>
		</control>
		<control type="slider" id="11">
			<include>AspectRatio_PosX</include>
			<top>135</top>
			<left>1290</left>
			<width>1260</width>
			<height>60</height>
			<texturesliderbar>confluence/osd_slider_bg_2.png</texturesliderbar>
			<textureslidernib>confluence/osd_slider_nibNF.png</textureslidernib>
			<textureslidernibfocus>confluence/osd_slider_nib.png</textureslidernibfocus>
		</control>
	</control>
	</controls>
</window>
