<?xml version='1.0' encoding='UTF-8'?>
<shortcuts>
	<shortcut>
		<defaultID>script.globalsearch</defaultID>
		<label>137</label>
		<label2>Custom shortcut</label2>
		<icon>DefaultShortcut.png</icon>
		<thumb />
		<action>RunScript(script.globalsearch)</action>
	</shortcut>
	<shortcut>
		<defaultID />
		<label>Watchlist</label>
		<label2>Custom item</label2>
		<icon>DefaultShortcut.png</icon>
		<thumb />
		<visible>Library.HasContent(Movies) | Library.HasContent(TVShows)</visible>
		<action>noop</action>
	</shortcut>
	<shortcut>
		<defaultID>movies</defaultID>
		<label>342</label>
		<label2>Common Shortcut</label2>
		<icon>DefaultMovies.png</icon>
		<thumb />
		<action>ActivateWindow(Videos,MovieTitles,return)</action>
	</shortcut>
	<shortcut>
		<defaultID>tvshows</defaultID>
		<label>20343</label>
		<label2>Common Shortcut</label2>
		<icon>DefaultTVShows.png</icon>
		<thumb />
		<action>ActivateWindow(Videos,TVShowTitles,return)</action>
	</shortcut>
	<shortcut>
		<defaultID>favourites</defaultID>
		<label>1036</label>
		<label2>Common Shortcut</label2>
		<icon>DefaultShortcut.png</icon>
		<thumb />
		<action>ActivateWindow(favourites)</action>
	</shortcut>
	<shortcut>
		<defaultID>videos</defaultID>
		<label>3</label>
		<label2>Common Shortcut</label2>
		<icon>DefaultVideo.png</icon>
		<thumb />
		<action>ActivateWindow(Videos,root)</action>
	</shortcut>
	<shortcut>
		<defaultID>music</defaultID>
		<label>2</label>
		<label2>Common Shortcut</label2>
		<icon>DefaultMusicAlbums.png</icon>
		<thumb />
		<action>ActivateWindow(Music,root)</action>
	</shortcut>
	<shortcut>
		<defaultID>15016</defaultID>
		<label>15016</label>
		<label2 />
		<icon>ftv_icon.png</icon>
		<thumb />
		<visible>System.GetBool(gamesgeneral.enable)</visible>
		<action>ActivateWindow(Games)</action>
	</shortcut>
	<shortcut>
		<defaultID>programs</defaultID>
		<label>$SKIN[31101|skin.ftv|Apps]</label>
		<label2>Custom shortcut</label2>
		<icon>DefaultProgram.png</icon>
		<thumb />
		<action>ActivateWindow(1112)</action>
	</shortcut>
	<shortcut>
		<defaultID>pictures</defaultID>
		<label>$SKIN[31100|skin.ftv|Photos]</label>
		<label2>Common Shortcut</label2>
		<icon>DefaultPicture.png</icon>
		<thumb />
		<action>ActivateWindow(Pictures)</action>
	</shortcut>
	<shortcut>
		<defaultID>weather</defaultID>
		<label>12600</label>
		<label2>Common Shortcut</label2>
		<icon>DefaultShortcut.png</icon>
		<thumb />
		<action>ActivateWindow(Weather)</action>
	</shortcut>
	<shortcut>
		<defaultID>settings</defaultID>
		<label>10004</label>
		<label2>Common Shortcut</label2>
		<icon>DefaultShortcut.png</icon>
		<thumb />
		<action>ActivateWindowAndFocus(Settings,9000,0)</action>
	</shortcut>
	<shortcut>
		<defaultID>exit</defaultID>
		<label>13012</label>
		<label2>Kodi Command</label2>
		<icon>DefaultShortcut.png</icon>
		<thumb />
		<action>ActivateWindow(ShutdownMenu)</action>
	</shortcut>
</shortcuts>
