<?xml version="1.0" encoding="UTF-8"?>
<window type="dialog" id="1105">
	<defaultcontrol always="true">9051</defaultcontrol>
	<onload>SetFocus(9051)</onload>
	<coordinates>
		<system>1</system>
		<left>190</left>
		<top>40</top>
	</coordinates>
	<include>dialogeffect</include>
	<controls>
		<control type="image">
			<description>Dialog Back</description>
			<width>900</width>
			<height>660</height>
			<texture border="50,100,50,50">dialogs/Dialog.png</texture>
		</control>
		<control type="label">
			<description>Heading label</description>
			<left>50</left>
			<top>50</top>
			<width>800</width>
			<height>30</height>
			<align>center</align>
			<font>font16</font>
			<label>31237</label>
			<textcolor>orange</textcolor>
			<shadowcolor>black</shadowcolor>
		</control>
		<control type="textbox">
			<description>text</description>
			<left>50</left>
			<top>105</top>
			<width>800</width>
			<height>440</height>
			<aligny>center</aligny>
			<font>font12</font>
			<label>31238</label>
			<autoscroll time="3000" delay="4000" repeat="5000">true</autoscroll>
		</control>
		<control type="grouplist">
			<top>555</top>
			<left>147</left>
			<width>606</width>
			<align>center</align>
			<orientation>horizontal</orientation>
			<itemgap>2</itemgap>
			<control type="button" id="9051">
				<description>Ok button</description>
				<label>15067</label>
				<font>font13</font>
				<include>DialogButton2CommonValues</include>
				<onclick>Dialog.Close(1105)</onclick>
			</control>
			<control type="button" id="9052">
				<description>Hide button</description>
				<label>31239</label>
				<font>font13</font>
				<include>DialogButton2CommonValues</include>
				<onclick>Skin.Setbool(DialogFirstRun)</onclick>
				<onclick>Dialog.Close(1105)</onclick>
			</control>
		</control>
	</controls>
</window>