<?xml version="1.0" encoding="UTF-8"?>
<window>
	<defaultcontrol>402</defaultcontrol>
	<include>dialogeffect</include>
	<coordinates>
		<system>1</system>
		<left>90</left>
		<top>-3</top>
	</coordinates>
	<controls>
		<control type="group">
		<animation effect="fade" start="100" end="0" time="200" condition="Window.IsVisible(FullscreenVideo) | Window.IsVisible(Visualisation)">conditional</animation>
			<control type="image">
				<description>Dialog Back</description>
				<width>520</width>
				<height>85</height>
				<texture border="20,20,20,30">dialogs/Dialog2.png</texture>
			</control>
			<control type="label" id="30">
				<description>Caption Label</description>
				<left>25</left>
				<top>15</top>
				<width>470</width>
				<height>15</height>
				<font>font10</font>
				<textcolor>orange</textcolor>
				<align>left</align>
				<aligny>center</aligny>
			</control>
			<control type="label" id="31">
				<description>Current Title Label</description>
				<left>25</left>
				<top>33</top>
				<width>470</width>
				<height>15</height>
				<aligny>center</aligny>
				<haspath>yes</haspath>
				<font>font10</font>
			</control>
			<control type="progress" id="32">
				<description>progress control</description>
				<left>25</left>
				<top>55</top>
				<width>470</width>
				<height>4</height>
			</control>
		</control>
	</controls>
</window>