<?xml version="1.0" encoding="UTF-8"?>
<window>
	<defaultcontrol always="true">20</defaultcontrol>
	<include>dialogeffect</include>
	<controls>
		<control type="group">
			<left>62.5</left>
			<top>41</top>
			<animation effect="fade" start="100" end="0" time="200" condition="Window.IsVisible(PVRGroupManager)">Conditional</animation>
			<control type="image">
				<description>background image</description>
				<width>1155</width>
				<height>638</height>
				<texture border="50,100,50,50">dialogs/Dialog.png</texture>
				<animation effect="fade" start="90" end="90" time="0" condition="Window.IsVisible(Visualisation)">Conditional</animation>
			</control>
			<control type="label" id="2">
				<description>Heading label</description>
				<left>50</left>
				<top>50</top>
				<width>1055</width>
				<height>30</height>
				<align>center</align>
				<font>font16</font>
				<label>$VAR[PVRChannelManagerHeader]</label>
				<textcolor>orange</textcolor>
				<shadowcolor>black</shadowcolor>
			</control>
			<control type="grouplist" id="9000">
				<left>50</left>
				<top>100</top>
				<width>300</width>
				<height>450</height>
				<itemgap>0</itemgap>
				<onleft>9001</onleft>
				<onright>20</onright>
				<control type="radiobutton" id="7">
					<description>Channel activated</description>
					<label>$LOCALIZE[19074]</label>
					<include>DialogButton3CommonValues</include>
				</control>
				<control type="edit" id="8">
					<description>Channel name</description>
					<label>$LOCALIZE[19201]</label>
					<aligny>center</aligny>
					<include>DialogButton3CommonValues</include>
				</control>
				<control type="button" id="9">
					<description>Channel logo Button</description>
					<label>$LOCALIZE[19202]</label>
					<textwidth>242</textwidth>
					<include>DialogButton3CommonValues</include>
				</control>
				<control type="radiobutton" id="12">
					<description>EPG activated</description>
					<label>$LOCALIZE[19206]</label>
					<include>DialogButton3CommonValues</include>
				</control>
				<control type="spincontrolex" id="13">
					<description>EPG source</description>
					<aligny>center</aligny>
					<reverse>yes</reverse>
					<label>$LOCALIZE[19200]</label>
					<include>DialogButton3CommonValues</include>
				</control>
				<control type="radiobutton" id="14">
					<description>Parental locked</description>
					<label>$LOCALIZE[19267]</label>
					<include>DialogButton3CommonValues</include>
				</control>
			</control>
			<control type="image">
				<left>309</left>
				<top>197</top>
				<width>32</width>
				<height>32</height>
				<aspectratio>keep</aspectratio>
				<texture background="true">$INFO[Container(20).ListItem.Property(icon)]</texture>
			</control>
			<control type="list" id="20">
				<left>355</left>
				<top>100</top>
				<width>446</width>
				<height>450</height>
				<onup>60</onup>
				<ondown>60</ondown>
				<onleft>9000</onleft>
				<onright>9001</onright>
				<pagecontrol>60</pagecontrol>
				<scrolltime>200</scrolltime>
				<itemlayout height="45">
					<control type="image">
						<width>446</width>
						<height>45</height>
						<texture border="10">buttons/list-nofocus.png</texture>
					</control>
					<control type="image">
						<left>5</left>
						<top>5</top>
						<width>35</width>
						<height>35</height>
						<aspectratio>keep</aspectratio>
						<texture fallback="DefaultInProgressShows.png">$INFO[ListItem.Property(icon)]</texture>
					</control>
					<control type="label">
						<left>50</left>
						<width>370</width>
						<height>45</height>
						<font>font12</font>
						<aligny>center</aligny>
						<label>$INFO[ListItem.Property(Number),, - ]$INFO[ListItem.Property(Name)]</label>
						<visible>!ListItem.Property(Changed)</visible>
					</control>
					<control type="label">
						<left>50</left>
						<width>370</width>
						<height>45</height>
						<font>font12</font>
						<aligny>center</aligny>
						<label>[B]$INFO[ListItem.Property(Number),, - ]$INFO[ListItem.Property(Name)][/B]</label>
						<visible>ListItem.Property(Changed)</visible>
					</control>
					<control type="image">
						<right>0</right>
						<top>5</top>
						<width>35</width>
						<height>35</height>
						<texture>OverlayLocked.png</texture>
						<aspectratio>keep</aspectratio>
						<visible>ListItem.Property(ParentalLocked)</visible>
					</control>
				</itemlayout>
				<focusedlayout height="45">
					<control type="image">
						<width>446</width>
						<height>45</height>
						<visible>!Control.HasFocus(20)</visible>
						<texture border="10">buttons/list-nofocus.png</texture>
					</control>
					<control type="image">
						<width>446</width>
						<height>45</height>
						<visible>Control.HasFocus(20)</visible>
						<texture border="10">buttons/list-focus.png</texture>
					</control>
					<control type="image">
						<left>5</left>
						<top>5</top>
						<width>35</width>
						<height>35</height>
						<aspectratio>keep</aspectratio>
						<texture fallback="DefaultInProgressShows.png">$INFO[ListItem.Property(icon)]</texture>
					</control>
					<control type="label">
						<left>50</left>
						<width>370</width>
						<height>45</height>
						<font>font12</font>
						<aligny>center</aligny>
						<label>$INFO[ListItem.Property(Number),, - ]$INFO[ListItem.Property(Name)]</label>
						<visible>!ListItem.Property(Changed)</visible>
					</control>
					<control type="label">
						<left>50</left>
						<width>370</width>
						<height>45</height>
						<font>font12</font>
						<aligny>center</aligny>
						<label>[B]$INFO[ListItem.Property(Number),, - ]$INFO[ListItem.Property(Name)][/B]</label>
						<visible>ListItem.Property(Changed)</visible>
					</control>
					<control type="image">
						<right>0</right>
						<top>5</top>
						<width>35</width>
						<height>35</height>
						<texture>OverlayLocked.png</texture>
						<aspectratio>keep</aspectratio>
						<visible>ListItem.Property(ParentalLocked)</visible>
					</control>
				</focusedlayout>
			</control>
			<control type="grouplist" id="9001">
				<left>806</left>
				<top>100</top>
				<width>635</width>
				<height>450</height>
				<itemgap>0</itemgap>
				<onup>6</onup>
				<ondown>4</ondown>
				<onleft>20</onleft>
				<onright>9000</onright>
				<control type="togglebutton" id="34">
					<description>TV/Radio toggle</description>
					<label>$LOCALIZE[19024]</label>
					<altlabel>$LOCALIZE[19023]</altlabel>
					<usealttexture>!String.IsEmpty(Window.Property(IsRadio))</usealttexture>
					<textoffsetx>15</textoffsetx>
					<alttexturefocus border="10">buttons/button-dialog-focus.png</alttexturefocus>
					<alttexturenofocus border="10">buttons/button-dialog-nofocus.png</alttexturenofocus>
					<align>center</align>
					<include>DialogButton3CommonValues</include>
				</control>
				<control type="button" id="35">
					<description>Refresh channel logos Button</description>
					<label>$LOCALIZE[19041]</label>
					<align>center</align>
					<include>DialogButton3CommonValues</include>
				</control>
				<control type="button" id="31">
					<description>New channel Button</description>
					<label>$LOCALIZE[19204]</label>
					<align>center</align>
					<include>DialogButton3CommonValues</include>
				</control>
				<control type="button" id="30">
					<description>Group Manager Button</description>
					<label>$LOCALIZE[19205]</label>
					<align>center</align>
					<include>DialogButton3CommonValues</include>
				</control>
			</control>
			<control type="grouplist" id="9001">
				<top>415</top>
				<left>806</left>
				<orientation>vertical</orientation>
				<itemgap>0</itemgap>
				<onup>30</onup>
				<ondown>60</ondown>
				<onleft>20</onleft>
				<onright>9000</onright>
				<control type="button" id="4">
					<label>186</label>
					<align>center</align>
					<include>DialogButton3CommonValues</include>
				</control>
				<control type="button" id="5">
					<label>14070</label>
					<align>center</align>
					<include>DialogButton3CommonValues</include>
				</control>
				<control type="button" id="6">
					<label>222</label>
					<align>center</align>
					<include>DialogButton3CommonValues</include>
				</control>
			</control>
			<control type="group">
				<left>535</left>
				<top>550</top>
				<control type="label">
					<description>Page Count Label NoFocus</description>
					<width>200</width>
					<height>45</height>
					<font>font12</font>
					<textcolor>grey2</textcolor>
					<scroll>false</scroll>
					<align>right</align>
					<aligny>center</aligny>
					<label>$INFO[Container(20).NumItems] $LOCALIZE[31200] - $LOCALIZE[31201] $INFO[Container(20).CurrentPage]/$INFO[Container(20).NumPages]</label>
					<visible>!Control.HasFocus(60)</visible>
				</control>
				<control type="label">
					<description>Page Count Label Focus</description>
					<width>200</width>
					<height>45</height>
					<font>font12</font>
					<textcolor>orange</textcolor>
					<scroll>false</scroll>
					<align>right</align>
					<aligny>center</aligny>
					<label>$INFO[Container(20).NumItems] $LOCALIZE[31200] - $LOCALIZE[31201] $INFO[Container(20).CurrentPage]/$INFO[Container(20).NumPages]</label>
					<visible>Control.HasFocus(60)</visible>
				</control>
				<control type="spincontrol" id="60">
					<description>Next page Spinner</description>
					<left>40</left>
					<top>6</top>
					<subtype>page</subtype>
					<textoffsetx>80</textoffsetx>
					<textoffsety>3</textoffsety>
					<textwidth>200</textwidth>
					<font />
					<align>left</align>
					<onleft>20</onleft>
					<onright>6</onright>
					<onup>20</onup>
					<ondown>20</ondown>
					<showonepage>false</showonepage>
				</control>
			</control>
		</control>
	</controls>
</window>