<?xml version="1.0" encoding="UTF-8"?>
<window>
	<defaultcontrol always="true">11</defaultcontrol>
	<include>dialogeffect</include>
	<controls>
		<control type="group">
			<left>265</left>
			<top>41</top>
			<control type="image">
				<description>background image</description>
				<width>750</width>
				<height>638</height>
				<texture border="50,100,50,50">dialogs/Dialog.png</texture>
			</control>
			<control type="group">
				<left>50</left>
				<top>50</top>
				<control type="label">
					<description>heading label</description>
					<width>650</width>
					<height>30</height>
					<align>center</align>
					<aligny>center</aligny>
					<font>font16</font>
					<label>$LOCALIZE[19069]$INFO[Container(11).ListItem.ChannelName, - ,]</label>
					<textcolor>orange</textcolor>
				</control>
				<control type="label">
					<description>date</description>
					<top>49</top>
					<width>650</width>
					<height>30</height>
					<align>center</align>
					<aligny>center</aligny>
					<font>font13</font>
					<label>$INFO[ListItem.StartDate]</label>
				</control>
				<control type="list" id="11">
					<top>87</top>
					<width>650</width>
					<height>405</height>
					<onleft>9000</onleft>
					<onright>60</onright>
					<ondown>9000</ondown>
					<viewtype label="535">list</viewtype>
					<pagecontrol>60</pagecontrol>
					<scrolltime>200</scrolltime>
					<itemlayout height="45">
						<control type="image">
							<width>650</width>
							<height>45</height>
							<texture border="10">buttons/list-nofocus.png</texture>
							<include>VisibleFadeEffect</include>
						</control>
						<control type="label">
							<left>5</left>
							<width>150</width>
							<height>45</height>
							<font>font13</font>
							<aligny>center</aligny>
							<textcolor>grey</textcolor>
							<selectedcolor>grey</selectedcolor>
							<info>ListItem.StartTime</info>
						</control>
						<control type="label">
							<left>135</left>
							<width>555</width>
							<height>45</height>
							<font>font13</font>
							<aligny>center</aligny>
							<label>$VAR[PVRListItemSubLabel]</label>
						</control>
					</itemlayout>
					<focusedlayout height="45">
						<control type="image">
							<width>650</width>
							<height>45</height>
							<texture border="10">buttons/list-focus.png</texture>
							<include>VisibleFadeEffect</include>
							<visible>Control.HasFocus(11)</visible>
						</control>
						<control type="image">
							<width>650</width>
							<height>45</height>
							<texture border="10">buttons/list-nofocus.png</texture>
							<include>VisibleFadeEffect</include>
							<visible>!Control.HasFocus(11)</visible>
						</control>
						<control type="label">
							<left>5</left>
							<width>150</width>
							<height>45</height>
							<font>font13</font>
							<aligny>center</aligny>
							<selectedcolor>orange</selectedcolor>
							<info>ListItem.StartTime</info>
						</control>
						<control type="label">
							<left>135</left>
							<width>555</width>
							<height>45</height>
							<font>font13</font>
							<aligny>center</aligny>
							<selectedcolor>orange</selectedcolor>
							<label>$VAR[PVRListItemSubLabel]</label>
						</control>
					</focusedlayout>
				</control>
			</control>
			<control type="spincontrol" id="60">
				<description>Next page Spinner</description>
				<left>640</left>
				<top>551</top>
				<subtype>page</subtype>
				<font />
				<onleft>9000</onleft>
				<onright>11</onright>
				<onup>11</onup>
				<ondown>11</ondown>
				<textcolor>white</textcolor>
				<showonepage>true</showonepage>
			</control>
			<include content="PageLabel">
				<param name="left" value="315" />
				<param name="top" value="549" />
				<param name="width" value="320" />
				<param name="label" value="$LOCALIZE[31201] $INFO[Container(11).CurrentPage]/$INFO[Container(11).NumPages]" />
				<param name="id" value="60" />
			</include>
			<control type="grouplist" id="9000">
				<left>50</left>
				<top>546</top>
				<onleft>11</onleft>
				<onright>60</onright>
				<onup>11</onup>
				<ondown>11</ondown>
				<itemgap>2</itemgap>
				<orientation>horizontal</orientation>
				<control type="button" id="9001">
					<description>Close button</description>
					<label>15067</label>
					<width>210</width>
					<include>DialogButton2CommonValues</include>
					<onclick>PreviousMenu</onclick>
				</control>
			</control>
		</control>
	</controls>
</window>