<?xml version="1.0" encoding="UTF-8"?>
<window>
	<defaultcontrol always="true">300</defaultcontrol>
	<include>dialogeffect</include>
	<coordinates>
		<system>2</system>
		<left>165</left>
		<top>110</top>
	</coordinates>
	<controls>
		<control type="group">
			<animation effect="slide" end="0,-62.5" condition="Control.IsVisible(313)">Conditional</animation>
			<control type="image">
				<description>background image</description>
				<width>950</width>
				<height>500</height>
				<texture border="50,100,50,50">dialogs/Dialog.png</texture>
			</control>
			<control type="label" id="311">
				<description>heading label</description>
				<left>50</left>
				<top>50</top>
				<width>850</width>
				<height>30</height>
				<align>center</align>
				<aligny>center</aligny>
				<font>font16</font>
				<label />
				<textcolor>orange</textcolor>
			</control>
			<control type="image">
				<description>edit text underlay Image</description>
				<left>50</left>
				<top>100</top>
				<width>850</width>
				<height>45</height>
				<texture border="10">buttons/list-nofocus.png</texture>
			</control>
			<control type="edit" id="312">
				<description>Edit Text</description>
				<left>60</left>
				<top>100</top>
				<width>830</width>
				<height>40</height>
				<font>font13</font>
				<align>center</align>
				<aligny>center</aligny>
				<texturefocus />
				<texturenofocus />
			</control>
			<control type="grouplist">
				<left>250</left>
				<top>150</top>
				<orientation>horizontal</orientation>
				<itemgap>0</itemgap>
				<control type="button" id="309">
					<description>Layout button</description>
					<width>200</width>
					<include>KeyboardButton</include>
					<label>20177</label>
					<onup>32</onup>
					<ondown>100</ondown>
				</control>
				<control type="image" id="9009">
					<width>50</width>
					<height>50</height>
					<texture />
				</control>
				<control type="button" id="305">
					<description>previous button</description>
					<width>100</width>
					<label>&lt;&lt;</label>
					<onup>32</onup>
					<ondown>105</ondown>
					<include>KeyboardButton</include>
				</control>
				<control type="button" id="306">
					<description>next button</description>
					<width>100</width>
					<label>&gt;&gt;</label>
					<onup>32</onup>
					<ondown>107</ondown>
					<include>KeyboardButton</include>
				</control>
			</control>
			<control type="grouplist">
				<left>50</left>
				<top>200</top>
				<orientation>horizontal</orientation>
				<itemgap>0</itemgap>
				<control type="button" id="300">
					<description>DONE button</description>
					<width>200</width>
					<include>KeyboardButton</include>
					<label>20177</label>
					<onup>307</onup>
					<ondown>302</ondown>
				</control>
				<control type="button" id="100">
					<description>(0,0) button</description>
					<onup>309</onup>
					<ondown>120</ondown>
					<include>KeyboardButton</include>
				</control>
				<control type="button" id="101">
					<description>(0,1) button</description>
					<onup>309</onup>
					<ondown>121</ondown>
					<include>KeyboardButton</include>
				</control>
				<control type="button" id="102">
					<description>(0,2) button</description>
					<onup>309</onup>
					<ondown>122</ondown>
					<include>KeyboardButton</include>
				</control>
				<control type="button" id="103">
					<description>(0,3) button</description>
					<onup>309</onup>
					<ondown>123</ondown>
					<include>KeyboardButton</include>
				</control>
				<control type="button" id="104">
					<description>(0,4) button</description>
					<onup>32</onup>
					<ondown>124</ondown>
					<include>KeyboardButton</include>
				</control>
				<control type="button" id="105">
					<description>(0,5) button</description>
					<onup>305</onup>
					<ondown>125</ondown>
					<include>KeyboardButton</include>
				</control>
				<control type="button" id="106">
					<description>(0,6) button</description>
					<onup>305</onup>
					<ondown>126</ondown>
					<include>KeyboardButton</include>
				</control>
				<control type="button" id="107">
					<description>(0,7) button</description>
					<onup>306</onup>
					<ondown>127</ondown>
					<include>KeyboardButton</include>
				</control>
				<control type="button" id="108">
					<description>(0,8) button</description>
					<onup>306</onup>
					<ondown>128</ondown>
					<include>KeyboardButton</include>
				</control>
				<control type="button" id="109">
					<description>(0,9) button</description>
					<onup>8</onup>
					<ondown>129</ondown>
					<include>KeyboardButton</include>
				</control>
				<control type="button" id="110">
					<description>(0,10) button</description>
					<onup>8</onup>
					<ondown>130</ondown>
					<include>KeyboardButton</include>
				</control>
				<control type="button" id="111">
					<description>(0,11) button</description>
					<onup>8</onup>
					<ondown>131</ondown>
					<include>KeyboardButton</include>
				</control>
				<control type="button" id="112">
					<description>(0,12) button</description>
					<onup>8</onup>
					<ondown>132</ondown>
					<include>KeyboardButton</include>
				</control>
			</control>
			<control type="grouplist">
				<left>50</left>
				<top>250</top>
				<orientation>horizontal</orientation>
				<itemgap>0</itemgap>
				<control type="radiobutton" id="302">
					<description>SHIFT button</description>
					<width>200</width>
					<label>20178</label>
					<onup>300</onup>
					<ondown>303</ondown>
					<radioposy>5</radioposy>
					<radiowidth>17</radiowidth>
					<radioheight>17</radioheight>
					<include>KeyboardButton</include>
				</control>
				<control type="button" id="120">
					<description>(1,0) button</description>
					<onup>100</onup>
					<ondown>140</ondown>
					<include>KeyboardButton</include>
				</control>
				<control type="button" id="121">
					<description>(1,1) button</description>
					<onup>101</onup>
					<ondown>141</ondown>
					<include>KeyboardButton</include>
				</control>
				<control type="button" id="122">
					<description>(1,2) button</description>
					<onup>102</onup>
					<ondown>142</ondown>
					<include>KeyboardButton</include>
				</control>
				<control type="button" id="123">
					<description>(1,3) button</description>
					<onup>103</onup>
					<ondown>143</ondown>
					<include>KeyboardButton</include>
				</control>
				<control type="button" id="124">
					<description>(1,4) button</description>
					<onup>104</onup>
					<ondown>144</ondown>
					<include>KeyboardButton</include>
				</control>
				<control type="button" id="125">
					<description>(1,5) button</description>
					<onup>105</onup>
					<ondown>145</ondown>
					<include>KeyboardButton</include>
				</control>
				<control type="button" id="126">
					<description>(1,6) button</description>
					<onup>106</onup>
					<ondown>146</ondown>
					<include>KeyboardButton</include>
				</control>
				<control type="button" id="127">
					<description>(1,7) button</description>
					<onup>107</onup>
					<ondown>147</ondown>
					<include>KeyboardButton</include>
				</control>
				<control type="button" id="128">
					<description>(1,8) button</description>
					<onup>108</onup>
					<ondown>148</ondown>
					<include>KeyboardButton</include>
				</control>
				<control type="button" id="129">
					<description>(1,9) button</description>
					<onup>109</onup>
					<ondown>149</ondown>
					<include>KeyboardButton</include>
				</control>
				<control type="button" id="130">
					<description>(1,10) button</description>
					<onup>110</onup>
					<ondown>150</ondown>
					<include>KeyboardButton</include>
				</control>
				<control type="button" id="131">
					<description>(1,11) button</description>
					<onup>111</onup>
					<ondown>151</ondown>
					<include>KeyboardButton</include>
				</control>
				<control type="button" id="132">
					<description>(1,12) button</description>
					<onup>112</onup>
					<ondown>152</ondown>
					<include>KeyboardButton</include>
				</control>
			</control>
			<control type="grouplist">
				<left>50</left>
				<top>300</top>
				<orientation>horizontal</orientation>
				<itemgap>0</itemgap>
				<control type="radiobutton" id="303">
					<description>CAPS LOCK button</description>
					<width>200</width>
					<label>20179</label>
					<onup>302</onup>
					<ondown>304</ondown>
					<radioposy>5</radioposy>
					<radiowidth>17</radiowidth>
					<radioheight>17</radioheight>
					<include>KeyboardButton</include>
				</control>
				<control type="button" id="140">
					<description>(2,0) button</description>
					<onup>120</onup>
					<ondown>160</ondown>
					<include>KeyboardButton</include>
				</control>
				<control type="button" id="141">
					<description>(2,1) button</description>
					<onup>121</onup>
					<ondown>161</ondown>
					<include>KeyboardButton</include>
				</control>
				<control type="button" id="142">
					<description>(2,2) button</description>
					<onup>122</onup>
					<ondown>162</ondown>
					<include>KeyboardButton</include>
				</control>
				<control type="button" id="143">
					<description>(2,3) button</description>
					<onup>123</onup>
					<ondown>163</ondown>
					<include>KeyboardButton</include>
				</control>
				<control type="button" id="144">
					<description>(2,4) button</description>
					<onup>124</onup>
					<ondown>164</ondown>
					<include>KeyboardButton</include>
				</control>
				<control type="button" id="145">
					<description>(2,5) button</description>
					<onup>125</onup>
					<ondown>165</ondown>
					<include>KeyboardButton</include>
				</control>
				<control type="button" id="146">
					<description>(2,6) button</description>
					<onup>126</onup>
					<ondown>166</ondown>
					<include>KeyboardButton</include>
				</control>
				<control type="button" id="147">
					<description>(2,7) button</description>
					<onup>127</onup>
					<ondown>167</ondown>
					<include>KeyboardButton</include>
				</control>
				<control type="button" id="148">
					<description>(2,8) button</description>
					<onup>128</onup>
					<ondown>168</ondown>
					<include>KeyboardButton</include>
				</control>
				<control type="button" id="149">
					<description>(2,9) button</description>
					<onup>129</onup>
					<ondown>169</ondown>
					<include>KeyboardButton</include>
				</control>
				<control type="button" id="150">
					<description>(2,10) button</description>
					<onup>130</onup>
					<ondown>170</ondown>
					<include>KeyboardButton</include>
				</control>
				<control type="button" id="151">
					<description>(2,11) button</description>
					<onup>131</onup>
					<ondown>171</ondown>
					<include>KeyboardButton</include>
				</control>
				<control type="button" id="152">
					<description>(2,12) button</description>
					<onup>132</onup>
					<ondown>172</ondown>
					<include>KeyboardButton</include>
				</control>
			</control>
			<control type="grouplist">
				<left>50</left>
				<top>350</top>
				<orientation>horizontal</orientation>
				<itemgap>0</itemgap>
				<control type="radiobutton" id="304">
					<description>Symbols button</description>
					<width>200</width>
					<label>20180</label>
					<onup>303</onup>
					<ondown>307</ondown>
					<radioposy>5</radioposy>
					<radiowidth>17</radiowidth>
					<radioheight>17</radioheight>
					<include>KeyboardButton</include>
				</control>
				<control type="button" id="160">
					<description>(3,0) button</description>
					<onup>140</onup>
					<ondown>32</ondown>
					<include>KeyboardButton</include>
				</control>
				<control type="button" id="161">
					<description>(3,1) button</description>
					<onup>141</onup>
					<ondown>32</ondown>
					<include>KeyboardButton</include>
				</control>
				<control type="button" id="162">
					<description>(3,2) button</description>
					<onup>142</onup>
					<ondown>32</ondown>
					<include>KeyboardButton</include>
				</control>
				<control type="button" id="163">
					<description>(3,3) button</description>
					<onup>143</onup>
					<ondown>32</ondown>
					<include>KeyboardButton</include>
				</control>
				<control type="button" id="164">
					<description>(3,4) button</description>
					<onup>144</onup>
					<ondown>32</ondown>
					<include>KeyboardButton</include>
				</control>
				<control type="button" id="165">
					<description>(3,5) button</description>
					<onup>145</onup>
					<ondown>32</ondown>
					<include>KeyboardButton</include>
				</control>
				<control type="button" id="166">
					<description>(3,6) button</description>
					<onup>146</onup>
					<ondown>32</ondown>
					<include>KeyboardButton</include>
				</control>
				<control type="button" id="167">
					<description>(3,7) button</description>
					<onup>147</onup>
					<ondown>32</ondown>
					<include>KeyboardButton</include>
				</control>
				<control type="button" id="168">
					<description>(3,8) button</description>
					<onup>148</onup>
					<ondown>32</ondown>
					<include>KeyboardButton</include>
				</control>
				<control type="button" id="169">
					<description>(3,9) button</description>
					<onup>149</onup>
					<ondown>8</ondown>
					<include>KeyboardButton</include>
				</control>
				<control type="button" id="170">
					<description>(3,10) button</description>
					<onup>150</onup>
					<ondown>8</ondown>
					<include>KeyboardButton</include>
				</control>
				<control type="button" id="171">
					<description>(3,11) button</description>
					<onup>151</onup>
					<ondown>8</ondown>
					<include>KeyboardButton</include>
				</control>
				<control type="button" id="172">
					<description>(3,12) button</description>
					<onup>152</onup>
					<ondown>8</ondown>
					<include>KeyboardButton</include>
				</control>
			</control>
			<control type="grouplist">
				<left>50</left>
				<top>400</top>
				<orientation>horizontal</orientation>
				<itemgap>0</itemgap>
				<control type="button" id="307">
					<description>IP Input button</description>
					<width>200</width>
					<label>1006</label>
					<onup>304</onup>
					<ondown>300</ondown>
					<include>KeyboardButton</include>
				</control>
				<control type="button" id="32">
					<description>SPACE button</description>
					<width>450</width>
					<label>20182</label>
					<onup>160</onup>
					<ondown>309</ondown>
					<include>KeyboardButton</include>
				</control>
				<control type="button" id="8">
					<description>BACKSPACE button</description>
					<width>200</width>
					<label>20181</label>
					<onup>169</onup>
					<ondown>306</ondown>
					<include>KeyboardButton</include>
				</control>
			</control>
			<control type="group">
				<visible>Control.IsVisible(313)</visible>
				<top>445</top>
				<control type="image">
					<description>background image</description>
					<width>950</width>
					<height>180</height>
					<texture border="50,50,50,50">dialogs/Dialog.png</texture>
				</control>
				<control type="image">
					<description>edit text underlay Image</description>
					<left>50</left>
					<top>50</top>
					<width>850</width>
					<height>45</height>
					<texture border="10">buttons/list-nofocus.png</texture>
				</control>
				<control type="label" id="313">
					<description>HZCODE label</description>
					<left>50</left>
					<top>50</top>
					<width>850</width>
					<height>45</height>
					<align>center</align>
					<aligny>center</aligny>
					<font>font12</font>
				</control>
				<control type="label" id="314">
					<description>HZLIST label</description>
					<left>60</left>
					<top>95</top>
					<width>830</width>
					<height>40</height>
					<font>font12</font>
					<align>center</align>
					<aligny>center</aligny>
				</control>
			</control>
		</control>
	</controls>
</window>