<?xml version="1.0" encoding="UTF-8"?>
<window>
	<defaultcontrol always="true">11</defaultcontrol>
	<include>dialogeffect</include>
	<controls>
		<control type="group">
			<left>110</left>
			<top>17</top>
			<control type="image">
				<description>background image</description>
				<width>1060</width>
				<height>686</height>
				<texture border="50,100,50,50">dialogs/Dialog.png</texture>
			</control>
			<control type="group">
				<left>50</left>
				<control type="label" id="2">
					<description>heading label</description>
					<top>50</top>
					<width>960</width>
					<height>30</height>
					<align>center</align>
					<aligny>center</aligny>
					<font>font16</font>
					<label>19142</label>
					<textcolor>orange</textcolor>
				</control>
				<control type="label">
					<description>help text</description>
					<top>105</top>
					<width>960</width>
					<height>30</height>
					<align>center</align>
					<aligny>center</aligny>
					<font>font10</font>
					<label>$LOCALIZE[19001] $LOCALIZE[19002]</label>
					<textcolor>grey2</textcolor>
				</control>
				<control type="edit" id="9">
					<top>142</top>
					<width>960</width>
					<hinttext>$LOCALIZE[137]...</hinttext>
					<aligny>center</aligny>
					<ondown>10</ondown>
					<onup>26</onup>
					<onleft>28</onleft>
					<onright>26</onright>
					<include>DialogButtonCommonValues</include>
				</control>
				<control type="grouplist" id="5000">
					<top>187</top>
					<onright>6000</onright>
					<onleft>28</onleft>
					<ondown>28</ondown>
					<onup>9</onup>
					<orientation>vertical</orientation>
					<itemgap>0</itemgap>
					<control type="radiobutton" id="10">
						<description>Include Description</description>
						<width>477</width>
						<onright>12</onright>
						<include>DialogButtonCommonValues</include>
						<label>$LOCALIZE[19134]</label>
					</control>
					<control type="radiobutton" id="11">
						<description>Case Sensitive</description>
						<width>477</width>
						<onright>13</onright>
						<include>DialogButtonCommonValues</include>
						<label>$LOCALIZE[19135]</label>
					</control>
					<control type="edit" id="14">
						<description>Start Date</description>
						<width>477</width>
						<onright>16</onright>
						<aligny>center</aligny>
						<include>DialogButtonCommonValues</include>
						<label>$LOCALIZE[19128]</label>
					</control>
					<control type="edit" id="15">
						<description>Stop Date</description>
						<width>477</width>
						<onright>17</onright>
						<aligny>center</aligny>
						<include>DialogButtonCommonValues</include>
						<label>$LOCALIZE[19129]</label>
					</control>
					<control type="radiobutton" id="30">
						<description>Ignore finished broadcasts</description>
						<width>477</width>
						<onright>31</onright>
						<include>DialogButtonCommonValues</include>
						<label>$LOCALIZE[19339]</label>
					</control>
					<control type="spincontrolex" id="18">
						<description>Genre</description>
						<width>477</width>
						<onright>19</onright>
						<aligny>center</aligny>
						<reverse>yes</reverse>
						<include>DialogButtonCommonValues</include>
						<label>$LOCALIZE[515]</label>
					</control>
					<control type="radiobutton" id="20">
						<description>Include unknown Genres</description>
						<width>477</width>
						<onright>21</onright>
						<include>DialogButtonCommonValues</include>
						<label>$LOCALIZE[19132]</label>
					</control>
					<control type="radiobutton" id="22">
						<description>FTA only</description>
						<width>477</width>
						<onright>23</onright>
						<include>DialogButtonCommonValues</include>
						<label>$LOCALIZE[19123]</label>
					</control>
					<control type="radiobutton" id="24">
						<description>Ignore Timers</description>
						<width>477</width>
						<onright>27</onright>
						<include>DialogButtonCommonValues</include>
						<label>$LOCALIZE[19124]</label>
					</control>
				</control>
				<control type="grouplist" id="6000">
					<left>483</left>
					<top>187</top>
					<onright>26</onright>
					<onleft>5000</onleft>
					<ondown>26</ondown>
					<onup>9</onup>
					<orientation>vertical</orientation>
					<itemgap>0</itemgap>
					<control type="spincontrolex" id="12">
						<description>Min Duration</description>
						<width>477</width>
						<onleft>10</onleft>
						<aligny>center</aligny>
						<reverse>yes</reverse>
						<include>DialogButtonCommonValues</include>
						<label>$LOCALIZE[19130]</label>
					</control>
					<control type="spincontrolex" id="13">
						<description>Max Duration</description>
						<width>477</width>
						<onleft>11</onleft>
						<aligny>center</aligny>
						<reverse>yes</reverse>
						<include>DialogButtonCommonValues</include>
						<label>$LOCALIZE[19131]</label>
					</control>
					<control type="edit" id="16">
						<description>Start time</description>
						<width>477</width>
						<onleft>14</onleft>
						<aligny>center</aligny>
						<include>DialogButtonCommonValues</include>
						<label>$LOCALIZE[19126]</label>
					</control>
					<control type="edit" id="17">
						<description>Stop time</description>
						<width>477</width>
						<onleft>15</onleft>
						<aligny>center</aligny>
						<include>DialogButtonCommonValues</include>
						<label>$LOCALIZE[19127]</label>
					</control>
					<control type="radiobutton" id="31">
						<description>Ignore future broadcasts</description>
						<width>477</width>
						<onleft>30</onleft>
						<include>DialogButtonCommonValues</include>
						<label>$LOCALIZE[19340]</label>
					</control>
					<control type="radiobutton" id="19">
						<description>avoid repeats</description>
						<width>477</width>
						<onleft>18</onleft>
						<include>DialogButtonCommonValues</include>
						<label>$LOCALIZE[19121]</label>
					</control>
					<control type="spincontrolex" id="21">
						<description>Groups</description>
						<width>477</width>
						<onleft>20</onleft>
						<aligny>center</aligny>
						<reverse>yes</reverse>
						<include>DialogButtonCommonValues</include>
						<label>$LOCALIZE[19141]</label>
					</control>
					<control type="spincontrolex" id="23">
						<description>Channels</description>
						<width>477</width>
						<onleft>22</onleft>
						<aligny>center</aligny>
						<reverse>yes</reverse>
						<include>DialogButtonCommonValues</include>
						<label>$LOCALIZE[19148]</label>
					</control>
					<control type="radiobutton" id="27">
						<description>Ignore Recordings</description>
						<width>477</width>
						<onleft>24</onleft>
						<include>DialogButtonCommonValues</include>
						<label>$LOCALIZE[19125]</label>
					</control>
				</control>
				<control type="grouplist" id="9001">
					<top>595</top>
					<width>960</width>
					<align>center</align>
					<orientation>horizontal</orientation>
					<itemgap>2</itemgap>
					<ondown>9</ondown>
					<control type="button" id="28">
						<description>Defaults Button</description>
						<label>13007</label>
						<include>DialogButton2CommonValues</include>
						<onup>24</onup>
					</control>
					<control type="button" id="25">
						<description>Cancel Button</description>
						<label>222</label>
						<include>DialogButton2CommonValues</include>
						<onup>24</onup>
					</control>
					<control type="button" id="29">
						<description>Save Button</description>
						<label>190</label>
						<include>DialogButton2CommonValues</include>
						<onup>27</onup>
					</control>
					<control type="button" id="26">
						<description>Search Button</description>
						<label>137</label>
						<include>DialogButton2CommonValues</include>
						<onup>27</onup>
					</control>
				</control>
			</control>
		</control>
	</controls>
</window>
