<?xml version="1.0" encoding="UTF-8"?>
<window>
	<defaultcontrol>20</defaultcontrol>
	<controls>
		<include condition="!Skin.HasSetting(DontBlendBackground)">CommonVideoVizBackground</include>
		<include>CommonAppsBackground</include>
		<include condition="Skin.HasSetting(DontBlendBackground)">CommonVideoVizBackground</include>
		<include>CommonAppsBlackwash</include>
		<control type="group">
			<left>130</left>
			<animation effect="fade" delay="500" time="HomeVisibleFadeAnimationSpeed">WindowOpen</animation>
			<animation effect="fade" start="0" end="0" time="0">WindowClose</animation>
			<control type="label">
				<description>Header label</description>
				<label>$LOCALIZE[7][COLOR=grey2]$VAR[SortLetterNotificationVar2][/COLOR]</label>
				<include>HeaderTextCommons</include>
			</control>
			<control type="group">
				<left>0</left>
				<top>110</top>
			</control>
		</control>
		<control type="group">
			<animation effect="fade" delay="500" time="HomeVisibleFadeAnimationSpeed">WindowOpen</animation>
			<animation effect="fade" start="0" end="0" time="0">WindowClose</animation>
			<control type="label" id="101">
				<description>Fake current directory text label left</description>
				<visible>false</visible>
			</control>
			<control type="label">
				<description>current directory text label left noFocus</description>
				<left>120</left>
				<top>100</top>
				<width>540</width>
				<font>font13</font>
				<align>center</align>
				<scroll>true</scroll>
				<label>$INFO[Control.GetLabel(101)]</label>
				<textcolor>white</textcolor>
				<visible>!Control.HasFocus(20)</visible>
			</control>
			<control type="label">
				<description>current directory text label left Focus</description>
				<left>120</left>
				<top>100</top>
				<width>540</width>
				<font>font13</font>
				<align>center</align>
				<scroll>true</scroll>
				<label>$INFO[Control.GetLabel(101)]</label>
				<textcolor>orange</textcolor>
				<visible>Control.HasFocus(20)</visible>
			</control>
			<control type="label">
				<description>number of files in left list text label</description>
				<left>190</left>
				<top>585</top>
				<width>480</width>
				<font>font12</font>
				<scroll>true</scroll>
				<textcolor>grey2</textcolor>
				<label>$INFO[Container(20).NumItems] $LOCALIZE[31200] - $LOCALIZE[31201] $INFO[Container(20).CurrentPage]/$INFO[Container(20).NumPages]</label>
				<visible>!Control.HasFocus(30)</visible>
			</control>
			<control type="label">
				<description>number of files in left list text label focus</description>
				<left>190</left>
				<top>585</top>
				<width>480</width>
				<font>font12</font>
				<scroll>true</scroll>
				<textcolor>orange</textcolor>
				<label>$INFO[Container(20).NumItems] $LOCALIZE[31200] - $LOCALIZE[31201] $INFO[Container(20).CurrentPage]/$INFO[Container(20).NumPages]</label>
				<visible>Control.HasFocus(30)</visible>
			</control>
			<control type="spincontrol" id="30">
				<description>Next page button</description>
				<left>110</left>
				<top>582</top>
				<subtype>page</subtype>
				<font />
				<onleft>31</onleft>
				<onright>20</onright>
				<ondown>20</ondown>
				<onup>20</onup>
				<textcolor />
				<showonepage>true</showonepage>
			</control>
			<control type="list" id="20">
				<left>120</left>
				<top>130</top>
				<width>540</width>
				<height>443</height>
				<onleft>30</onleft>
				<onright>21</onright>
				<pagecontrol>30</pagecontrol>
				<scrolltime>200</scrolltime>
				<itemlayout height="40">
					<control type="image">
						<width>540</width>
						<height>45</height>
						<texture border="10">buttons/button-nofocus.png</texture>
					</control>
					<control type="image">
						<left>15</left>
						<top>5</top>
						<width>35</width>
						<height>35</height>
						<info>ListItem.Icon</info>
					</control>
					<control type="label">
						<left>65</left>
						<top>5</top>
						<width>465</width>
						<height>35</height>
						<font>font13</font>
						<aligny>center</aligny>
						<align>left</align>
						<info>ListItem.Label</info>
					</control>
					<control type="label">
						<left>530</left>
						<top>5</top>
						<width>200</width>
						<height>35</height>
						<font>font12</font>
						<aligny>center</aligny>
						<textcolor>grey2</textcolor>
						<align>right</align>
						<info>ListItem.Label2</info>
					</control>
				</itemlayout>
				<focusedlayout height="40">
					<control type="image">
						<width>540</width>
						<height>45</height>
						<visible>!Control.HasFocus(20)</visible>
						<texture border="10">buttons/button-nofocus.png</texture>
					</control>
					<control type="image">
						<width>540</width>
						<height>45</height>
						<visible>Control.HasFocus(20)</visible>
						<texture border="10">buttons/button-focus.png</texture>
					</control>
					<control type="image">
						<left>15</left>
						<top>5</top>
						<width>35</width>
						<height>35</height>
						<info>ListItem.Icon</info>
					</control>
					<control type="label">
						<left>65</left>
						<top>5</top>
						<width>465</width>
						<height>35</height>
						<font>font13</font>
						<aligny>center</aligny>
						<align>left</align>
						<info>ListItem.Label</info>
					</control>
					<control type="label">
						<left>530</left>
						<top>5</top>
						<width>200</width>
						<height>35</height>
						<font>font12</font>
						<aligny>center</aligny>
						<textcolor>grey2</textcolor>
						<align>right</align>
						<info>ListItem.Label2</info>
					</control>
				</focusedlayout>
			</control>
			<control type="label" id="102">
				<description>Fake current directory text label left</description>
				<visible>false</visible>
			</control>
			<control type="label">
				<description>current directory text label left noFocus</description>
				<left>670</left>
				<top>100</top>
				<width>540</width>
				<font>font13</font>
				<align>center</align>
				<scroll>true</scroll>
				<label>$INFO[Control.GetLabel(102)]</label>
				<textcolor>white</textcolor>
				<visible>!Control.HasFocus(21)</visible>
			</control>
			<control type="label">
				<description>current directory text label left Focus</description>
				<left>670</left>
				<top>100</top>
				<width>540</width>
				<font>font13</font>
				<align>center</align>
				<scroll>true</scroll>
				<label>$INFO[Control.GetLabel(102)]</label>
				<textcolor>orange</textcolor>
				<visible>Control.HasFocus(21)</visible>
			</control>
			<control type="group">
			<animation effect="slide" start="0,0" end="-110,0" time="200" condition="Player.HasAudio">Conditional</animation>
			<animation effect="slide" start="0,0" end="-110,0" time="200" condition="Player.HasVideo">Conditional</animation>
				<include content="PageLabel">
					<param name="left" value="665" />
					<param name="top" value="581" />
					<param name="width" value="480" />
					<param name="label" value="$INFO[Container(21).NumItems] $LOCALIZE[31200] - $LOCALIZE[31201]  $INFO[Container(21).CurrentPage]/$INFO[Container(21).NumPages]" />
					<param name="id" value="31" />
				</include>
				<control type="spincontrol" id="31">
					<description>Next page button</description>
					<left>120r</left>
					<top>582</top>
					<subtype>page</subtype>
					<font />
					<onleft>21</onleft>
					<onright>30</onright>
					<ondown>21</ondown>
					<onup>21</onup>
					<textcolor />
					<showonepage>true</showonepage>
				</control>
			</control>
			<control type="list" id="21">
				<left>670</left>
				<top>130</top>
				<width>540</width>
				<height>443</height>
				<onleft>20</onleft>
				<onright>31</onright>
				<pagecontrol>30</pagecontrol>
				<scrolltime>200</scrolltime>
				<itemlayout height="40">
					<control type="image">
						<width>540</width>
						<height>45</height>
						<texture border="10">buttons/button-nofocus.png</texture>
					</control>
					<control type="image">
						<left>15</left>
						<top>5</top>
						<width>35</width>
						<height>35</height>
						<info>ListItem.Icon</info>
					</control>
					<control type="label">
						<left>65</left>
						<top>5</top>
						<width>465</width>
						<height>35</height>
						<font>font13</font>
						<aligny>center</aligny>
						<align>left</align>
						<info>ListItem.Label</info>
					</control>
					<control type="label">
						<left>530</left>
						<top>5</top>
						<width>200</width>
						<height>35</height>
						<font>font12</font>
						<aligny>center</aligny>
						<textcolor>grey2</textcolor>
						<align>right</align>
						<info>ListItem.Label2</info>
					</control>
				</itemlayout>
				<focusedlayout height="40">
					<control type="image">
						<width>540</width>
						<height>45</height>
						<visible>!Control.HasFocus(21)</visible>
						<texture border="10">buttons/button-nofocus.png</texture>
					</control>
					<control type="image">
						<width>540</width>
						<height>45</height>
						<visible>Control.HasFocus(21)</visible>
						<texture border="10">buttons/button-focus.png</texture>
					</control>
					<control type="image">
						<left>15</left>
						<top>5</top>
						<width>35</width>
						<height>35</height>
						<info>ListItem.Icon</info>
					</control>
					<control type="label">
						<left>65</left>
						<top>5</top>
						<width>465</width>
						<height>35</height>
						<font>font13</font>
						<aligny>center</aligny>
						<align>left</align>
						<info>ListItem.Label</info>
					</control>
					<control type="label">
						<left>530</left>
						<top>5</top>
						<width>200</width>
						<height>35</height>
						<font>font12</font>
						<aligny>center</aligny>
						<textcolor>grey2</textcolor>
						<align>right</align>
						<info>ListItem.Label2</info>
					</control>
				</focusedlayout>
			</control>
		</control>
		<control type="group">
			<include>AppsToSubBlades</include>
		</control>
		<include>Common_Now_Playing</include>
		<include>BackgroundDim</include>
	</controls>
</window>