<?xml version="1.0" encoding="UTF-8"?>
<window>
	<defaultcontrol always="true">9050</defaultcontrol>
	<previouswindow>home</previouswindow>
	<onload>SetProperty(RefreshList,1,Home)</onload>
	<onload condition="!String.IsEmpty(SubBladeType))">Skin.Reset(SubBladeType)</onload>
	<onload condition="Window.Previous(startup) + !Skin.HasSetting(DialogFirstRun)">AlarmClock(DialogFirstTime,ActivateWindow(1105),00:03,silent)</onload>
	<animation effect="fade" start="100" end="100" time="30" condition="Control.HasFocus(1)">WindowClose</animation>
	<animation effect="fade" start="100" end="100" time="30" condition="Control.HasFocus(2)">WindowClose</animation>
	<controls>
		<include condition="!Skin.HasSetting(DontBlendBackground)">CommonVideoVizBackground</include>
		<control type="group">
			<animation effect="slide" start="0,0" end="-1280,0" time="HomeBladeAnimationSpeed" condition="Control.HasFocus(2)">Conditional</animation>
			<animation effect="slide" start="0,0" end="1280,0" time="HomeBladeAnimationSpeed" condition="Control.HasFocus(1)">Conditional</animation>
			<include>CommonMediaBackground</include>
		</control>
		<control type="group">
			<visible>Control.HasFocus(2)</visible>
			<animation effect="slide" start="1280,0" end="0,0" time="HomeBladeAnimationSpeed" condition="Control.HasFocus(2)">Conditional</animation>
			<include>CommonSystemBackground</include>
		</control>
		<control type="group">
			<visible>Control.HasFocus(1)</visible>
			<animation effect="slide" start="-1280,0" end="0,0" time="HomeBladeAnimationSpeed" condition="Control.HasFocus(1)">Conditional</animation>
			<include>CommonAppsBackground</include>
		</control>
		<include condition="Skin.HasSetting(DontBlendBackground)">CommonVideoVizBackground</include>
<!-- Blackwash Background -->
		<control type="group">
			<animation effect="slide" end="-50,0" time="0" condition="Control.HasFocus(1)">Conditional</animation>
			<animation effect="slide" end="50,0" time="0" condition="Control.HasFocus(2)">Conditional</animation>
			<top>5</top>
			<control type="image">
				<description>Background</description>
				<left>141</left>
				<width>68</width>
				<height>720</height>
				<texture>background-overlay-blackwash-left-ws.png</texture>
			</control>
			<control type="image">
				<description>Background</description>
				<left>105r</left>
				<width>68</width>
				<height>720</height>
				<texture>background-overlay-blackwash-right-ws.png</texture>
			</control>
			<control type="image">
				<description>Background</description>
				<left>209</left>
				<width>966</width>
				<height>720</height>
				<texture>background-overlay-blackwash-centertile-ws.png</texture>
			</control>
		</control>
<!-- Blackwash Background End-->
		<control type="group">
			<left>230</left>
			<visible>!Control.HasFocus(1) + !Control.HasFocus(2)</visible>
			<animation effect="fade" time="HomeVisibleFadeAnimationSpeed">WindowOpen</animation>
			<include>HomeLogoButton</include>
			<control type="label">
				<description>Header label</description>
				<label>14211</label>
				<include>HeaderTextCommons</include>
			</control>
			<include content="ClockTextCommons">
				<param name="left" value="575" />
			</include>
			<control type="group">
				<top>180</top>
				<control type="list" id="9000">
					<width>450</width>
					<height>314</height>
					<onleft condition="!Skin.HasSetting(Blades_HideWidgets) + Container(9000).HasFocus(2)">501</onleft>
					<onleft condition="!Skin.HasSetting(Blades_HideWidgets) + Container(9000).HasFocus(3)">505</onleft>
					<onleft condition="!Skin.HasSetting(Blades_HideWidgets) + Container(9000).HasFocus(6)">509</onleft>
					<onleft condition="!Skin.HasSetting(Blades_HideWidgets) + Container(9000).HasFocus(8)">513</onleft>
					<onleft condition="!Skin.HasSetting(Blades_HideWidgets) + Container(9000).HasFocus(9)">517</onleft>
					<onleft condition="!Skin.HasSetting(Blades_HideWidgets) | ![Container(9000).HasFocus(2) + Container(9000).HasFocus(3) + Container(9000).HasFocus(6) + Container(9000).HasFocus(8) + Container(9000).HasFocus(9)]">1</onleft>
					<onright>9100</onright>
					<onup>9050</onup>
					<ondown>9050</ondown>
					<viewtype label="535">list</viewtype>
					<pagecontrol>60</pagecontrol>
					<scrolltime>200</scrolltime>
					<animation effect="slide" end="0,-30" condition="Integer.IsGreater(Container(9000).NumItems,5)">Conditional</animation>
					<itemlayout height="52" width="450" condition="Integer.IsLessOrEqual(Container(9000).NumItems,5)">
						<control type="image">
							<description>Icon</description>
							<left>50</left>
							<top>4</top>
							<width>43</width>
							<height>43</height>
							<texture>$INFO[ListItem.Icon]</texture>
						</control>
						<control type="label">
							<left>120</left>
							<width>330</width>
							<height>45</height>
							<font>font30</font>
							<aligny>center</aligny>
							<textcolor>white2</textcolor>
							<align>left</align>
							<info>ListItem.Label</info>
						</control>
					</itemlayout>
					<focusedlayout height="52" width="450" condition="Integer.IsLessOrEqual(Container(9000).NumItems,5)">
						<control type="image">
							<description>Button focus</description>
							<left>30</left>
							<width>397</width>
							<height>50</height>
							<texture>buttons/button.png</texture>
							<animation effect="slide" start="0,-52" time="200" tween="sine" easing="out" condition="Container(9000).OnNext" reversible="false">Focus</animation>
							<animation effect="slide" start="0,52" time="200" tween="sine" easing="out" condition="Container(9000).OnPrevious" reversible="false">Focus</animation>
							<animation effect="fade" start="100" end="25" time="200" condition="!Control.HasFocus(9000) + !Control.HasFocus(9050)">Conditional</animation>
							<animation effect="fade" start="100" end="0" time="200" condition="Control.HasFocus(9050)">Conditional</animation>
							<visible>!Control.HasFocus(9050)</visible>
						</control>
						<control type="image">
							<description>Icon</description>
							<left>50</left>
							<top>4</top>
							<width>43</width>
							<height>43</height>
							<texture>$INFO[ListItem.Icon]</texture>
							<animation effect="slide" end="ButtonSlideBackDistance,0" time="ButtonSlideBackTime" reversible="false">focus</animation>
						</control>
						<control type="label">
							<left>120</left>
							<width>330</width>
							<height>45</height>
							<font>font30</font>
							<aligny>center</aligny>
							<textcolor>white</textcolor>
							<align>left</align>
							<label>$INFO[ListItem.Label]</label>
							<animation effect="slide" end="ButtonSlideBackDistance,0" time="ButtonSlideBackTime" reversible="false">focus</animation>
						</control>
						<control type="image">
							<description>Button shine animation</description>
							<left>20</left>
							<top>3</top>
							<width>80</width>
							<height>50</height>
							<texture>shine-animation.png</texture>
							<visible>System.IdleTime(5) + Control.HasFocus(9000)</visible>
							<animation type="visible" reversible="false">
								<effect type="fade" start="0" end="100" time="200"/>
								<effect type="fade" start="100" end="0" delay="800" time="200"/>
								<effect type="slide" start="0,0" end="350,0" delay="0" time="1000"/>
							</animation>
						</control>
					</focusedlayout>
					<itemlayout height="42" width="450" condition="Integer.IsGreater(Container(9000).NumItems,5)">
						<control type="image">
							<description>Icon</description>
							<left>50</left>
							<top>2</top>
							<width>38</width>
							<height>38</height>
							<texture>$INFO[ListItem.Icon]</texture>
						</control>
						<control type="label">
							<left>120</left>
							<width>330</width>
							<height>38</height>
							<font>font30</font>
							<aligny>center</aligny>
							<textcolor>white2</textcolor>
							<align>left</align>
							<info>ListItem.Label</info>
						</control>
					</itemlayout>
					<focusedlayout height="42" width="450" condition="Integer.IsGreater(Container(9000).NumItems,5)">
						<control type="image">
							<description>Button focus</description>
							<left>30</left>
							<width>397</width>
							<height>42</height>
							<texture>buttons/button.png</texture>
							<animation effect="slide" start="0,-42" time="200" tween="sine" easing="out" condition="Container(9000).OnNext" reversible="false">Focus</animation>
							<animation effect="slide" start="0,42" time="200" tween="sine" easing="out" condition="Container(9000).OnPrevious" reversible="false">Focus</animation>
							<animation effect="fade" start="100" end="25" time="200" condition="!Control.HasFocus(9000) + !Control.HasFocus(9050)">Conditional</animation>
							<animation effect="fade" start="100" end="0" time="200" condition="Control.HasFocus(9050)">Conditional</animation>
							<visible>!Control.HasFocus(9050)</visible>
						</control>
						<control type="image">
							<description>Icon</description>
							<left>50</left>
							<top>2</top>
							<width>38</width>
							<height>38</height>
							<texture>$INFO[ListItem.Icon]</texture>
							<animation effect="slide" end="ButtonSlideBackDistance,0" time="ButtonSlideBackTime" reversible="false">focus</animation>
						</control>
						<control type="label">
							<left>120</left>
							<width>330</width>
							<height>38</height>
							<font>font30</font>
							<aligny>center</aligny>
							<textcolor>white</textcolor>
							<align>left</align>
							<label>$INFO[ListItem.Label]</label>
							<animation effect="slide" end="ButtonSlideBackDistance,0" time="ButtonSlideBackTime" reversible="false">focus</animation>
						</control>
						<control type="image">
							<description>Button shine animation</description>
							<left>20</left>
							<top>5</top>
							<width>80</width>
							<height>40</height>
							<texture>shine-animation.png</texture>
							<visible>System.IdleTime(5) + Control.HasFocus(9000)</visible>
							<animation type="visible" reversible="false">
								<effect type="fade" start="0" end="100" time="200"/>
								<effect type="fade" start="100" end="0" delay="800" time="200"/>
								<effect type="slide" start="0,0" end="350,0" delay="0" time="1000"/>
							</animation>
						</control>
					</focusedlayout>
					<content>
						<item id="1">
							<label>3</label>
							<onclick>ActivateWindow(Videos,return)</onclick>
							<icon>button_icons/icon-videos.png</icon>
							<visible>!Skin.HasSetting(MediaBlade_HideVideos)</visible>
						</item>
						<item id="2">
							<label>342</label>
							<onclick>ActivateWindow(Videos,movietitles,return)</onclick>
							<icon>button_icons/icon-movies.png</icon>
							<visible>Library.HasContent(Movies) + !Skin.HasSetting(MediaBlade_HideMovies)</visible>
						</item>
						<item id="3">
							<label>20343</label>
							<onclick>ActivateWindow(Videos,tvshowtitles,return)</onclick>
							<icon>button_icons/icon-tv.png</icon>
							<visible>Library.HasContent(TVShows) + !Skin.HasSetting(MediaBlade_HideTVShows)</visible>
						</item>
						<item id="6">
							<label>2</label>
							<onclick condition="!Library.HasContent(Music)">ActivateWindow(Music,sources://music/,return)</onclick>
							<onclick condition="Library.HasContent(Music)">ActivateWindow(Music,return)</onclick>
							<icon>button_icons/icon-music.png</icon>
							<visible>!Skin.HasSetting(MediaBlade_HideMusic)</visible>
						</item>
						<item id="8">
							<label>19020</label>
							<onclick>ActivateWindow(TVChannels)</onclick>
							<icon>button_icons/icon-pvrtv.png</icon>
							<visible>!Skin.HasSetting(MediaBlade_HideTV) + System.HasPVRAddon</visible>
						</item>
						<item id="9">
							<label>19021</label>
							<onclick>ActivateWindow(RadioChannels)</onclick>
							<icon>button_icons/icon-pvrradio.png</icon>
							<visible>!Skin.HasSetting(MediaBlade_HideRadio) + System.HasPVRAddon</visible>
						</item>
						<item id="7">
							<label>1</label>
							<onclick>ActivateWindow(Pictures)</onclick>
							<icon>button_icons/icon-pictures.png</icon>
							<visible>!Skin.HasSetting(MediaBlade_HidePictures)</visible>
						</item>
					</content>
				</control>
				<control type="list" id="9100">
					<left>475</left>
					<width>450</width>
					<height>204</height>
					<onleft>9000</onleft>
					<onright condition="!Skin.HasSetting(Blades_HideWidgets) + Container(9000).HasFocus(2)">501</onright>
					<onright condition="!Skin.HasSetting(Blades_HideWidgets) + Container(9000).HasFocus(3)">505</onright>
					<onright condition="!Skin.HasSetting(Blades_HideWidgets) + Container(9000).HasFocus(6)">509</onright>
					<onright condition="!Skin.HasSetting(Blades_HideWidgets) + Container(9000).HasFocus(8)">513</onright>
					<onright condition="!Skin.HasSetting(Blades_HideWidgets) + Container(9000).HasFocus(9)">517</onright>
					<onright condition="Skin.HasSetting(Blades_HideWidgets) | ![Container(9000).HasFocus(2) + Container(9000).HasFocus(3) + Container(9000).HasFocus(6) + Container(9000).HasFocus(8) + Container(9000).HasFocus(8)]">2</onright>
					<onup>9050</onup>
					<ondown condition="!Skin.HasSetting(Blades_HideWidgets) + Container(9000).HasFocus(2)">501</ondown>
					<ondown condition="!Skin.HasSetting(Blades_HideWidgets) + Container(9000).HasFocus(3)">505</ondown>
					<ondown condition="!Skin.HasSetting(Blades_HideWidgets) + Container(9000).HasFocus(6)">509</ondown>
					<ondown condition="!Skin.HasSetting(Blades_HideWidgets) + Container(9000).HasFocus(8)">513</ondown>
					<ondown condition="!Skin.HasSetting(Blades_HideWidgets) + Container(9000).HasFocus(9)">517</ondown>
					<ondown condition="Skin.HasSetting(Blades_HideWidgets) | ![Container(9000).HasFocus(2) + Container(9000).HasFocus(3) + Container(9000).HasFocus(6) + Container(9000).HasFocus(8) + Container(9000).HasFocus(8)]">9100</ondown>
					<viewtype label="535">list</viewtype>
					<pagecontrol>60</pagecontrol>
					<scrolltime>200</scrolltime>
					<animation effect="slide" end="0,-30" condition="Integer.IsGreater(Container(9000).NumItems,5)">Conditional</animation>
					<itemlayout height="34" width="450">
						<control type="image">
							<description>Icon</description>
							<left>40</left>
							<top>1</top>
							<width>32</width>
							<height>32</height>
							<texture>$INFO[ListItem.Icon]</texture>
						</control>
						<control type="label">
							<left>100</left>
							<width>340</width>
							<height>32</height>
							<font>font13</font>
							<aligny>center</aligny>
							<textcolor>white2</textcolor>
							<align>left</align>
							<info>ListItem.Label</info>
						</control>
					</itemlayout>
					<focusedlayout height="34" width="450">
						<control type="image">
							<description>Button focus</description>
							<left>20</left>
							<width>397</width>
							<height>34</height>
							<texture>buttons/button.png</texture>
							<animation effect="slide" start="0,-34" time="200" tween="sine" easing="out" condition="Container(9100).OnNext" reversible="false">Focus</animation>
							<animation effect="slide" start="0,34" time="200" tween="sine" easing="out" condition="Container(9100).OnPrevious" reversible="false">Focus</animation>
							<animation effect="fade" start="100" end="0" time="200" condition="!Control.HasFocus(9100)">Conditional</animation>
							<visible>!Control.HasFocus(9050) + !Control.HasFocus(9000)</visible>
						</control>
						<control type="image">
							<description>Icon</description>
							<left>40</left>
							<top>1</top>
							<width>32</width>
							<height>32</height>
							<texture>$INFO[ListItem.Icon]</texture>
							<animation effect="slide" end="ButtonSlideBackDistance,0" time="ButtonSlideBackTime" reversible="false">focus</animation>
						</control>
						<control type="label">
							<left>100</left>
							<width>340</width>
							<height>32</height>
							<font>font13</font>
							<aligny>center</aligny>
							<textcolor>white</textcolor>
							<align>left</align>
							<label>$INFO[ListItem.Label]</label>
							<animation effect="slide" end="ButtonSlideBackDistance,0" time="ButtonSlideBackTime" reversible="false">focus</animation>
						</control>
						<control type="image">
							<description>Button shine animation</description>
							<top>1</top>
							<width>80</width>
							<height>32</height>
							<texture>shine-animation.png</texture>
							<visible>System.IdleTime(5) + Control.HasFocus(9100)</visible>
							<animation type="visible" reversible="false">
								<effect type="fade" start="0" end="100" time="200"/>
								<effect type="fade" start="100" end="0" delay="800" time="200"/>
								<effect type="slide" start="0,0" end="350,0" delay="0" time="1000"/>
							</animation>
						</control>
					</focusedlayout>
					<content>
						<item>
							<label>1214</label>
							<onclick condition="Container(9000).HasFocus(1)">ActivateWindow(Videos,Files,Return)</onclick>
							<onclick condition="Container(9000).HasFocus(6)">ActivateWindow(Music,sources://music/,Return)</onclick>
							<icon>DefaultFile.png</icon>
							<visible>Container(9000).HasFocus(1) | [Container(9000).HasFocus(6) + !Library.HasContent(Music)]</visible>
						</item>
						<item>
							<label>14022</label>
							<onclick condition="Container(9000).HasFocus(1)">ActivateWindow(Videos,Return)</onclick>
							<onclick condition="Container(9000).HasFocus(6)">ActivateWindow(Music,Return)</onclick>
							<icon>DefaultVideo.png</icon>
							<visible>Container(9000).HasFocus(1) | [Container(9000).HasFocus(6) + Library.HasContent(Music)]</visible>
						</item>
						<item>
							<label>20389</label>
							<onclick condition="Library.HasContent(MusicVideos)">ActivateWindow(Videos,videodb://musicvideos/titles/,Return)</onclick>
							<onclick condition="!Library.HasContent(MusicVideos)">ActivateWindow(Videos,sources://video/,return)</onclick>
							<icon>DefaultMusicVideos.png</icon>
							<visible>Container(9000).HasFocus(1)</visible>
						</item>
						<item>
							<label>132</label>
							<onclick>ActivateWindow(Music,musicdb://albums/,Return)</onclick>
							<icon>DefaultMusicAlbums.png</icon>
							<visible>Container(9000).HasFocus(6)</visible>
						</item>
						<item>
							<label>134</label>
							<onclick>ActivateWindow(Music,musicdb://songs/,Return)</onclick>
							<icon>DefaultMusicSongs.png</icon>
							<visible>Container(9000).HasFocus(6)</visible>
						</item>
						<item>
							<label>133</label>
							<onclick>ActivateWindow(Music,musicdb://artists/,Return)</onclick>
							<icon>DefaultMusicArtists.png</icon>
							<visible>Container(9000).HasFocus(6)</visible>
						</item>
						<item>
							<label>136</label>
							<onclick condition="Container(9000).HasFocus(1)">ActivateWindow(Videos,Playlists,Return)</onclick>
							<onclick condition="Container(9000).HasFocus(6)">ActivateWindow(Music,special://musicplaylists/,Return)</onclick>
							<icon>DefaultPlaylist.png</icon>
							<visible>Container(9000).HasFocus(1) | Container(9000).HasFocus(6)</visible>
						</item>
						<item>
							<label>24001</label>
							<onclick condition="Container(9000).HasFocus(1)">ActivateWindow(Videos,Addons,Return)</onclick>
							<onclick condition="Container(9000).HasFocus(6)">ActivateWindow(Music,Addons,Return)</onclick>
							<onclick condition="Container(9000).HasFocus(7)">ActivateWindow(Pictures,Addons,Return)</onclick>
							<icon>DefaultAddon.png</icon>
							<visible>Container(9000).HasFocus(1) | Container(9000).HasFocus(6) | Container(9000).HasFocus(7)</visible>
						</item>
						<item>
							<label>589</label>
							<onclick>PlayerControl(Partymode(video))</onclick>
							<icon>DefaultPartyMode.png</icon>
							<visible>Container(9000).HasFocus(1) + !System.HasMediaDVD</visible>
						</item>
						<item>
							<label>341</label>
							<onclick>PlayDisc(DVD)</onclick>
							<icon>DefaultDVDRom.png</icon>
							<visible>Container(9000).HasFocus(1) + System.HasMediaDVD</visible>
						</item>
						<item>
							<label>135</label>
							<onclick condition="Container(9000).HasFocus(2)">ActivateWindow(Videos,videodb://movies/genres/,Return)</onclick>
							<onclick condition="Container(9000).HasFocus(3)">ActivateWindow(Videos,videodb://tvshows/genres/,Return)</onclick>
							<icon>DefaultGenre.png</icon>
							<visible>Container(9000).HasFocus(2) | Container(9000).HasFocus(3)</visible>
						</item>
						<item>
							<label>652</label>
							<onclick condition="Container(9000).HasFocus(2)">ActivateWindow(Videos,videodb://movies/years/,Return)</onclick>
							<onclick condition="Container(9000).HasFocus(3)">ActivateWindow(Videos,videodb://tvshows/years/,Return)</onclick>
							<icon>DefaultYear.png</icon>
							<visible>Container(9000).HasFocus(2) | Container(9000).HasFocus(3)</visible>
						</item>
						<item>
							<label>344</label>
							<onclick condition="Container(9000).HasFocus(2)">ActivateWindow(Videos,videodb://movies/actors/,Return)</onclick>
							<onclick condition="Container(9000).HasFocus(3)">ActivateWindow(Videos,videodb://tvshows/actors/,Return)</onclick>
							<icon>DefaultUser.png</icon>
							<visible>Container(9000).HasFocus(2) | Container(9000).HasFocus(3)</visible>
						</item>
						<item>
							<label>20348</label>
							<onclick>ActivateWindow(Videos,videodb://movies/directors/,Return)</onclick>
							<icon>DefaultDirector.png</icon>
							<visible>Container(9000).HasFocus(2)</visible>
						</item>
						<item>
							<label>20451</label>
							<onclick>ActivateWindow(Videos,videodb://movies/countries/,Return)</onclick>
							<icon>DefaultCountry.png</icon>
							<visible>Container(9000).HasFocus(2)</visible>
						</item>
						<item>
							<label>20434</label>
							<onclick>ActivateWindow(Videos,videodb://movies/sets/,Return)</onclick>
							<icon>DefaultSets.png</icon>
							<visible>Container(9000).HasFocus(2)</visible>
						</item>
						<item>
							<label>20388</label>
							<onclick>ActivateWindow(Videos,videodb://tvshows/studios/,Return)</onclick>
							<icon>DefaultStudios.png</icon>
							<visible>Container(9000).HasFocus(3)</visible>
						</item>
						<item>
							<label>20387</label>
							<onclick>ActivateWindow(Videos,videodb://recentlyaddedepisodes/,Return)</onclick>
							<icon>DefaultRecentlyAddedEpisodes.png</icon>
							<visible>Container(9000).HasFocus(3)</visible>
						</item>
						<item>
							<label>626</label>
							<onclick>ActivateWindow(Videos,videodb://inprogresstvshows/,Return)</onclick>
							<icon>DefaultInProgressShows.png</icon>
							<visible>Container(9000).HasFocus(3)</visible>
						</item>
						<item>
							<label>14301</label>
							<onclick condition="Container(9000).HasFocus(8)">ActivateWindow(TVChannels)</onclick>
							<onclick condition="Container(9000).HasFocus(9)">ActivateWindow(RadioChannels)</onclick>
							<icon>DefaultAddon.png</icon>
							<visible>Container(9000).HasFocus(8) | Container(9000).HasFocus(9)</visible>
						</item>
						<item>
							<label>22020</label>
							<onclick condition="Container(9000).HasFocus(8)">ActivateWindow(TVGuide)</onclick>
							<onclick condition="Container(9000).HasFocus(9)">ActivateWindow(RadioGuide)</onclick>
							<icon>DefaultAddon.png</icon>
							<visible>Container(9000).HasFocus(8) | Container(9000).HasFocus(9)</visible>
						</item>
						<item>
							<label>19163</label>
							<onclick condition="Container(9000).HasFocus(8)">ActivateWindow(TVRecordings)</onclick>
							<onclick condition="Container(9000).HasFocus(9)">ActivateWindow(RadioRecordings)</onclick>
							<icon>DefaultAddon.png</icon>
							<visible>Container(9000).HasFocus(8) | Container(9000).HasFocus(9)</visible>
						</item>
						<item>
							<label>19138</label>
							<onclick condition="Container(9000).HasFocus(8)">ActivateWindow(TVTimerRules)</onclick>
							<onclick condition="Container(9000).HasFocus(9)">ActivateWindow(RadioTimerRules)</onclick>
							<icon>DefaultAddon.png</icon>
							<visible>Container(9000).HasFocus(8) | Container(9000).HasFocus(9)</visible>
						</item>
						<item>
							<label>19040</label>
							<onclick condition="Container(9000).HasFocus(8)">ActivateWindow(TVTimers)</onclick>
							<onclick condition="Container(9000).HasFocus(9)">ActivateWindow(RadioTimers)</onclick>
							<icon>DefaultAddon.png</icon>
							<visible>Container(9000).HasFocus(8) | Container(9000).HasFocus(9)</visible>
						</item>
						<item>
							<label>137</label>
							<onclick condition="Container(9000).HasFocus(8)">ActivateWindow(TVSearch)</onclick>
							<onclick condition="Container(9000).HasFocus(9)">ActivateWindow(RadioSearch)</onclick>
							<icon>DefaultAddon.png</icon>
							<visible>Container(9000).HasFocus(8) | Container(9000).HasFocus(9)</visible>
						</item>
						<item>
							<label>10040</label>
							<onclick>Skin.SetString(SubBladeType,media)</onclick>
							<onclick>ActivateWindow(addonbrowser,addons://user/xbmc.addon.image/,return)</onclick>
							<icon>DefaultAddon.png</icon>
							<visible>Container(9000).HasFocus(7)</visible>
						</item>
						<item>
							<label>31315</label>
							<onclick>Skin.SetString(SubBladeType,media)</onclick>
							<onclick>ActivateWindow(addonbrowser,addons://all/xbmc.addon.image/,return)</onclick>
							<icon>DefaultAddon.png</icon>
							<visible>Container(9000).HasFocus(7)</visible>
						</item>
					</content>
				</control>
				<include>MediaInfoCard</include>
				<include content="HomeWidget" condition="Library.HasContent(Movies) + !Skin.HasSetting(Blades_HideWidgets)">
					<param name="visible" value="Container(9000).HasFocus(2)" />
					<param name="left" value="40" />
					<param name="header" value="20382" />
					<param name="id" value="501" />
					<param name="label" value="$INFO[Container(501).ListItem.Title]" />
					<param name="thumb" value="$INFO[Container(501).ListItem.Art(poster)]" />
					<param name="onleft" value="9000" />
					<param name="onright" value="502" />
					<param name="target" value="video" />
					<param name="content" value="videodb://movies/titles/?xsp=%7B%22rules%22%3A%7B%22and%22%3A%5B%7B%22field%22%3A%22playcount%22%2C%22operator%22%3A%22is%22%2C%22value%22%3A%220%22%7D%5D%7D%2C%22type%22%3A%22movies%22%7D" />
					<param name="sortby" value="dateadded" />
				</include>
				<include content="HomeWidget" condition="Library.HasContent(Movies) + !Skin.HasSetting(Blades_HideWidgets)">
					<param name="visible" value="Container(9000).HasFocus(2)" />
					<param name="left" value="255" />
					<param name="header" value="31542" />
					<param name="id" value="502" />
					<param name="label" value="$INFO[Container(502).ListItem.Title]" />
					<param name="thumb" value="$INFO[Container(502).ListItem.Art(poster)]" />
					<param name="onleft" value="501" />
					<param name="onright" value="503" />
					<param name="target" value="video" />
					<param name="content" value="videodb://movies/titles/?xsp=%7b%22rules%22%3a%7b%22and%22%3a%5b%7b%22field%22%3a%22inprogress%22%2c%22operator%22%3a%22true%22%2c%22value%22%3a%5b%5d%7d%5d%7d%2c%22type%22%3a%22movies%22%7d" />
					<param name="sortby" value="lastplayed" />
				</include>
				<include content="HomeWidget" condition="Library.HasContent(Movies) + !Skin.HasSetting(Blades_HideWidgets)">
					<param name="visible" value="Container(9000).HasFocus(2)" />
					<param name="left" value="470" />
					<param name="header" value="$VAR[MovieWidget3Label]" />
					<param name="id" value="503" />
					<param name="label" value="$INFO[Container(503).ListItem.Title]" />
					<param name="thumb" value="$INFO[Container(503).ListItem.Art(poster)]" />
					<param name="onleft" value="502" />
					<param name="onright" value="504" />
					<param name="target" value="video" />
					<param name="content" value="$VAR[MovieWidget3Content]" />
					<param name="sortby" value="$VAR[MovieWidgetSortby]" />
				</include>
				<include content="HomeWidget" condition="Library.HasContent(Movies) + !Skin.HasSetting(Blades_HideWidgets)">
					<param name="visible" value="Container(9000).HasFocus(2)" />
					<param name="left" value="685" />
					<param name="header" value="$VAR[MovieWidget4Label]" />
					<param name="id" value="504" />
					<param name="label" value="$INFO[Container(504).ListItem.Title]" />
					<param name="thumb" value="$INFO[Container(504).ListItem.Art(poster)]" />
					<param name="onleft" value="503" />
					<param name="onright" value="9000" />
					<param name="target" value="video" />
					<param name="content" value="$VAR[MovieWidget4Content]" />
					<param name="sortby" value="$VAR[MovieWidgetSortby]" />
				</include>
				<include content="HomeWidget" condition="Library.HasContent(TVShows) + !Skin.HasSetting(Blades_HideWidgets)">
					<param name="visible" value="Container(9000).HasFocus(3)" />
					<param name="left" value="245" />
					<param name="header" value="20382" />
					<param name="id" value="505" />
					<param name="label" value="$INFO[Container(505).ListItem.Label]" />
					<param name="thumb" value="$INFO[Container(505).ListItem.Art(thumb)]" />
					<param name="onleft" value="9000" />
					<param name="onright" value="506" />
					<param name="target" value="video" />
					<param name="content" value="videodb://tvshows/titles/-1/-1/-1/-1/?xsp=%7B%22rules%22%3A%7B%22and%22%3A%5B%7B%22field%22%3A%22playcount%22%2C%22operator%22%3A%22is%22%2C%22value%22%3A%220%22%7D%5D%7D%2C%22type%22%3A%22episodes%22%7D" />
					<param name="sortby" value="dateadded" />
				</include>
				<include content="HomeWidget" condition="Library.HasContent(TVShows) + !Skin.HasSetting(Blades_HideWidgets)">
					<param name="visible" value="Container(9000).HasFocus(3)" />
					<param name="left" value="490" />
					<param name="header" value="31542" />
					<param name="id" value="506" />
					<param name="label" value="$INFO[Container(506).ListItem.Label]" />
					<param name="thumb" value="$INFO[Container(506).ListItem.Art(thumb)]" />
					<param name="onleft" value="505" />
					<param name="onright" value="9000" />
					<param name="target" value="video" />
					<param name="content" value="plugin://script.embuary.helper/?info=getnextup" />
					<param name="sortby" value="dateadded" />
				</include>
				<include content="HomeWidget" condition="Library.HasContent(Music) + !Skin.HasSetting(Blades_HideWidgets)">
					<param name="visible" value="Container(9000).HasFocus(6)" />
					<param name="left" value="117" />
					<param name="header" value="359" />
					<param name="id" value="509" />
					<param name="label" value="$INFO[Container(509).ListItem.Album]" />
					<param name="thumb" value="$INFO[Container(509).ListItem.Art(thumb)]" />
					<param name="onleft" value="9000" />
					<param name="onright" value="510" />
					<param name="target" value="music" />
					<param name="content" value="musicdb://albums/" />
					<param name="sortby" value="dateadded" />
				</include>
				<include content="HomeWidget" condition="Library.HasContent(Music) + !Skin.HasSetting(Blades_HideWidgets)">
					<param name="visible" value="Container(9000).HasFocus(6)" />
					<param name="left" value="362.5" />
					<param name="header" value="517" />
					<param name="id" value="510" />
					<param name="label" value="$INFO[Container(510).ListItem.Album]" />
					<param name="thumb" value="$INFO[Container(510).ListItem.Art(thumb)]" />
					<param name="onleft" value="509" />
					<param name="onright" value="511" />
					<param name="target" value="music" />
					<param name="content" value="musicdb://albums/?xsp=%7B%22rules%22%3A%7B%22and%22%3A%5B%7B%22field%22%3A%22playcount%22%2C%22operator%22%3A%22greaterthan%22%2C%22value%22%3A%220%22%7D%5D%7D%2C%22type%22%3A%22albums%22%7D" />
					<param name="sortby" value="playcount" />
				</include>
				<include content="HomeWidget" condition="Library.HasContent(Music) + !Skin.HasSetting(Blades_HideWidgets)">
					<param name="visible" value="Container(9000).HasFocus(6)" />
					<param name="left" value="608" />
					<param name="header" value="31501" />
					<param name="id" value="511" />
					<param name="label" value="$INFO[Container(511).ListItem.Album]" />
					<param name="thumb" value="$INFO[Container(511).ListItem.Art(thumb)]" />
					<param name="onleft" value="510" />
					<param name="onright" value="9000" />
					<param name="target" value="music" />
					<param name="content" value="$VAR[HomeRandomAlbums]" />
					<param name="sortby" value="random" />
				</include>
				<include content="HomeWidget" condition="!Skin.HasSetting(Blades_HideWidgets) + System.HasPVRAddon">
					<param name="visible" value="Container(9000).HasFocus(8)" />
					<param name="left" value="40" />
					<param name="header" value="31249" />
					<param name="id" value="513" />
					<param name="label" value="$INFO[Container(513).ListItem.Label]" />
					<param name="thumb" value="$INFO[Container(513).ListItem.Icon]" />
					<param name="onleft" value="9000" />
					<param name="onright" value="514" />
					<param name="target" value="tvguide" />
					<param name="content" value="pvr://channels/tv/*?view=lastplayed" />
					<param name="sortby" value="lastplayed" />
				</include>
				<include content="HomeWidget" condition="!Skin.HasSetting(Blades_HideWidgets) + System.HasPVRAddon">
					<param name="visible" value="Container(9000).HasFocus(8)" />
					<param name="left" value="255" />
					<param name="header" value="19163" />
					<param name="id" value="514" />
					<param name="label" value="$INFO[Container(514).ListItem.Label]" />
					<param name="thumb" value="$INFO[Container(514).ListItem.Icon]" />
					<param name="onleft" value="513" />
					<param name="onright" value="515" />
					<param name="target" value="video" />
					<param name="content" value="pvr://recordings/tv/active?view=flat" />
					<param name="sortby" value="name" />
				</include>
				<include content="HomeWidget" condition="!Skin.HasSetting(Blades_HideWidgets) + System.HasPVRAddon">
					<param name="visible" value="Container(9000).HasFocus(8)" />
					<param name="left" value="470" />
					<param name="header" value="19040" />
					<param name="id" value="515" />
					<param name="label" value="$INFO[Container(515).ListItem.Label]" />
					<param name="thumb" value="$INFO[Container(515).ListItem.Icon]" />
					<param name="onleft" value="514" />
					<param name="onright" value="516" />
					<param name="target" value="tvtimers" />
					<param name="content" value="pvr://timers/tv/timers/?view=hidedisabled" />
					<param name="sortby" value="name" />
				</include>
				<include content="HomeWidget" condition="!Skin.HasSetting(Blades_HideWidgets) + System.HasPVRAddon">
					<param name="visible" value="Container(9000).HasFocus(8)" />
					<param name="left" value="685" />
					<param name="header" value="19019" />
					<param name="id" value="516" />
					<param name="label" value="$INFO[Container(516).ListItem.Label]" />
					<param name="thumb" value="$INFO[Container(516).ListItem.Icon]" />
					<param name="onleft" value="515" />
					<param name="onright" value="9000" />
					<param name="target" value="tvguide" />
					<param name="content" value="pvr://channels/tv/*" />
					<param name="sortby" value="name" />
				</include>
				<include content="HomeWidget" condition="!Skin.HasSetting(Blades_HideWidgets) + System.HasPVRAddon">
					<param name="visible" value="Container(9000).HasFocus(9)" />
					<param name="left" value="40" />
					<param name="header" value="31249" />
					<param name="id" value="517" />
					<param name="label" value="$INFO[Container(517).ListItem.Label]" />
					<param name="thumb" value="$INFO[Container(517).ListItem.Icon]" />
					<param name="onleft" value="9000" />
					<param name="onright" value="518" />
					<param name="target" value="radioguide" />
					<param name="content" value="pvr://channels/radio/*?view=lastplayed" />
					<param name="sortby" value="lastplayed" />
				</include>
				<include content="HomeWidget" condition="!Skin.HasSetting(Blades_HideWidgets) + System.HasPVRAddon">
					<param name="visible" value="Container(9000).HasFocus(9)" />
					<param name="left" value="255" />
					<param name="header" value="19163" />
					<param name="id" value="518" />
					<param name="label" value="$INFO[Container(518).ListItem.Label]" />
					<param name="thumb" value="$INFO[Container(518).ListItem.Icon]" />
					<param name="onleft" value="517" />
					<param name="onright" value="519" />
					<param name="content" value="pvr://recordings/radio/active?view=flat" />
					<param name="sortby" value="name" />
				</include>
				<include content="HomeWidget" condition="!Skin.HasSetting(Blades_HideWidgets) + System.HasPVRAddon">
					<param name="visible" value="Container(9000).HasFocus(9)" />
					<param name="left" value="470" />
					<param name="header" value="19040" />
					<param name="id" value="519" />
					<param name="label" value="$INFO[Container(519).ListItem.Label]" />
					<param name="thumb" value="$INFO[Container(519).ListItem.Icon]" />
					<param name="onleft" value="518" />
					<param name="onright" value="520" />
					<param name="target" value="radiotimers" />
					<param name="content" value="pvr://timers/radio/timers/?view=hidedisabled" />
					<param name="sortby" value="name" />
				</include>
				<include content="HomeWidget" condition="!Skin.HasSetting(Blades_HideWidgets) + System.HasPVRAddon">
					<param name="visible" value="Container(9000).HasFocus(9)" />
					<param name="left" value="685" />
					<param name="header" value="19019" />
					<param name="id" value="520" />
					<param name="label" value="$INFO[Container(520).ListItem.Label]" />
					<param name="thumb" value="$INFO[Container(520).ListItem.Icon]" />
					<param name="onleft" value="519" />
					<param name="onright" value="9000" />
					<param name="target" value="radioguide" />
					<param name="content" value="pvr://channels/radio/*" />
					<param name="sortby" value="name" />
				</include>
			</control>
			<include condition="System.GetBool(LookAndFeel.EnableRSSFeeds)">CommonRSSFeed</include>
		</control>

		<include content="BlankBladeSlideRight">
			<param name="id" value="1" />
			<param name="action" value="ActivateWindow(1111)" />
		</include>
		<include content="BlankBladeSlideLeft">
			<param name="id" value="2" />
			<param name="action" value="ActivateWindow(Settings)" />
		</include>
		<control type="group">
			<visible>!Control.HasFocus(1) + !Control.HasFocus(2)</visible>
			<!-- Left side -->
			<include content="BladesImagesLeft">
				<param name="texture" value="blades-size2-left-NF.png" />
			</include>
			<control type="label">
				<description>weather Label</description>
				<label>31004</label>
				<left>90</left>
				<top>200</top>
				<include>BladesLabelLeft</include>
			</control>
			<control type="image">
				<left>50</left>
				<top>-40</top>
				<width>115</width>
				<height>800</height>
				<texture>blades-size3-left-NF.png</texture>
			</control>
			<control type="label">
				<description>Applications Label</description>
				<label>31002</label>
				<left>140</left>
				<top>190</top>
				<include>BladesLabelLeft</include>
			</control>
			<control type="image">
				<left>100</left>
				<top>-40</top>
				<width>115</width>
				<height>800</height>
				<texture>blades-size4-header.png</texture>
			</control>
			<control type="label">
				<description>Media Label</description>
				<label>31001</label>
				<left>188</left>
				<top>170</top>
				<include>BladesLabelLeft</include>
			</control>
			<!-- Right side -->
			<include content="BladesImagesRight">
				<param name="texture" value="blades-size3-right-NF.png" />
			</include>
			<control type="label">
				<description>System Label</description>
				<label>31003</label>
				<left>48r</left>
				<top>190</top>
				<width>200</width>
				<include>BladesLabelRight</include>
			</control>
		</control>

		<control type="group">
			<description>Application Blades</description>
			<visible>Control.HasFocus(1)</visible>
			<!-- Left side -->
			<include content="BladesImagesLeft">
				<param name="texture" value="blades-size3-left-NF.png" />
			</include>
			<control type="label">
				<description>weather Label</description>
				<label>31004</label>
				<left>88</left>
				<top>190</top>
				<include>BladesLabelLeft</include>
			</control>
			<control type="image">
				<left>50</left>
				<top>-40</top>
				<width>115</width>
				<height>800</height>
				<texture>blades-size4-header.png</texture>
			</control>
			<control type="label">
				<description>Applications Label</description>
				<label>31002</label>
				<left>140</left>
				<top>170</top>
				<include>BladesLabelLeft</include>
			</control>
			<!-- Right side -->
			<include content="BladesImagesRight">
				<param name="texture" value="blades-size2-right-NF.png" />
			</include>
			<control type="label">
				<description>System Label</description>
				<label>31003</label>
				<left>48r</left>
				<top>200</top>
				<width>200</width>
				<include>BladesLabelRight</include>
			</control>
			<control type="image">
				<left>165r</left>
				<top>-40</top>
				<width>115</width>
				<height>800</height>
				<texture>blades-size3-right-NF.png</texture>
				<visible>Control.HasFocus(1)</visible>
				<animation effect="fade" time="HomeBladeAnimationSpeed">visible</animation>
			</control>
			<control type="label">
				<description>Media Label</description>
				<label>31001</label>
				<left>99r</left>
				<top>190</top>
				<include>BladesLabelRight</include>
				<visible>Control.HasFocus(1)</visible>
				<animation effect="fade" time="HomeBladeAnimationSpeed">visible</animation>
			</control>
		</control>

		<control type="group">
			<description>System Blades</description>
			<visible>Control.HasFocus(2)</visible>
			<!-- Left side -->
			<include content="BladesImagesLeft">
				<param name="texture" value="blades-size1-left-NF.png" />
			</include>
			<control type="label">
				<description>weather Label</description>
				<label>31004</label>
				<left>90</left>
				<top>210</top>
				<include>BladesLabelLeft</include>
			</control>
			<control type="image">
				<left>50</left>
				<top>-40</top>
				<width>115</width>
				<height>800</height>
				<texture>blades-size2-left-NF.png</texture>
			</control>
			<control type="label">
				<description>Apps Label</description>
				<label>31002</label>
				<left>142</left>
				<top>200</top>
				<include>BladesLabelLeft</include>
			</control>
			<control type="image">
				<left>100</left>
				<top>-40</top>
				<width>115</width>
				<height>800</height>
				<texture>blades-size3-left-NF.png</texture>
			</control>
			<control type="label">
				<description>Media Label</description>
				<label>31001</label>
				<left>188</left>
				<top>190</top>
				<include>BladesLabelLeft</include>
			</control>
			<control type="image">
				<left>150</left>
				<top>-40</top>
				<width>115</width>
				<height>800</height>
				<texture>blades-size4-header.png</texture>
				<visible>Control.HasFocus(2)</visible>
				<animation effect="fade" time="HomeBladeAnimationSpeed">visible</animation>
			</control>
			<control type="label">
				<description>System Label</description>
				<label>31003</label>
				<left>238</left>
				<top>170</top>
				<width>200</width>
				<include>BladesLabelLeft</include>
				<visible>Control.HasFocus(2)</visible>
				<animation effect="fade" time="HomeBladeAnimationSpeed">visible</animation>
			</control>
			<!-- Right side -->
			<control type="image">
				<left>55r</left>
				<top>-40</top>
				<width>180</width>
				<height>800</height>
				<texture>blades-runner-right.png</texture>
			</control>
		</control>
		<include>Common_Now_Playing</include>
		<include>BackgroundDim</include>
	</controls>	
</window>