<?xml version="1.0" encoding="UTF-8"?>
<window>
	<defaultcontrol always="true">50</defaultcontrol>
	<menucontrol>9000</menucontrol>
	<views>50,52</views>
	<controls>
		<include>CommonMediaBackgrounds</include>
		<control type="group">
			<left>130</left>
			<animation effect="fade" delay="500" time="HomeVisibleFadeAnimationSpeed">WindowOpen</animation>
			<animation effect="fade" start="0" end="0" time="0">WindowClose</animation>
			<control type="label">
				<description>Header label</description>
				<label>$VAR[BreadcrumbsPlaylistsVar][COLOR=grey2]$VAR[SortLetterNotificationVar][/COLOR]</label>
				<include>HeaderTextCommons</include>
			</control>
			<control type="group">
				<left>0</left>
				<top>110</top>
				<include>ListViewCommons</include> <!-- View ID 50 -->
				<include>ThumbnailView</include> <!-- View ID 52 -->
			</control>
		</control>
		<include>BackgroundDim</include>
		<control type="group" id="9000">
			<include>Container9000BladesRunner</include>
			<control type="grouplist" id="610">
				<include content="Container9000Header">
					<param name="left" value="100" />
					<param name="top" value="100" />
				</include>
				<control type="button" id="2">
					<description>View As button</description>
					<include>ButtonCommonValues</include>
				</control>
				<control type="radiobutton" id="20">
					<description>Shuffle button</description>
					<left>2</left>
					<include>ButtonCommonValues</include>
					<label>191</label>
				</control>
				<control type="button" id="26">
					<description>Repeat button</description>
					<left>5</left>
					<label />
					<include>ButtonCommonValues</include>
				</control>
				<control type="button" id="21">
					<description>Save</description>
					<left>7</left>
					<include>ButtonCommonValues</include>
					<label>190</label>
				</control>
				<control type="button" id="22">
					<description>Clear button</description>
					<left>9</left>
					<label>192</label>
					<onclick>ReplaceWindow(Video)</onclick>
					<include>ButtonCommonValues</include>
				</control>
			</control>
			<include content="CommonPlayerControls">
				<param name="left" value="100" />
				<param name="top" value="140" />
			</include>
		</control>
		<include>AllViewCommonPageControls</include>
		<control type="group">
			<include>MediaToSubBlades</include>
		</control>
		<include>Common_Now_Playing</include>
	</controls>
</window>