<?xml version="1.0" encoding="UTF-8"?>
<window>
	<defaultcontrol always="true">50</defaultcontrol>
	<menucontrol>9000</menucontrol>
	<views>50,52,53,54,55</views>
	<controls>
		<include>CommonMediaBackgrounds</include>
		<include>MovieSetContainer</include>
		<control type="group">
			<left>130</left>
			<animation effect="fade" delay="500" time="HomeVisibleFadeAnimationSpeed">WindowOpen</animation>
			<animation effect="fade" start="0" end="0" time="0">WindowClose</animation>
			<control type="label">
				<description>Header label</description>
				<label>$VAR[BreadcrumbsVideoVar][COLOR=grey2]$VAR[SortLetterNotificationVar][/COLOR]</label>
				<include>HeaderTextCommons</include>
			</control>
			<control type="group">
				<top>110</top>
				<include>ListViewCommons</include> <!-- View ID 50 -->
				<include>ThumbnailView</include> <!-- View ID 52 -->
				<include>WideIconView</include> <!-- View ID  53 -->
				<include>PosterWrapView</include> <!-- View ID 54 -->
				<include>ThumbnailInfoView</include> <!-- View ID 55 -->
			</control>
			<control type="grouplist">
				<description>Media Codec Flagging Images</description>
				<left>-10</left>
				<top>120r</top>
				<width>620</width>
				<itemgap>5</itemgap>
				<orientation>horizontal</orientation>
				<include>VideoCodecFlagging</include>
				<include>AudioCodecFlagging</include>
				<include>VideoTypeHackFlaggingConditions</include>
				<include>AspectCodecFlagging</include>
			</control>
		</control>
		<include>BackgroundDim</include>
		<control type="group" id="9000">
			<include>Container9000BladesRunner</include>
			<control type="grouplist" id="610">
				<include content="Container9000Header">
					<param name="left" value="100" />
					<param name="top" value="100" />
				</include>
				<control type="button" id="2">
					<description>View As button</description>
					<include>ButtonCommonValues</include>
				</control>
				<control type="button" id="3">
					<description>Sort by button</description>
					<left>2</left>
					<label>103</label>
					<include>ButtonCommonValues</include>
				</control>
				<control type="togglebutton" id="4">
					<description>Sort asc</description>
					<include>SortAscendingButton</include>
				</control>
				<control type="button" id="10">
					<description>Watched Toggle</description>
					<left>7</left>
					<include>ButtonCommonValues</include>
					<label />
				</control>
				<control type="button" id="8">
					<description>Search</description>
					<left>9</left>
					<include>ButtonCommonValues</include>
					<label>137</label>
				</control>
				<control type="radiobutton" id="19">
					<description>Filter</description>
					<left>8</left>
					<include>ButtonCommonValues</include>
					<label>587</label>
					<selected>Container.Filtered</selected>
					<visible>Container.CanFilter + !Container.CanFilterAdvanced</visible>
				</control>
				<control type="radiobutton" id="9001">
					<description>Filter Advanced</description>
					<left>8</left>
					<include>ButtonCommonValues</include>
					<label>587</label>
					<onclick>Filter</onclick>
					<selected>Container.Filtered</selected>
					<visible>Container.CanFilterAdvanced</visible>
				</control>
				<control type="togglebutton" id="20">
					<description>Update library</description>
					<left>7</left>
					<include>ButtonCommonValues</include>
					<label>$LOCALIZE[653]</label>
					<altlabel>$LOCALIZE[13353]</altlabel>
					<alttexturefocus border="4,6,4,8">buttons/button-focus.png</alttexturefocus>
					<alttexturenofocus border="4,6,4,8">buttons/button-nofocus.png</alttexturenofocus>
					<usealttexture>library.isscanningvideo</usealttexture>
				</control>
				<control type="radiobutton" id="16">
					<description>PartyMode</description>
					<left>6</left>
					<include>ButtonCommonValues</include>
					<label>589</label>
				</control>
				<control type="radiobutton" id="11">
					<description>Unlock Shares</description>
					<left>4</left>
					<include>ButtonCommonValues</include>
					<label>20336</label>
					<onclick>MasterMode</onclick>
					<selected>system.ismaster</selected>
					<visible>System.HasLocks</visible>
				</control>
			</control>
			<include content="CommonPlayerControls">
				<param name="left" value="100" />
				<param name="top" value="140" />
			</include>
		</control>
		<include>AllViewCommonPageControls</include>
		<control type="group">
			<include condition="Skin.String(SubBladeType,apps)">AppsToSubBlades</include>
			<include condition="!Skin.String(SubBladeType,apps)">MediaToSubBlades</include>
		</control>
		<include>Common_Now_Playing</include>
	</controls>
</window>
