<?xml version="1.0" encoding="UTF-8"?>
<window>
	<defaultcontrol>10</defaultcontrol>
	<coordinates>
		<system>1</system>
		<left>235</left>
		<top>125</top>
	</coordinates>
	<include>dialogeffect</include>
	<controls>
		<control type="image">
			<description>Dialog Back</description>
			<width>810</width>
			<height>470</height>
			<texture border="50,100,50,50">dialogs/Dialog.png</texture>
		</control>
		<control type="label" id="2">
			<description>Heading label</description>
			<left>50</left>
			<top>50</top>
			<width>710</width>
			<height>30</height>
			<align>center</align>
			<font>font16</font>
			<textcolor>orange</textcolor>
			<shadowcolor>black</shadowcolor>
		</control>
		<control type="label" id="4">
			<description>List label</description>
			<left>50</left>
			<top>100</top>
			<width>710</width>
			<height>30</height>
			<align>center</align>
			<aligny>center</aligny>
			<font>font10</font>
			<textcolor>white</textcolor>
			<shadowcolor>black</shadowcolor>
		</control>
		<control type="list" id="10">
			<left>50</left>
			<top>140</top>
			<width>500</width>
			<height>225</height>
			<onup>9001</onup>
			<onleft>9000</onleft>
			<onright>9000</onright>
			<ondown>9001</ondown>
			<scrolltime>200</scrolltime>
			<itemlayout height="45">
				<control type="image">
					<width>500</width>
					<height>45</height>
					<texture border="10">buttons/list-nofocus.png</texture>
				</control>
				<control type="label">
					<left>10</left>
					<width>490</width>
					<height>45</height>
					<font>font13</font>
					<aligny>center</aligny>
					<selectedcolor>orange</selectedcolor>
					<info>ListItem.Label</info>
				</control>
			</itemlayout>
			<focusedlayout height="45">
				<control type="image">
					<width>500</width>
					<height>45</height>
					<visible>!Control.HasFocus(10)</visible>
					<texture border="10">buttons/list-nofocus.png</texture>
				</control>
				<control type="image">
					<width>500</width>
					<height>45</height>
					<visible>Control.hasfocus(14) | Control.HasFocus(10)</visible>
					<texture border="10">buttons/list-focus.png</texture>
				</control>
				<control type="label">
					<left>10</left>
					<width>490</width>
					<height>45</height>
					<font>font13</font>
					<aligny>center</aligny>
					<selectedcolor>orange</selectedcolor>
					<info>ListItem.Label</info>
					<visible>![Control.hasfocus(14) + Control.HasFocus(10)]</visible>
				</control>
				<control type="label">
					<left>10</left>
					<width>490</width>
					<height>45</height>
					<font>font13</font>
					<aligny>center</aligny>
					<selectedcolor>orange</selectedcolor>
					<info>ListItem.Label</info>
					<visible>Control.hasfocus(14) | Control.HasFocus(10)</visible>
				</control>
			</focusedlayout>
		</control>
		<control type="grouplist" id="9000">
			<left>560</left>
			<top>140</top>
			<onup>18</onup>
			<ondown>9001</ondown>
			<onleft>10</onleft>
			<onright>10</onright>
			<itemgap>0</itemgap>
			<orientation>vertical</orientation>
			<control type="button" id="11">
				<description>Change Set Button</description>
				<include>DialogButton2CommonValues</include>
			</control>
			<control type="button" id="13">
				<description>Add Button</description>
				<label>15019</label>
				<include>DialogButton2CommonValues</include>
			</control>
			<control type="button" id="14">
				<description>Remove Button</description>
				<label>1210</label>
				<include>DialogButton2CommonValues</include>
			</control>
		</control>
		<control type="grouplist" id="9001">
			<left>203</left>
			<top>375</top>
			<width>404</width>
			<align>center</align>
			<itemgap>2</itemgap>
			<orientation>horizontal</orientation>
			<onup>9000</onup>
			<onleft>20</onleft>
			<onright>20</onright>
			<ondown>10</ondown>
			<control type="button" id="18">
				<description>Ok Button</description>
				<label>186</label>
				<include>DialogButton2CommonValues</include>
			</control>
			<control type="button" id="19">
				<description>Cancel Button</description>
				<label>222</label>
				<include>DialogButton2CommonValues</include>
			</control>
		</control>
	</controls>
</window>