<?xml version="1.0" encoding="UTF-8"?>
<window>
	<defaultcontrol>8</defaultcontrol>
	<controls>
		<control type="videowindow" id="20">
			<description>videowindow</description>
			<width>1280</width>
			<height>720</height>
		</control>
		<control type="mover" id="8">
			<description>top left mover</description>
			<texturefocus>calibrate-topleft-focus.png</texturefocus>
			<texturenofocus>calibrate-topleft.png</texturenofocus>
		</control>
		<control type="mover" id="9">
			<description>right bottom mover</description>
			<left>700</left>
			<top>500</top>
			<texturefocus>calibrate-bottomright-focus.png</texturefocus>
			<texturenofocus>calibrate-bottomright.png</texturenofocus>
		</control>
		<control type="mover" id="10">
			<description>subtitle position mover</description>
			<left>200</left>
			<top>500</top>
			<texturefocus>calibrate-subtitles-focus.png</texturefocus>
			<texturenofocus>calibrate-subtitles.png</texturenofocus>
		</control>
		<control type="resize" id="11">
			<description>pixel aspect ratio box</description>
			<top>270</top>
			<width>288</width>
			<height>288</height>
			<texturefocus>calibrate-pixelratio-focus.png</texturefocus>
			<texturenofocus>calibrate-pixelratio.png</texturenofocus>
		</control>
		<control type="group">
			<left>0</left>
			<top>60</top>
			<control type="image" id="1">
				<width>1280</width>
				<height>80</height>
				<colordiffuse>BBFFFFFF</colordiffuse>
				<texture border="0,10,0,10">volume-panel-bg.png</texture>
			</control>
			<control type="label" id="2">
				<description>coordinates label</description>
				<top>10</top>
				<width>1280</width>
				<label />
				<align>center</align>
				<font>font13</font>
			</control>
			<control type="label" id="3">
				<description>help information</description>
				<top>40</top>
				<width>1280</width>
				<label />
				<align>center</align>
				<font>font13</font>
			</control>
		</control>
	</controls>
</window>