<!-- CYAN COLOR SET BY CDTV -->
<colors>
        <!-- CONFLUENCE LITE COLORS -->
	<color name="white">FFffffff</color>
	<color name="grey">FFb4b4b4</color>
	<color name="grey2">88FFFFFF</color>
    <color name="grey2+">FF5e5e5e</color>
	<color name="grey3">FF505050</color>
	<color name="grey4">17FFFFFF</color>
	<color name="black">FF000000</color>
	<color name="blue">ff84ffff</color>
	<color name="selected">ff64ffda</color>
	<color name="dialogheader">FF4D94FE</color>
    <color name="orange">ff73c2fb</color>
    <color name="invalid">FF807FFE</color>
	<color name="selected+">ff23729b</color>
</colors>
