<colors>
	<color name="rcb_background">FF0E597E</color>
	<color name="rcb_background_diffuse">37FFFFFF</color>
	<color name="rcb_background_diffuse_dialog_open">AA000000</color>
	
	<color name="rcb_panel_slide">FF000000</color>
	<color name="rcb_panel_list">AAFFFFFF</color>
	<color name="rcb_panel_list_transp">AA333333</color>
	<color name="rcb_panel_info">AAFFFFFF</color>
	<color name="rcb_panel_dialog">FFFFFFFF</color>
	<color name="rcb_panel_dialog_text">00FFFFFF</color>
	<color name="rcb_panel_dialog_header">FFFFFFFF</color>	
	
	<color name="rcb_scrollbar_background">FFFFFFFF</color>
	<color name="rcb_scrollbar_nofocus">FFFFFFFF</color>
	<color name="rcb_scrollbar_focus">FF0084ff</color>
	<color name="rcb_scroll_up_nofocus">AAFFFFFF</color>
	<color name="rcb_scroll_up_focus">FFFFFFFF</color>
	
	<color name="rcb_button_nofocus">FF111111</color>
	<color name="rcb_button_focus">FFFFFFFF</color>
	<color name="rcb_menuitem_nofocus">FFFFFFFF</color>
	<color name="rcb_menuitem_focus">FFFFFFFF</color>
	<color name="rcb_thumb_border">FFFFFFFF</color>
	<color name="rcb_radiobutton_on_focus">FFFFFFFF</color>
	<color name="rcb_radiobutton_off_focus">FFFFFFFF</color>
	<color name="rcb_radiobutton_on_nofocus">FFFFFFFF</color>
	<color name="rcb_radiobutton_off_nofocus">FFFFFFFF</color>
	<color name="rcb_radiobutton_on_focus_dialog">FFFFFFFF</color>
	<color name="rcb_radiobutton_off_focus_dialog">FFFFFFFF</color>
	<color name="rcb_radiobutton_on_nofocus_dialog">FFFFFFFF</color>
	<color name="rcb_radiobutton_off_nofocus_dialog">FFFFFFFF</color>
	<color name="rcb_button_highlight">FF0084ff</color>
	<color name="rcb_button_nofocus_dialog">FFFFFFFF</color>
	<color name="rcb_button_focus_dialog">FFFFFFFF</color>
	<color name="rcb_menuitem_nofocus_dialog">FFFFFFFF</color>
	<color name="rcb_menuitem_focus_dialog">FFFFFFFF</color>
	<color name="rcb_button_category_nofocus">FF111111</color>
	<color name="rcb_button_category_focus">FFFFFFFF</color>
	
	<color name="rcb_text_menuitem_nofocus">FFb4b4b4</color>
	<color name="rcb_text_menuitem_focus">FFFFFFFF</color>
	<color name="rcb_text_label">FF0084ff</color>
	<color name="rcb_text_value">FFFFFFFF</color>
	<color name="rcb_text_heading">FF0084ff</color>
	<color name="rcb_text_button_nofocus">FFFFFFFF</color>
	<color name="rcb_text_button_focus">FFFFFFFF</color>
	<color name="rcb_text_button_disabled">80FFFFFF</color>
	<color name="rcb_text_shadow">FF000000</color>
	<color name="rcb_text_dialog_header">FFEB9E17</color>
	<color name="rcb_text_menuitem_nofocus_dialog">FFb4b4b4</color>
	<color name="rcb_text_menuitem_focus_dialog">FFFFFFFF</color>
	<color name="rcb_text_button_nofocus_dialog">FFFFFFFF</color>
	<color name="rcb_text_button_focus_dialog">FFFFFFFF</color>
</colors>