<?xml version="1.0" encoding="UTF-8"?>
<window type="dialog" id="1108">
	<visible>!Skin.HasSetting(fTVSetup)</visible>
	<onload>Skin.SetString(1000-WidgetAction-1,ActivateWindow(Videos,special://skin/extras/video/InProgressTVShows.xsp,return))</onload>
	<onload>Skin.SetString(1000-WidgetAction-2,ActivateWindow(Videos,special://skin/extras/video/InProgressMovies.xsp,return))</onload>
	<onload>Skin.SetString(1000-WidgetAction-3,ActivateWindow(Videos,special://skin/extras/video/RecentlyAddedMovies.xsp,return))</onload>
	<onload>Skin.SetString(1000-WidgetAction-4,ActivateWindow(Videos,special://skin/extras/video/RecentlyUpdatedTVShows.xsp,return))</onload>
	<onload>Skin.SetString(1000-WidgetLabel-1,$LOCALIZE[31177])</onload>
	<onload>Skin.SetString(1000-WidgetLabel-2,$LOCALIZE[31169])</onload>
	<onload>Skin.SetString(1000-WidgetLabel-3,$LOCALIZE[31167])</onload>
	<onload>Skin.SetString(1000-WidgetLabel-4,$LOCALIZE[31175])</onload>
	<onload>Skin.SetString(1000-WidgetList-1,special://skin/extras/video/InProgressTVShows.xsp)</onload>
	<onload>Skin.SetString(1000-WidgetList-2,special://skin/extras/video/InProgressMovies.xsp)</onload>
	<onload>Skin.SetString(1000-WidgetList-3,special://skin/extras/video/RecentlyAddedMovies.xsp)</onload>
	<onload>Skin.SetString(1000-WidgetList-4,special://skin/extras/video/RecentlyUpdatedTVShows.xsp)</onload>
	<onload>Skin.SetString(1000-WidgetStyle-1,Poster)</onload>
	<onload>Skin.SetString(1000-WidgetStyle-2,Poster)</onload>
	<onload>Skin.SetString(1000-WidgetStyle-3,Poster)</onload>
	<onload>Skin.SetString(1000-WidgetStyle-4,Poster)</onload>
	<onload>Skin.SetString(1000-WidgetType-1,tvshow)</onload>
	<onload>Skin.SetString(1000-WidgetType-2,movie)</onload>
	<onload>Skin.SetString(1000-WidgetType-3,movie)</onload>
	<onload>Skin.SetString(1000-WidgetType-4,tvshow)</onload>
	<onload>Skin.SetString(2000-WidgetAction-1,ActivateWindow(Videos,special://skin/extras/video/RecentlyAddedMovies.xsp,return))</onload>
	<onload>Skin.SetString(2000-WidgetAction-2,ActivateWindow(Videos,special://skin/extras/video/InProgressMovies.xsp,return))</onload>
	<onload>Skin.SetString(2000-WidgetAction-3,ActivateWindow(Videos,special://skin/extras/video/YourMovies.xsp,return))</onload>
	<onload>Skin.SetString(2000-WidgetAction-4,ActivateWindow(Videos,special://skin/extras/video/KidsMovies.xsp,return))</onload>
	<onload>Skin.SetString(2000-WidgetAction-5,ActivateWindow(Videos,special://skin/extras/video/TopRatedMovies.xsp,return))</onload>
	<onload>Skin.SetString(2000-WidgetLabel-1,$LOCALIZE[31167])</onload>
	<onload>Skin.SetString(2000-WidgetLabel-2,$LOCALIZE[31169])</onload>
	<onload>Skin.SetString(2000-WidgetLabel-3,$LOCALIZE[31168])</onload>
	<onload>Skin.SetString(2000-WidgetLabel-4,$LOCALIZE[31170])</onload>
	<onload>Skin.SetString(2000-WidgetLabel-5,$LOCALIZE[31174])</onload>
	<onload>Skin.SetString(2000-WidgetList-1,special://skin/extras/video/RecentlyAddedMovies.xsp)</onload>
	<onload>Skin.SetString(2000-WidgetList-2,special://skin/extras/video/InProgressMovies.xsp)</onload>
	<onload>Skin.SetString(2000-WidgetList-3,special://skin/extras/video/YourMovies.xsp)</onload>
	<onload>Skin.SetString(2000-WidgetList-4,special://skin/extras/video/KidsMovies.xsp)</onload>
	<onload>Skin.SetString(2000-WidgetList-5,special://skin/extras/video/TopRatedMovies.xsp)</onload>
	<onload>Skin.SetString(2000-WidgetStyle-1,Poster)</onload>
	<onload>Skin.SetString(2000-WidgetStyle-2,Poster)</onload>
	<onload>Skin.SetString(2000-WidgetStyle-3,Poster)</onload>
	<onload>Skin.SetString(2000-WidgetStyle-4,Poster)</onload>
	<onload>Skin.SetString(2000-WidgetStyle-5,Poster)</onload>
	<onload>Skin.SetString(2000-WidgetType-1,movie)</onload>
	<onload>Skin.SetString(2000-WidgetType-2,movie)</onload>
	<onload>Skin.SetString(2000-WidgetType-3,movie)</onload>
	<onload>Skin.SetString(2000-WidgetType-4,movie)</onload>
	<onload>Skin.SetString(2000-WidgetType-5,movie)</onload>
	<onload>Skin.SetString(3000-WidgetAction-1,ActivateWindow(Videos,special://skin/extras/video/RecentlyUpdatedTVShows.xsp,return))</onload>
	<onload>Skin.SetString(3000-WidgetAction-2,ActivateWindow(Videos,special://skin/extras/video/InProgressTVShows.xsp,return))</onload>
	<onload>Skin.SetString(3000-WidgetAction-3,ActivateWindow(Videos,special://skin/extras/video/YourTVShows.xsp,return))</onload>
	<onload>Skin.SetString(3000-WidgetAction-4,ActivateWindow(Videos,special://skin/extras/video/KidsTVShows.xsp,return))</onload>
	<onload>Skin.SetString(3000-WidgetAction-5,ActivateWindow(Videos,special://skin/extras/video/TopRatedTVShows.xsp,return))</onload>
	<onload>Skin.SetString(3000-WidgetLabel-1,$LOCALIZE[31175])</onload>
	<onload>Skin.SetString(3000-WidgetLabel-2,$LOCALIZE[31177])</onload>
	<onload>Skin.SetString(3000-WidgetLabel-3,$LOCALIZE[31176])</onload>
	<onload>Skin.SetString(3000-WidgetLabel-4,$LOCALIZE[31178])</onload>
	<onload>Skin.SetString(3000-WidgetLabel-5,$LOCALIZE[31182])</onload>
	<onload>Skin.SetString(3000-WidgetList-1,special://skin/extras/video/RecentlyUpdatedTVShows.xsp)</onload>
	<onload>Skin.SetString(3000-WidgetList-2,special://skin/extras/video/InProgressTVShows.xsp)</onload>
	<onload>Skin.SetString(3000-WidgetList-3,special://skin/extras/video/YourTVShows.xsp)</onload>
	<onload>Skin.SetString(3000-WidgetList-4,special://skin/extras/video/KidsTVShows.xsp)</onload>
	<onload>Skin.SetString(3000-WidgetList-5,special://skin/extras/video/TopRatedTVShows.xsp)</onload>
	<onload>Skin.SetString(3000-WidgetStyle-1,Poster)</onload>
	<onload>Skin.SetString(3000-WidgetStyle-2,Poster)</onload>
	<onload>Skin.SetString(3000-WidgetStyle-3,Poster)</onload>
	<onload>Skin.SetString(3000-WidgetStyle-4,Poster)</onload>
	<onload>Skin.SetString(3000-WidgetStyle-5,Poster)</onload>
	<onload>Skin.SetString(3000-WidgetType-1,tvshow)</onload>
	<onload>Skin.SetString(3000-WidgetType-2,tvshow)</onload>
	<onload>Skin.SetString(3000-WidgetType-3,tvshow)</onload>
	<onload>Skin.SetString(3000-WidgetType-4,tvshow)</onload>
	<onload>Skin.SetString(3000-WidgetType-5,tvshow)</onload>
	<onload>Skin.SetString(4000-WidgetAction-1,ActivateWindow(Videos,addons://sources/video/,return))</onload>
	<onload>Skin.SetString(4000-WidgetLabel-1,$LOCALIZE[31223])</onload>
	<onload>Skin.SetString(4000-WidgetList-1,addons://sources/video/)</onload>
	<onload>Skin.SetString(4000-WidgetType-1,video)</onload>
	<onload>Skin.SetString(5000-WidgetAction-1,ActivateWindow(Music,musicdb://recentlyplayedalbums/,return))</onload>
	<onload>Skin.SetString(5000-WidgetAction-2,ActivateWindow(Music,musicdb://recentlyaddedalbums/,return))</onload>
	<onload>Skin.SetString(5000-WidgetAction-3,ActivateWindow(Music,special://skin/extras/music/YourAlbums.xsp,return))</onload>
	<onload>Skin.SetString(5000-WidgetAction-4,ActivateWindow(Music,special://skin/extras/music/YourArtists.xsp,return))</onload>
	<onload>Skin.SetString(5000-WidgetLabel-1,$LOCALIZE[31183])</onload>
	<onload>Skin.SetString(5000-WidgetLabel-2,$LOCALIZE[31185])</onload>
	<onload>Skin.SetString(5000-WidgetLabel-3,$LOCALIZE[31184])</onload>
	<onload>Skin.SetString(5000-WidgetLabel-4,$LOCALIZE[31186])</onload>
	<onload>Skin.SetString(5000-WidgetList-1,musicdb://recentlyplayedalbums/)</onload>
	<onload>Skin.SetString(5000-WidgetList-2,musicdb://recentlyaddedalbums/)</onload>
	<onload>Skin.SetString(5000-WidgetList-3,special://skin/extras/music/YourAlbums.xsp)</onload>
	<onload>Skin.SetString(5000-WidgetList-4,special://skin/extras/music/YourArtists.xsp)</onload>
	<onload>Skin.SetString(5000-WidgetType-1,music)</onload>
	<onload>Skin.SetString(5000-WidgetType-2,music)</onload>
	<onload>Skin.SetString(5000-WidgetType-3,music)</onload>
	<onload>Skin.SetString(5000-WidgetType-4,music)</onload>
	<onload>Skin.SetString(6000-WidgetAction-1,ActivateWindow(Programs,addons://sources/game/,return))</onload>
	<onload>Skin.SetString(6000-WidgetLabel-1,$LOCALIZE[10821])</onload>
	<onload>Skin.SetString(6000-WidgetList-1,addons://sources/game/)</onload>
	<onload>Skin.SetString(7000-WidgetAction-1,ActivateWindow(Programs,addons://sources/executable/,return))</onload>
	<onload>Skin.SetString(7000-WidgetLabel-1,$LOCALIZE[31103])</onload>
	<onload>Skin.SetString(7000-WidgetList-1,addons://sources/executable/)</onload>
	<onload>Skin.SetString(8000-WidgetAction-1,ActivateWindow(Pictures,addons://sources/image/,return))</onload>
	<onload>Skin.SetString(8000-WidgetLabel-1,$LOCALIZE[31224])</onload>
	<onload>Skin.SetString(8000-WidgetList-1,addons://sources/image/)</onload>
	<onload>Skin.SetString(skinshortcuts-sharedmenu,true)</onload>
	<onload>Skin.SetString(skinshortcuts-widget-1,widget1)</onload>
	<onload>Skin.SetString(skinshortcuts-widget-2,widget2)</onload>
	<onload>Skin.SetString(skinshortcuts-widget-3,widget3)</onload>
	<onload>Skin.SetString(skinshortcuts-widget-4,favourites)</onload>
	<onload>Skin.SetString(skinshortcuts-widget-5,widget4)</onload>
	<onload>Skin.SetString(skinshortcuts-widget-6,widget5)</onload>
	<onload>Skin.SetString(skinshortcuts-widget-7,widget6)</onload>
	<onload>Skin.SetString(skinshortcuts-widget-8,widget7)</onload>
	<onload>Skin.SetString(skinshortcuts-widget-9,weather)</onload>
	<onload>Skin.SetBool(skinshortcuts-widget-favourites)</onload>
	<onload>Skin.SetBool(skinshortcuts-widget-weather)</onload>
	<onload>Skin.SetBool(skinshortcuts-widget-widget1)</onload>
	<onload>Skin.SetBool(skinshortcuts-widget-widget2)</onload>
	<onload>Skin.SetBool(skinshortcuts-widget-widget3)</onload>
	<onload>Skin.SetBool(skinshortcuts-widget-widget4)</onload>
	<onload>Skin.SetBool(skinshortcuts-widget-widget5)</onload>
	<onload>Skin.SetBool(skinshortcuts-widget-widget6)</onload>
	<onload>Skin.SetBool(skinshortcuts-widget-widget7)</onload>
	<onload>Skin.SetBool(TomatoMeterAllCritics)</onload>
	<onload>Skin.SetBool(US)</onload>
	<onload>Skin.SetBool(fTVSetup)</onload>
	<controls/>
</window>
