<?xml version="1.0" encoding="UTF-8"?>
<window>
	<!-- movieinformation -->
	<defaultcontrol always="true">8</defaultcontrol>
	<onload>Control.Move(5000,$INFO[Container(5000).CurrentItem,-])</onload>
	<onload>Control.Move(5000,1)</onload>
	<onload>Control.Move(500,$INFO[Container(500).CurrentItem,-])</onload>
	<onload>Control.Move(500,1)</onload>
	<onload>Control.Move(50,$INFO[Container(50).CurrentItem,-])</onload>
	<onload>Control.Move(50,1)</onload>
	<onload condition="System.HasAddon(script.tvtunes)">RunScript(script.tvtunes,backend=True)</onload>
	<onunload>ClearProperty(Similar,home)</onunload>
	<onunload>SetFocus(50)</onunload>
	<animation effect="fade" end="100" start="100" time="200">WindowClose</animation>
	<controls>
		<include condition="!System.HasAddon(script.embuary.info)">Includes_Dialog_Movie_Information_Default</include>
		<include condition="System.HasAddon(script.embuary.info)">Includes_Dialog_Movie_Information_Extra</include>
	</controls>
</window>
