<?xml version="1.0" encoding="utf-8"?>
<includes>
	<!-- Video Info Cast List -->
	<include name="VideoInfoCastList">
		<control id="50" type="list">
			<top>-10</top>
			<width>10</width>
			<height>1</height>
			<viewtype label="">list</viewtype>
			<orientation>horizontal</orientation>
			<itemlayout height="1" width="1"/>
			<focusedlayout height="1" width="1"/>
		</control>
	</include>
	<!-- Video Info Cast -->
	<include name="VideoInfoCast">
		<content>
			<item>
				<label>$INFO[Container(50).ListItemNoWrap(0).Label]</label>
				<label2>$INFO[Container(50).ListItemNoWrap(0).Label2]</label2>
				<icon>$INFO[Container(50).ListItemNoWrap(0).Icon]</icon>
				<visible>!String.IsEmpty(Container(50).ListItemNoWrap(0).Label)</visible>
			</item>
			<item>
				<label>$INFO[Container(50).ListItemNoWrap(1).Label]</label>
				<label2>$INFO[Container(50).ListItemNoWrap(1).Label2]</label2>
				<icon>$INFO[Container(50).ListItemNoWrap(1).Icon]</icon>
				<visible>!String.IsEmpty(Container(50).ListItemNoWrap(1).Label)</visible>
			</item>
			<item>
				<label>$INFO[Container(50).ListItemNoWrap(2).Label]</label>
				<label2>$INFO[Container(50).ListItemNoWrap(2).Label2]</label2>
				<icon>$INFO[Container(50).ListItemNoWrap(2).Icon]</icon>
				<visible>!String.IsEmpty(Container(50).ListItemNoWrap(2).Label)</visible>
			</item>
			<item>
				<label>$INFO[Container(50).ListItemNoWrap(3).Label]</label>
				<label2>$INFO[Container(50).ListItemNoWrap(3).Label2]</label2>
				<icon>$INFO[Container(50).ListItemNoWrap(3).Icon]</icon>
				<visible>!String.IsEmpty(Container(50).ListItemNoWrap(3).Label)</visible>
			</item>
			<item>
				<label>$INFO[Container(50).ListItemNoWrap(4).Label]</label>
				<label2>$INFO[Container(50).ListItemNoWrap(4).Label2]</label2>
				<icon>$INFO[Container(50).ListItemNoWrap(4).Icon]</icon>
				<visible>!String.IsEmpty(Container(50).ListItemNoWrap(4).Label)</visible>
			</item>
			<item>
				<label>$INFO[Container(50).ListItemNoWrap(5).Label]</label>
				<label2>$INFO[Container(50).ListItemNoWrap(5).Label2]</label2>
				<icon>$INFO[Container(50).ListItemNoWrap(5).Icon]</icon>
				<visible>!String.IsEmpty(Container(50).ListItemNoWrap(5).Label)</visible>
			</item>
			<item>
				<label>$INFO[Container(50).ListItemNoWrap(6).Label]</label>
				<label2>$INFO[Container(50).ListItemNoWrap(6).Label2]</label2>
				<icon>$INFO[Container(50).ListItemNoWrap(6).Icon]</icon>
				<visible>!String.IsEmpty(Container(50).ListItemNoWrap(6).Label)</visible>
			</item>
			<item>
				<label>$INFO[Container(50).ListItemNoWrap(7).Label]</label>
				<label2>$INFO[Container(50).ListItemNoWrap(7).Label2]</label2>
				<icon>$INFO[Container(50).ListItemNoWrap(7).Icon]</icon>
				<visible>!String.IsEmpty(Container(50).ListItemNoWrap(7).Label)</visible>
			</item>
			<item>
				<label>$INFO[Container(50).ListItemNoWrap(8).Label]</label>
				<label2>$INFO[Container(50).ListItemNoWrap(8).Label2]</label2>
				<icon>$INFO[Container(50).ListItemNoWrap(8).Icon]</icon>
				<visible>!String.IsEmpty(Container(50).ListItemNoWrap(8).Label)</visible>
			</item>
			<item>
				<label>$INFO[Container(50).ListItemNoWrap(9).Label]</label>
				<label2>$INFO[Container(50).ListItemNoWrap(9).Label2]</label2>
				<icon>$INFO[Container(50).ListItemNoWrap(9).Icon]</icon>
				<visible>!String.IsEmpty(Container(50).ListItemNoWrap(9).Label)</visible>
			</item>
			<item>
				<label>$INFO[Container(50).ListItemNoWrap(10).Label]</label>
				<label2>$INFO[Container(50).ListItemNoWrap(10).Label2]</label2>
				<icon>$INFO[Container(50).ListItemNoWrap(10).Icon]</icon>
				<visible>!String.IsEmpty(Container(50).ListItemNoWrap(10).Label)</visible>
			</item>
			<item>
				<label>$INFO[Container(50).ListItemNoWrap(11).Label]</label>
				<label2>$INFO[Container(50).ListItemNoWrap(11).Label2]</label2>
				<icon>$INFO[Container(50).ListItemNoWrap(11).Icon]</icon>
				<visible>!String.IsEmpty(Container(50).ListItemNoWrap(11).Label)</visible>
			</item>
			<item>
				<label>$INFO[Container(50).ListItemNoWrap(12).Label]</label>
				<label2>$INFO[Container(50).ListItemNoWrap(12).Label2]</label2>
				<icon>$INFO[Container(50).ListItemNoWrap(12).Icon]</icon>
				<visible>!String.IsEmpty(Container(50).ListItemNoWrap(12).Label)</visible>
			</item>
			<item>
				<label>$INFO[Container(50).ListItemNoWrap(13).Label]</label>
				<label2>$INFO[Container(50).ListItemNoWrap(13).Label2]</label2>
				<icon>$INFO[Container(50).ListItemNoWrap(13).Icon]</icon>
				<visible>!String.IsEmpty(Container(50).ListItemNoWrap(13).Label)</visible>
			</item>
			<item>
				<label>$INFO[Container(50).ListItemNoWrap(14).Label]</label>
				<label2>$INFO[Container(50).ListItemNoWrap(14).Label2]</label2>
				<icon>$INFO[Container(50).ListItemNoWrap(14).Icon]</icon>
				<visible>!String.IsEmpty(Container(50).ListItemNoWrap(14).Label)</visible>
			</item>
			<item>
				<label>$INFO[Container(50).ListItemNoWrap(15).Label]</label>
				<label2>$INFO[Container(50).ListItemNoWrap(15).Label2]</label2>
				<icon>$INFO[Container(50).ListItemNoWrap(15).Icon]</icon>
				<visible>!String.IsEmpty(Container(50).ListItemNoWrap(15).Label)</visible>
			</item>
			<item>
				<label>$INFO[Container(50).ListItemNoWrap(16).Label]</label>
				<label2>$INFO[Container(50).ListItemNoWrap(16).Label2]</label2>
				<icon>$INFO[Container(50).ListItemNoWrap(16).Icon]</icon>
				<visible>!String.IsEmpty(Container(50).ListItemNoWrap(16).Label)</visible>
			</item>
			<item>
				<label>$INFO[Container(50).ListItemNoWrap(17).Label]</label>
				<label2>$INFO[Container(50).ListItemNoWrap(17).Label2]</label2>
				<icon>$INFO[Container(50).ListItemNoWrap(17).Icon]</icon>
				<visible>!String.IsEmpty(Container(50).ListItemNoWrap(17).Label)</visible>
			</item>
			<item>
				<label>$INFO[Container(50).ListItemNoWrap(18).Label]</label>
				<label2>$INFO[Container(50).ListItemNoWrap(18).Label2]</label2>
				<icon>$INFO[Container(50).ListItemNoWrap(18).Icon]</icon>
				<visible>!String.IsEmpty(Container(50).ListItemNoWrap(18).Label)</visible>
			</item>
			<item>
				<label>$INFO[Container(50).ListItemNoWrap(19).Label]</label>
				<label2>$INFO[Container(50).ListItemNoWrap(19).Label2]</label2>
				<icon>$INFO[Container(50).ListItemNoWrap(19).Icon]</icon>
				<visible>!String.IsEmpty(Container(50).ListItemNoWrap(19).Label)</visible>
			</item>
			<item>
				<label>$INFO[Container(50).ListItemNoWrap(20).Label]</label>
				<label2>$INFO[Container(50).ListItemNoWrap(20).Label2]</label2>
				<icon>$INFO[Container(50).ListItemNoWrap(20).Icon]</icon>
				<visible>!String.IsEmpty(Container(50).ListItemNoWrap(20).Label)</visible>
			</item>
			<item>
				<label>$INFO[Container(50).ListItemNoWrap(21).Label]</label>
				<label2>$INFO[Container(50).ListItemNoWrap(21).Label2]</label2>
				<icon>$INFO[Container(50).ListItemNoWrap(21).Icon]</icon>
				<visible>!String.IsEmpty(Container(50).ListItemNoWrap(21).Label)</visible>
			</item>
			<item>
				<label>$INFO[Container(50).ListItemNoWrap(22).Label]</label>
				<label2>$INFO[Container(50).ListItemNoWrap(22).Label2]</label2>
				<icon>$INFO[Container(50).ListItemNoWrap(22).Icon]</icon>
				<visible>!String.IsEmpty(Container(50).ListItemNoWrap(22).Label)</visible>
			</item>
			<item>
				<label>$INFO[Container(50).ListItemNoWrap(23).Label]</label>
				<label2>$INFO[Container(50).ListItemNoWrap(23).Label2]</label2>
				<icon>$INFO[Container(50).ListItemNoWrap(23).Icon]</icon>
				<visible>!String.IsEmpty(Container(50).ListItemNoWrap(23).Label)</visible>
			</item>
			<item>
				<label>$INFO[Container(50).ListItemNoWrap(24).Label]</label>
				<label2>$INFO[Container(50).ListItemNoWrap(24).Label2]</label2>
				<icon>$INFO[Container(50).ListItemNoWrap(24).Icon]</icon>
				<visible>!String.IsEmpty(Container(50).ListItemNoWrap(24).Label)</visible>
			</item>
			<item>
				<label>$INFO[Container(50).ListItemNoWrap(25).Label]</label>
				<label2>$INFO[Container(50).ListItemNoWrap(25).Label2]</label2>
				<icon>$INFO[Container(50).ListItemNoWrap(25).Icon]</icon>
				<visible>!String.IsEmpty(Container(50).ListItemNoWrap(25).Label)</visible>
			</item>
			<item>
				<label>$INFO[Container(50).ListItemNoWrap(26).Label]</label>
				<label2>$INFO[Container(50).ListItemNoWrap(26).Label2]</label2>
				<icon>$INFO[Container(50).ListItemNoWrap(26).Icon]</icon>
				<visible>!String.IsEmpty(Container(50).ListItemNoWrap(26).Label)</visible>
			</item>
			<item>
				<label>$INFO[Container(50).ListItemNoWrap(27).Label]</label>
				<label2>$INFO[Container(50).ListItemNoWrap(27).Label2]</label2>
				<icon>$INFO[Container(50).ListItemNoWrap(27).Icon]</icon>
				<visible>!String.IsEmpty(Container(50).ListItemNoWrap(27).Label)</visible>
			</item>
			<item>
				<label>$INFO[Container(50).ListItemNoWrap(28).Label]</label>
				<label2>$INFO[Container(50).ListItemNoWrap(28).Label2]</label2>
				<icon>$INFO[Container(50).ListItemNoWrap(28).Icon]</icon>
				<visible>!String.IsEmpty(Container(50).ListItemNoWrap(28).Label)</visible>
			</item>
			<item>
				<label>$INFO[Container(50).ListItemNoWrap(29).Label]</label>
				<label2>$INFO[Container(50).ListItemNoWrap(29).Label2]</label2>
				<icon>$INFO[Container(50).ListItemNoWrap(29).Icon]</icon>
				<visible>!String.IsEmpty(Container(50).ListItemNoWrap(29).Label)</visible>
			</item>
			<item>
				<label>$INFO[Container(50).ListItemNoWrap(30).Label]</label>
				<label2>$INFO[Container(50).ListItemNoWrap(30).Label2]</label2>
				<icon>$INFO[Container(50).ListItemNoWrap(30).Icon]</icon>
				<visible>!String.IsEmpty(Container(50).ListItemNoWrap(30).Label)</visible>
			</item>
			<item>
				<label>$INFO[Container(50).ListItemNoWrap(31).Label]</label>
				<label2>$INFO[Container(50).ListItemNoWrap(31).Label2]</label2>
				<icon>$INFO[Container(50).ListItemNoWrap(31).Icon]</icon>
				<visible>!String.IsEmpty(Container(50).ListItemNoWrap(31).Label)</visible>
			</item>
			<item>
				<label>$INFO[Container(50).ListItemNoWrap(32).Label]</label>
				<label2>$INFO[Container(50).ListItemNoWrap(32).Label2]</label2>
				<icon>$INFO[Container(50).ListItemNoWrap(32).Icon]</icon>
				<visible>!String.IsEmpty(Container(50).ListItemNoWrap(32).Label)</visible>
			</item>
			<item>
				<label>$INFO[Container(50).ListItemNoWrap(33).Label]</label>
				<label2>$INFO[Container(50).ListItemNoWrap(33).Label2]</label2>
				<icon>$INFO[Container(50).ListItemNoWrap(33).Icon]</icon>
				<visible>!String.IsEmpty(Container(50).ListItemNoWrap(33).Label)</visible>
			</item>
			<item>
				<label>$INFO[Container(50).ListItemNoWrap(34).Label]</label>
				<label2>$INFO[Container(50).ListItemNoWrap(34).Label2]</label2>
				<icon>$INFO[Container(50).ListItemNoWrap(34).Icon]</icon>
				<visible>!String.IsEmpty(Container(50).ListItemNoWrap(34).Label)</visible>
			</item>
			<item>
				<label>$INFO[Container(50).ListItemNoWrap(35).Label]</label>
				<label2>$INFO[Container(50).ListItemNoWrap(35).Label2]</label2>
				<icon>$INFO[Container(50).ListItemNoWrap(35).Icon]</icon>
				<visible>!String.IsEmpty(Container(50).ListItemNoWrap(35).Label)</visible>
			</item>
			<item>
				<label>$INFO[Container(50).ListItemNoWrap(36).Label]</label>
				<label2>$INFO[Container(50).ListItemNoWrap(36).Label2]</label2>
				<icon>$INFO[Container(50).ListItemNoWrap(36).Icon]</icon>
				<visible>!String.IsEmpty(Container(50).ListItemNoWrap(36).Label)</visible>
			</item>
			<item>
				<label>$INFO[Container(50).ListItemNoWrap(37).Label]</label>
				<label2>$INFO[Container(50).ListItemNoWrap(37).Label2]</label2>
				<icon>$INFO[Container(50).ListItemNoWrap(37).Icon]</icon>
				<visible>!String.IsEmpty(Container(50).ListItemNoWrap(37).Label)</visible>
			</item>
			<item>
				<label>$INFO[Container(50).ListItemNoWrap(38).Label]</label>
				<label2>$INFO[Container(50).ListItemNoWrap(38).Label2]</label2>
				<icon>$INFO[Container(50).ListItemNoWrap(38).Icon]</icon>
				<visible>!String.IsEmpty(Container(50).ListItemNoWrap(38).Label)</visible>
			</item>
			<item>
				<label>$INFO[Container(50).ListItemNoWrap(39).Label]</label>
				<label2>$INFO[Container(50).ListItemNoWrap(39).Label2]</label2>
				<icon>$INFO[Container(50).ListItemNoWrap(39).Icon]</icon>
				<visible>!String.IsEmpty(Container(50).ListItemNoWrap(39).Label)</visible>
			</item>
			<item>
				<label>$INFO[Container(50).ListItemNoWrap(40).Label]</label>
				<label2>$INFO[Container(50).ListItemNoWrap(40).Label2]</label2>
				<icon>$INFO[Container(50).ListItemNoWrap(40).Icon]</icon>
				<visible>!String.IsEmpty(Container(50).ListItemNoWrap(40).Label)</visible>
			</item>
			<item>
				<label>$INFO[Container(50).ListItemNoWrap(41).Label]</label>
				<label2>$INFO[Container(50).ListItemNoWrap(41).Label2]</label2>
				<icon>$INFO[Container(50).ListItemNoWrap(41).Icon]</icon>
				<visible>!String.IsEmpty(Container(50).ListItemNoWrap(41).Label)</visible>
			</item>
			<item>
				<label>$INFO[Container(50).ListItemNoWrap(42).Label]</label>
				<label2>$INFO[Container(50).ListItemNoWrap(42).Label2]</label2>
				<icon>$INFO[Container(50).ListItemNoWrap(42).Icon]</icon>
				<visible>!String.IsEmpty(Container(50).ListItemNoWrap(42).Label)</visible>
			</item>
			<item>
				<label>$INFO[Container(50).ListItemNoWrap(43).Label]</label>
				<label2>$INFO[Container(50).ListItemNoWrap(43).Label2]</label2>
				<icon>$INFO[Container(50).ListItemNoWrap(43).Icon]</icon>
				<visible>!String.IsEmpty(Container(50).ListItemNoWrap(43).Label)</visible>
			</item>
			<item>
				<label>$INFO[Container(50).ListItemNoWrap(44).Label]</label>
				<label2>$INFO[Container(50).ListItemNoWrap(44).Label2]</label2>
				<icon>$INFO[Container(50).ListItemNoWrap(44).Icon]</icon>
				<visible>!String.IsEmpty(Container(50).ListItemNoWrap(44).Label)</visible>
			</item>
			<item>
				<label>$INFO[Container(50).ListItemNoWrap(45).Label]</label>
				<label2>$INFO[Container(50).ListItemNoWrap(45).Label2]</label2>
				<icon>$INFO[Container(50).ListItemNoWrap(45).Icon]</icon>
				<visible>!String.IsEmpty(Container(50).ListItemNoWrap(45).Label)</visible>
			</item>
			<item>
				<label>$INFO[Container(50).ListItemNoWrap(46).Label]</label>
				<label2>$INFO[Container(50).ListItemNoWrap(46).Label2]</label2>
				<icon>$INFO[Container(50).ListItemNoWrap(46).Icon]</icon>
				<visible>!String.IsEmpty(Container(50).ListItemNoWrap(46).Label)</visible>
			</item>
			<item>
				<label>$INFO[Container(50).ListItemNoWrap(47).Label]</label>
				<label2>$INFO[Container(50).ListItemNoWrap(47).Label2]</label2>
				<icon>$INFO[Container(50).ListItemNoWrap(47).Icon]</icon>
				<visible>!String.IsEmpty(Container(50).ListItemNoWrap(47).Label)</visible>
			</item>
			<item>
				<label>$INFO[Container(50).ListItemNoWrap(48).Label]</label>
				<label2>$INFO[Container(50).ListItemNoWrap(48).Label2]</label2>
				<icon>$INFO[Container(50).ListItemNoWrap(48).Icon]</icon>
				<visible>!String.IsEmpty(Container(50).ListItemNoWrap(48).Label)</visible>
			</item>
			<item>
				<label>$INFO[Container(50).ListItemNoWrap(49).Label]</label>
				<label2>$INFO[Container(50).ListItemNoWrap(49).Label2]</label2>
				<icon>$INFO[Container(50).ListItemNoWrap(49).Icon]</icon>
				<visible>!String.IsEmpty(Container(50).ListItemNoWrap(49).Label)</visible>
			</item>
			<item>
				<label>$INFO[Container(50).ListItemNoWrap(50).Label]</label>
				<label2>$INFO[Container(50).ListItemNoWrap(50).Label2]</label2>
				<icon>$INFO[Container(50).ListItemNoWrap(50).Icon]</icon>
				<visible>!String.IsEmpty(Container(50).ListItemNoWrap(50).Label)</visible>
			</item>
			<item>
				<label>$INFO[Container(50).ListItemNoWrap(51).Label]</label>
				<label2>$INFO[Container(50).ListItemNoWrap(51).Label2]</label2>
				<icon>$INFO[Container(50).ListItemNoWrap(51).Icon]</icon>
				<visible>!String.IsEmpty(Container(50).ListItemNoWrap(51).Label)</visible>
			</item>
			<item>
				<label>$INFO[Container(50).ListItemNoWrap(52).Label]</label>
				<label2>$INFO[Container(50).ListItemNoWrap(52).Label2]</label2>
				<icon>$INFO[Container(50).ListItemNoWrap(52).Icon]</icon>
				<visible>!String.IsEmpty(Container(50).ListItemNoWrap(52).Label)</visible>
			</item>
			<item>
				<label>$INFO[Container(50).ListItemNoWrap(53).Label]</label>
				<label2>$INFO[Container(50).ListItemNoWrap(53).Label2]</label2>
				<icon>$INFO[Container(50).ListItemNoWrap(53).Icon]</icon>
				<visible>!String.IsEmpty(Container(50).ListItemNoWrap(53).Label)</visible>
			</item>
			<item>
				<label>$INFO[Container(50).ListItemNoWrap(54).Label]</label>
				<label2>$INFO[Container(50).ListItemNoWrap(54).Label2]</label2>
				<icon>$INFO[Container(50).ListItemNoWrap(54).Icon]</icon>
				<visible>!String.IsEmpty(Container(50).ListItemNoWrap(54).Label)</visible>
			</item>
			<item>
				<label>$INFO[Container(50).ListItemNoWrap(55).Label]</label>
				<label2>$INFO[Container(50).ListItemNoWrap(55).Label2]</label2>
				<icon>$INFO[Container(50).ListItemNoWrap(55).Icon]</icon>
				<visible>!String.IsEmpty(Container(50).ListItemNoWrap(55).Label)</visible>
			</item>
			<item>
				<label>$INFO[Container(50).ListItemNoWrap(56).Label]</label>
				<label2>$INFO[Container(50).ListItemNoWrap(56).Label2]</label2>
				<icon>$INFO[Container(50).ListItemNoWrap(56).Icon]</icon>
				<visible>!String.IsEmpty(Container(50).ListItemNoWrap(56).Label)</visible>
			</item>
			<item>
				<label>$INFO[Container(50).ListItemNoWrap(57).Label]</label>
				<label2>$INFO[Container(50).ListItemNoWrap(57).Label2]</label2>
				<icon>$INFO[Container(50).ListItemNoWrap(57).Icon]</icon>
				<visible>!String.IsEmpty(Container(50).ListItemNoWrap(57).Label)</visible>
			</item>
			<item>
				<label>$INFO[Container(50).ListItemNoWrap(58).Label]</label>
				<label2>$INFO[Container(50).ListItemNoWrap(58).Label2]</label2>
				<icon>$INFO[Container(50).ListItemNoWrap(58).Icon]</icon>
				<visible>!String.IsEmpty(Container(50).ListItemNoWrap(58).Label)</visible>
			</item>
			<item>
				<label>$INFO[Container(50).ListItemNoWrap(59).Label]</label>
				<label2>$INFO[Container(50).ListItemNoWrap(59).Label2]</label2>
				<icon>$INFO[Container(50).ListItemNoWrap(59).Icon]</icon>
				<visible>!String.IsEmpty(Container(50).ListItemNoWrap(59).Label)</visible>
			</item>
			<item>
				<label>$INFO[Container(50).ListItemNoWrap(60).Label]</label>
				<label2>$INFO[Container(50).ListItemNoWrap(60).Label2]</label2>
				<icon>$INFO[Container(50).ListItemNoWrap(60).Icon]</icon>
				<visible>!String.IsEmpty(Container(50).ListItemNoWrap(60).Label)</visible>
			</item>
			<item>
				<label>$INFO[Container(50).ListItemNoWrap(61).Label]</label>
				<label2>$INFO[Container(50).ListItemNoWrap(61).Label2]</label2>
				<icon>$INFO[Container(50).ListItemNoWrap(61).Icon]</icon>
				<visible>!String.IsEmpty(Container(50).ListItemNoWrap(61).Label)</visible>
			</item>
			<item>
				<label>$INFO[Container(50).ListItemNoWrap(62).Label]</label>
				<label2>$INFO[Container(50).ListItemNoWrap(62).Label2]</label2>
				<icon>$INFO[Container(50).ListItemNoWrap(62).Icon]</icon>
				<visible>!String.IsEmpty(Container(50).ListItemNoWrap(62).Label)</visible>
			</item>
			<item>
				<label>$INFO[Container(50).ListItemNoWrap(63).Label]</label>
				<label2>$INFO[Container(50).ListItemNoWrap(63).Label2]</label2>
				<icon>$INFO[Container(50).ListItemNoWrap(63).Icon]</icon>
				<visible>!String.IsEmpty(Container(50).ListItemNoWrap(63).Label)</visible>
			</item>
			<item>
				<label>$INFO[Container(50).ListItemNoWrap(64).Label]</label>
				<label2>$INFO[Container(50).ListItemNoWrap(64).Label2]</label2>
				<icon>$INFO[Container(50).ListItemNoWrap(64).Icon]</icon>
				<visible>!String.IsEmpty(Container(50).ListItemNoWrap(64).Label)</visible>
			</item>
			<item>
				<label>$INFO[Container(50).ListItemNoWrap(65).Label]</label>
				<label2>$INFO[Container(50).ListItemNoWrap(65).Label2]</label2>
				<icon>$INFO[Container(50).ListItemNoWrap(65).Icon]</icon>
				<visible>!String.IsEmpty(Container(50).ListItemNoWrap(65).Label)</visible>
			</item>
			<item>
				<label>$INFO[Container(50).ListItemNoWrap(66).Label]</label>
				<label2>$INFO[Container(50).ListItemNoWrap(66).Label2]</label2>
				<icon>$INFO[Container(50).ListItemNoWrap(66).Icon]</icon>
				<visible>!String.IsEmpty(Container(50).ListItemNoWrap(66).Label)</visible>
			</item>
			<item>
				<label>$INFO[Container(50).ListItemNoWrap(67).Label]</label>
				<label2>$INFO[Container(50).ListItemNoWrap(67).Label2]</label2>
				<icon>$INFO[Container(50).ListItemNoWrap(67).Icon]</icon>
				<visible>!String.IsEmpty(Container(50).ListItemNoWrap(67).Label)</visible>
			</item>
			<item>
				<label>$INFO[Container(50).ListItemNoWrap(68).Label]</label>
				<label2>$INFO[Container(50).ListItemNoWrap(68).Label2]</label2>
				<icon>$INFO[Container(50).ListItemNoWrap(68).Icon]</icon>
				<visible>!String.IsEmpty(Container(50).ListItemNoWrap(68).Label)</visible>
			</item>
			<item>
				<label>$INFO[Container(50).ListItemNoWrap(69).Label]</label>
				<label2>$INFO[Container(50).ListItemNoWrap(69).Label2]</label2>
				<icon>$INFO[Container(50).ListItemNoWrap(69).Icon]</icon>
				<visible>!String.IsEmpty(Container(50).ListItemNoWrap(69).Label)</visible>
			</item>
			<item>
				<label>$INFO[Container(50).ListItemNoWrap(70).Label]</label>
				<label2>$INFO[Container(50).ListItemNoWrap(70).Label2]</label2>
				<icon>$INFO[Container(50).ListItemNoWrap(70).Icon]</icon>
				<visible>!String.IsEmpty(Container(50).ListItemNoWrap(70).Label)</visible>
			</item>
			<item>
				<label>$INFO[Container(50).ListItemNoWrap(71).Label]</label>
				<label2>$INFO[Container(50).ListItemNoWrap(71).Label2]</label2>
				<icon>$INFO[Container(50).ListItemNoWrap(71).Icon]</icon>
				<visible>!String.IsEmpty(Container(50).ListItemNoWrap(71).Label)</visible>
			</item>
			<item>
				<label>$INFO[Container(50).ListItemNoWrap(72).Label]</label>
				<label2>$INFO[Container(50).ListItemNoWrap(72).Label2]</label2>
				<icon>$INFO[Container(50).ListItemNoWrap(72).Icon]</icon>
				<visible>!String.IsEmpty(Container(50).ListItemNoWrap(72).Label)</visible>
			</item>
			<item>
				<label>$INFO[Container(50).ListItemNoWrap(73).Label]</label>
				<label2>$INFO[Container(50).ListItemNoWrap(73).Label2]</label2>
				<icon>$INFO[Container(50).ListItemNoWrap(73).Icon]</icon>
				<visible>!String.IsEmpty(Container(50).ListItemNoWrap(73).Label)</visible>
			</item>
			<item>
				<label>$INFO[Container(50).ListItemNoWrap(74).Label]</label>
				<label2>$INFO[Container(50).ListItemNoWrap(74).Label2]</label2>
				<icon>$INFO[Container(50).ListItemNoWrap(74).Icon]</icon>
				<visible>!String.IsEmpty(Container(50).ListItemNoWrap(74).Label)</visible>
			</item>
			<item>
				<label>$INFO[Container(50).ListItemNoWrap(75).Label]</label>
				<label2>$INFO[Container(50).ListItemNoWrap(75).Label2]</label2>
				<icon>$INFO[Container(50).ListItemNoWrap(75).Icon]</icon>
				<visible>!String.IsEmpty(Container(50).ListItemNoWrap(75).Label)</visible>
			</item>
			<item>
				<label>$INFO[Container(50).ListItemNoWrap(76).Label]</label>
				<label2>$INFO[Container(50).ListItemNoWrap(76).Label2]</label2>
				<icon>$INFO[Container(50).ListItemNoWrap(76).Icon]</icon>
				<visible>!String.IsEmpty(Container(50).ListItemNoWrap(76).Label)</visible>
			</item>
			<item>
				<label>$INFO[Container(50).ListItemNoWrap(77).Label]</label>
				<label2>$INFO[Container(50).ListItemNoWrap(77).Label2]</label2>
				<icon>$INFO[Container(50).ListItemNoWrap(77).Icon]</icon>
				<visible>!String.IsEmpty(Container(50).ListItemNoWrap(77).Label)</visible>
			</item>
			<item>
				<label>$INFO[Container(50).ListItemNoWrap(78).Label]</label>
				<label2>$INFO[Container(50).ListItemNoWrap(78).Label2]</label2>
				<icon>$INFO[Container(50).ListItemNoWrap(78).Icon]</icon>
				<visible>!String.IsEmpty(Container(50).ListItemNoWrap(78).Label)</visible>
			</item>
			<item>
				<label>$INFO[Container(50).ListItemNoWrap(79).Label]</label>
				<label2>$INFO[Container(50).ListItemNoWrap(79).Label2]</label2>
				<icon>$INFO[Container(50).ListItemNoWrap(79).Icon]</icon>
				<visible>!String.IsEmpty(Container(50).ListItemNoWrap(79).Label)</visible>
			</item>
			<item>
				<label>$INFO[Container(50).ListItemNoWrap(80).Label]</label>
				<label2>$INFO[Container(50).ListItemNoWrap(80).Label2]</label2>
				<icon>$INFO[Container(50).ListItemNoWrap(80).Icon]</icon>
				<visible>!String.IsEmpty(Container(50).ListItemNoWrap(80).Label)</visible>
			</item>
			<item>
				<label>$INFO[Container(50).ListItemNoWrap(81).Label]</label>
				<label2>$INFO[Container(50).ListItemNoWrap(81).Label2]</label2>
				<icon>$INFO[Container(50).ListItemNoWrap(81).Icon]</icon>
				<visible>!String.IsEmpty(Container(50).ListItemNoWrap(81).Label)</visible>
			</item>
			<item>
				<label>$INFO[Container(50).ListItemNoWrap(82).Label]</label>
				<label2>$INFO[Container(50).ListItemNoWrap(82).Label2]</label2>
				<icon>$INFO[Container(50).ListItemNoWrap(82).Icon]</icon>
				<visible>!String.IsEmpty(Container(50).ListItemNoWrap(82).Label)</visible>
			</item>
			<item>
				<label>$INFO[Container(50).ListItemNoWrap(83).Label]</label>
				<label2>$INFO[Container(50).ListItemNoWrap(83).Label2]</label2>
				<icon>$INFO[Container(50).ListItemNoWrap(83).Icon]</icon>
				<visible>!String.IsEmpty(Container(50).ListItemNoWrap(83).Label)</visible>
			</item>
			<item>
				<label>$INFO[Container(50).ListItemNoWrap(84).Label]</label>
				<label2>$INFO[Container(50).ListItemNoWrap(84).Label2]</label2>
				<icon>$INFO[Container(50).ListItemNoWrap(84).Icon]</icon>
				<visible>!String.IsEmpty(Container(50).ListItemNoWrap(84).Label)</visible>
			</item>
			<item>
				<label>$INFO[Container(50).ListItemNoWrap(85).Label]</label>
				<label2>$INFO[Container(50).ListItemNoWrap(85).Label2]</label2>
				<icon>$INFO[Container(50).ListItemNoWrap(85).Icon]</icon>
				<visible>!String.IsEmpty(Container(50).ListItemNoWrap(85).Label)</visible>
			</item>
			<item>
				<label>$INFO[Container(50).ListItemNoWrap(86).Label]</label>
				<label2>$INFO[Container(50).ListItemNoWrap(86).Label2]</label2>
				<icon>$INFO[Container(50).ListItemNoWrap(86).Icon]</icon>
				<visible>!String.IsEmpty(Container(50).ListItemNoWrap(86).Label)</visible>
			</item>
			<item>
				<label>$INFO[Container(50).ListItemNoWrap(87).Label]</label>
				<label2>$INFO[Container(50).ListItemNoWrap(87).Label2]</label2>
				<icon>$INFO[Container(50).ListItemNoWrap(87).Icon]</icon>
				<visible>!String.IsEmpty(Container(50).ListItemNoWrap(87).Label)</visible>
			</item>
			<item>
				<label>$INFO[Container(50).ListItemNoWrap(88).Label]</label>
				<label2>$INFO[Container(50).ListItemNoWrap(88).Label2]</label2>
				<icon>$INFO[Container(50).ListItemNoWrap(88).Icon]</icon>
				<visible>!String.IsEmpty(Container(50).ListItemNoWrap(88).Label)</visible>
			</item>
			<item>
				<label>$INFO[Container(50).ListItemNoWrap(89).Label]</label>
				<label2>$INFO[Container(50).ListItemNoWrap(89).Label2]</label2>
				<icon>$INFO[Container(50).ListItemNoWrap(89).Icon]</icon>
				<visible>!String.IsEmpty(Container(50).ListItemNoWrap(89).Label)</visible>
			</item>
			<item>
				<label>$INFO[Container(50).ListItemNoWrap(90).Label]</label>
				<label2>$INFO[Container(50).ListItemNoWrap(90).Label2]</label2>
				<icon>$INFO[Container(50).ListItemNoWrap(90).Icon]</icon>
				<visible>!String.IsEmpty(Container(50).ListItemNoWrap(90).Label)</visible>
			</item>
			<item>
				<label>$INFO[Container(50).ListItemNoWrap(91).Label]</label>
				<label2>$INFO[Container(50).ListItemNoWrap(91).Label2]</label2>
				<icon>$INFO[Container(50).ListItemNoWrap(91).Icon]</icon>
				<visible>!String.IsEmpty(Container(50).ListItemNoWrap(91).Label)</visible>
			</item>
			<item>
				<label>$INFO[Container(50).ListItemNoWrap(92).Label]</label>
				<label2>$INFO[Container(50).ListItemNoWrap(92).Label2]</label2>
				<icon>$INFO[Container(50).ListItemNoWrap(92).Icon]</icon>
				<visible>!String.IsEmpty(Container(50).ListItemNoWrap(92).Label)</visible>
			</item>
			<item>
				<label>$INFO[Container(50).ListItemNoWrap(93).Label]</label>
				<label2>$INFO[Container(50).ListItemNoWrap(93).Label2]</label2>
				<icon>$INFO[Container(50).ListItemNoWrap(93).Icon]</icon>
				<visible>!String.IsEmpty(Container(50).ListItemNoWrap(93).Label)</visible>
			</item>
			<item>
				<label>$INFO[Container(50).ListItemNoWrap(94).Label]</label>
				<label2>$INFO[Container(50).ListItemNoWrap(94).Label2]</label2>
				<icon>$INFO[Container(50).ListItemNoWrap(94).Icon]</icon>
				<visible>!String.IsEmpty(Container(50).ListItemNoWrap(94).Label)</visible>
			</item>
			<item>
				<label>$INFO[Container(50).ListItemNoWrap(95).Label]</label>
				<label2>$INFO[Container(50).ListItemNoWrap(95).Label2]</label2>
				<icon>$INFO[Container(50).ListItemNoWrap(95).Icon]</icon>
				<visible>!String.IsEmpty(Container(50).ListItemNoWrap(95).Label)</visible>
			</item>
			<item>
				<label>$INFO[Container(50).ListItemNoWrap(96).Label]</label>
				<label2>$INFO[Container(50).ListItemNoWrap(96).Label2]</label2>
				<icon>$INFO[Container(50).ListItemNoWrap(96).Icon]</icon>
				<visible>!String.IsEmpty(Container(50).ListItemNoWrap(96).Label)</visible>
			</item>
			<item>
				<label>$INFO[Container(50).ListItemNoWrap(97).Label]</label>
				<label2>$INFO[Container(50).ListItemNoWrap(97).Label2]</label2>
				<icon>$INFO[Container(50).ListItemNoWrap(97).Icon]</icon>
				<visible>!String.IsEmpty(Container(50).ListItemNoWrap(97).Label)</visible>
			</item>
			<item>
				<label>$INFO[Container(50).ListItemNoWrap(98).Label]</label>
				<label2>$INFO[Container(50).ListItemNoWrap(98).Label2]</label2>
				<icon>$INFO[Container(50).ListItemNoWrap(98).Icon]</icon>
				<visible>!String.IsEmpty(Container(50).ListItemNoWrap(98).Label)</visible>
			</item>
			<item>
				<label>$INFO[Container(50).ListItemNoWrap(99).Label]</label>
				<label2>$INFO[Container(50).ListItemNoWrap(99).Label2]</label2>
				<icon>$INFO[Container(50).ListItemNoWrap(99).Icon]</icon>
				<visible>!String.IsEmpty(Container(50).ListItemNoWrap(99).Label)</visible>
			</item>
			<item>
				<label>$INFO[Container(50).ListItemNoWrap(100).Label]</label>
				<label2>$INFO[Container(50).ListItemNoWrap(100).Label2]</label2>
				<icon>$INFO[Container(50).ListItemNoWrap(100).Icon]</icon>
				<visible>!String.IsEmpty(Container(50).ListItemNoWrap(100).Label)</visible>
			</item>
			<item>
				<label>$INFO[Container(50).ListItemNoWrap(101).Label]</label>
				<label2>$INFO[Container(50).ListItemNoWrap(101).Label2]</label2>
				<icon>$INFO[Container(50).ListItemNoWrap(101).Icon]</icon>
				<visible>!String.IsEmpty(Container(50).ListItemNoWrap(101).Label)</visible>
			</item>
			<item>
				<label>$INFO[Container(50).ListItemNoWrap(102).Label]</label>
				<label2>$INFO[Container(50).ListItemNoWrap(102).Label2]</label2>
				<icon>$INFO[Container(50).ListItemNoWrap(102).Icon]</icon>
				<visible>!String.IsEmpty(Container(50).ListItemNoWrap(102).Label)</visible>
			</item>
			<item>
				<label>$INFO[Container(50).ListItemNoWrap(103).Label]</label>
				<label2>$INFO[Container(50).ListItemNoWrap(103).Label2]</label2>
				<icon>$INFO[Container(50).ListItemNoWrap(103).Icon]</icon>
				<visible>!String.IsEmpty(Container(50).ListItemNoWrap(103).Label)</visible>
			</item>
			<item>
				<label>$INFO[Container(50).ListItemNoWrap(104).Label]</label>
				<label2>$INFO[Container(50).ListItemNoWrap(104).Label2]</label2>
				<icon>$INFO[Container(50).ListItemNoWrap(104).Icon]</icon>
				<visible>!String.IsEmpty(Container(50).ListItemNoWrap(104).Label)</visible>
			</item>
			<item>
				<label>$INFO[Container(50).ListItemNoWrap(105).Label]</label>
				<label2>$INFO[Container(50).ListItemNoWrap(105).Label2]</label2>
				<icon>$INFO[Container(50).ListItemNoWrap(105).Icon]</icon>
				<visible>!String.IsEmpty(Container(50).ListItemNoWrap(105).Label)</visible>
			</item>
			<item>
				<label>$INFO[Container(50).ListItemNoWrap(106).Label]</label>
				<label2>$INFO[Container(50).ListItemNoWrap(106).Label2]</label2>
				<icon>$INFO[Container(50).ListItemNoWrap(106).Icon]</icon>
				<visible>!String.IsEmpty(Container(50).ListItemNoWrap(106).Label)</visible>
			</item>
			<item>
				<label>$INFO[Container(50).ListItemNoWrap(107).Label]</label>
				<label2>$INFO[Container(50).ListItemNoWrap(107).Label2]</label2>
				<icon>$INFO[Container(50).ListItemNoWrap(107).Icon]</icon>
				<visible>!String.IsEmpty(Container(50).ListItemNoWrap(107).Label)</visible>
			</item>
			<item>
				<label>$INFO[Container(50).ListItemNoWrap(108).Label]</label>
				<label2>$INFO[Container(50).ListItemNoWrap(108).Label2]</label2>
				<icon>$INFO[Container(50).ListItemNoWrap(108).Icon]</icon>
				<visible>!String.IsEmpty(Container(50).ListItemNoWrap(108).Label)</visible>
			</item>
			<item>
				<label>$INFO[Container(50).ListItemNoWrap(109).Label]</label>
				<label2>$INFO[Container(50).ListItemNoWrap(109).Label2]</label2>
				<icon>$INFO[Container(50).ListItemNoWrap(109).Icon]</icon>
				<visible>!String.IsEmpty(Container(50).ListItemNoWrap(109).Label)</visible>
			</item>
			<item>
				<label>$INFO[Container(50).ListItemNoWrap(110).Label]</label>
				<label2>$INFO[Container(50).ListItemNoWrap(110).Label2]</label2>
				<icon>$INFO[Container(50).ListItemNoWrap(110).Icon]</icon>
				<visible>!String.IsEmpty(Container(50).ListItemNoWrap(110).Label)</visible>
			</item>
			<item>
				<label>$INFO[Container(50).ListItemNoWrap(111).Label]</label>
				<label2>$INFO[Container(50).ListItemNoWrap(111).Label2]</label2>
				<icon>$INFO[Container(50).ListItemNoWrap(111).Icon]</icon>
				<visible>!String.IsEmpty(Container(50).ListItemNoWrap(111).Label)</visible>
			</item>
			<item>
				<label>$INFO[Container(50).ListItemNoWrap(112).Label]</label>
				<label2>$INFO[Container(50).ListItemNoWrap(112).Label2]</label2>
				<icon>$INFO[Container(50).ListItemNoWrap(112).Icon]</icon>
				<visible>!String.IsEmpty(Container(50).ListItemNoWrap(112).Label)</visible>
			</item>
			<item>
				<label>$INFO[Container(50).ListItemNoWrap(113).Label]</label>
				<label2>$INFO[Container(50).ListItemNoWrap(113).Label2]</label2>
				<icon>$INFO[Container(50).ListItemNoWrap(113).Icon]</icon>
				<visible>!String.IsEmpty(Container(50).ListItemNoWrap(113).Label)</visible>
			</item>
			<item>
				<label>$INFO[Container(50).ListItemNoWrap(114).Label]</label>
				<label2>$INFO[Container(50).ListItemNoWrap(114).Label2]</label2>
				<icon>$INFO[Container(50).ListItemNoWrap(114).Icon]</icon>
				<visible>!String.IsEmpty(Container(50).ListItemNoWrap(114).Label)</visible>
			</item>
			<item>
				<label>$INFO[Container(50).ListItemNoWrap(115).Label]</label>
				<label2>$INFO[Container(50).ListItemNoWrap(115).Label2]</label2>
				<icon>$INFO[Container(50).ListItemNoWrap(115).Icon]</icon>
				<visible>!String.IsEmpty(Container(50).ListItemNoWrap(115).Label)</visible>
			</item>
			<item>
				<label>$INFO[Container(50).ListItemNoWrap(116).Label]</label>
				<label2>$INFO[Container(50).ListItemNoWrap(116).Label2]</label2>
				<icon>$INFO[Container(50).ListItemNoWrap(116).Icon]</icon>
				<visible>!String.IsEmpty(Container(50).ListItemNoWrap(116).Label)</visible>
			</item>
			<item>
				<label>$INFO[Container(50).ListItemNoWrap(117).Label]</label>
				<label2>$INFO[Container(50).ListItemNoWrap(117).Label2]</label2>
				<icon>$INFO[Container(50).ListItemNoWrap(117).Icon]</icon>
				<visible>!String.IsEmpty(Container(50).ListItemNoWrap(117).Label)</visible>
			</item>
			<item>
				<label>$INFO[Container(50).ListItemNoWrap(118).Label]</label>
				<label2>$INFO[Container(50).ListItemNoWrap(118).Label2]</label2>
				<icon>$INFO[Container(50).ListItemNoWrap(118).Icon]</icon>
				<visible>!String.IsEmpty(Container(50).ListItemNoWrap(118).Label)</visible>
			</item>
			<item>
				<label>$INFO[Container(50).ListItemNoWrap(119).Label]</label>
				<label2>$INFO[Container(50).ListItemNoWrap(119).Label2]</label2>
				<icon>$INFO[Container(50).ListItemNoWrap(119).Icon]</icon>
				<visible>!String.IsEmpty(Container(50).ListItemNoWrap(119).Label)</visible>
			</item>
			<item>
				<label>$INFO[Container(50).ListItemNoWrap(120).Label]</label>
				<label2>$INFO[Container(50).ListItemNoWrap(120).Label2]</label2>
				<icon>$INFO[Container(50).ListItemNoWrap(120).Icon]</icon>
				<visible>!String.IsEmpty(Container(50).ListItemNoWrap(120).Label)</visible>
			</item>
			<item>
				<label>$INFO[Container(50).ListItemNoWrap(121).Label]</label>
				<label2>$INFO[Container(50).ListItemNoWrap(121).Label2]</label2>
				<icon>$INFO[Container(50).ListItemNoWrap(121).Icon]</icon>
				<visible>!String.IsEmpty(Container(50).ListItemNoWrap(121).Label)</visible>
			</item>
			<item>
				<label>$INFO[Container(50).ListItemNoWrap(122).Label]</label>
				<label2>$INFO[Container(50).ListItemNoWrap(122).Label2]</label2>
				<icon>$INFO[Container(50).ListItemNoWrap(122).Icon]</icon>
				<visible>!String.IsEmpty(Container(50).ListItemNoWrap(122).Label)</visible>
			</item>
			<item>
				<label>$INFO[Container(50).ListItemNoWrap(123).Label]</label>
				<label2>$INFO[Container(50).ListItemNoWrap(123).Label2]</label2>
				<icon>$INFO[Container(50).ListItemNoWrap(123).Icon]</icon>
				<visible>!String.IsEmpty(Container(50).ListItemNoWrap(123).Label)</visible>
			</item>
			<item>
				<label>$INFO[Container(50).ListItemNoWrap(124).Label]</label>
				<label2>$INFO[Container(50).ListItemNoWrap(124).Label2]</label2>
				<icon>$INFO[Container(50).ListItemNoWrap(124).Icon]</icon>
				<visible>!String.IsEmpty(Container(50).ListItemNoWrap(124).Label)</visible>
			</item>
			<item>
				<label>$INFO[Container(50).ListItemNoWrap(125).Label]</label>
				<label2>$INFO[Container(50).ListItemNoWrap(125).Label2]</label2>
				<icon>$INFO[Container(50).ListItemNoWrap(125).Icon]</icon>
				<visible>!String.IsEmpty(Container(50).ListItemNoWrap(125).Label)</visible>
			</item>
			<item>
				<label>$INFO[Container(50).ListItemNoWrap(126).Label]</label>
				<label2>$INFO[Container(50).ListItemNoWrap(126).Label2]</label2>
				<icon>$INFO[Container(50).ListItemNoWrap(126).Icon]</icon>
				<visible>!String.IsEmpty(Container(50).ListItemNoWrap(126).Label)</visible>
			</item>
			<item>
				<label>$INFO[Container(50).ListItemNoWrap(127).Label]</label>
				<label2>$INFO[Container(50).ListItemNoWrap(127).Label2]</label2>
				<icon>$INFO[Container(50).ListItemNoWrap(127).Icon]</icon>
				<visible>!String.IsEmpty(Container(50).ListItemNoWrap(127).Label)</visible>
			</item>
			<item>
				<label>$INFO[Container(50).ListItemNoWrap(128).Label]</label>
				<label2>$INFO[Container(50).ListItemNoWrap(128).Label2]</label2>
				<icon>$INFO[Container(50).ListItemNoWrap(128).Icon]</icon>
				<visible>!String.IsEmpty(Container(50).ListItemNoWrap(128).Label)</visible>
			</item>
			<item>
				<label>$INFO[Container(50).ListItemNoWrap(129).Label]</label>
				<label2>$INFO[Container(50).ListItemNoWrap(129).Label2]</label2>
				<icon>$INFO[Container(50).ListItemNoWrap(129).Icon]</icon>
				<visible>!String.IsEmpty(Container(50).ListItemNoWrap(129).Label)</visible>
			</item>
			<item>
				<label>$INFO[Container(50).ListItemNoWrap(130).Label]</label>
				<label2>$INFO[Container(50).ListItemNoWrap(130).Label2]</label2>
				<icon>$INFO[Container(50).ListItemNoWrap(130).Icon]</icon>
				<visible>!String.IsEmpty(Container(50).ListItemNoWrap(130).Label)</visible>
			</item>
			<item>
				<label>$INFO[Container(50).ListItemNoWrap(131).Label]</label>
				<label2>$INFO[Container(50).ListItemNoWrap(131).Label2]</label2>
				<icon>$INFO[Container(50).ListItemNoWrap(131).Icon]</icon>
				<visible>!String.IsEmpty(Container(50).ListItemNoWrap(131).Label)</visible>
			</item>
			<item>
				<label>$INFO[Container(50).ListItemNoWrap(132).Label]</label>
				<label2>$INFO[Container(50).ListItemNoWrap(132).Label2]</label2>
				<icon>$INFO[Container(50).ListItemNoWrap(132).Icon]</icon>
				<visible>!String.IsEmpty(Container(50).ListItemNoWrap(132).Label)</visible>
			</item>
			<item>
				<label>$INFO[Container(50).ListItemNoWrap(133).Label]</label>
				<label2>$INFO[Container(50).ListItemNoWrap(133).Label2]</label2>
				<icon>$INFO[Container(50).ListItemNoWrap(133).Icon]</icon>
				<visible>!String.IsEmpty(Container(50).ListItemNoWrap(133).Label)</visible>
			</item>
			<item>
				<label>$INFO[Container(50).ListItemNoWrap(134).Label]</label>
				<label2>$INFO[Container(50).ListItemNoWrap(134).Label2]</label2>
				<icon>$INFO[Container(50).ListItemNoWrap(134).Icon]</icon>
				<visible>!String.IsEmpty(Container(50).ListItemNoWrap(134).Label)</visible>
			</item>
			<item>
				<label>$INFO[Container(50).ListItemNoWrap(135).Label]</label>
				<label2>$INFO[Container(50).ListItemNoWrap(135).Label2]</label2>
				<icon>$INFO[Container(50).ListItemNoWrap(135).Icon]</icon>
				<visible>!String.IsEmpty(Container(50).ListItemNoWrap(135).Label)</visible>
			</item>
			<item>
				<label>$INFO[Container(50).ListItemNoWrap(136).Label]</label>
				<label2>$INFO[Container(50).ListItemNoWrap(136).Label2]</label2>
				<icon>$INFO[Container(50).ListItemNoWrap(136).Icon]</icon>
				<visible>!String.IsEmpty(Container(50).ListItemNoWrap(136).Label)</visible>
			</item>
			<item>
				<label>$INFO[Container(50).ListItemNoWrap(137).Label]</label>
				<label2>$INFO[Container(50).ListItemNoWrap(137).Label2]</label2>
				<icon>$INFO[Container(50).ListItemNoWrap(137).Icon]</icon>
				<visible>!String.IsEmpty(Container(50).ListItemNoWrap(137).Label)</visible>
			</item>
			<item>
				<label>$INFO[Container(50).ListItemNoWrap(138).Label]</label>
				<label2>$INFO[Container(50).ListItemNoWrap(138).Label2]</label2>
				<icon>$INFO[Container(50).ListItemNoWrap(138).Icon]</icon>
				<visible>!String.IsEmpty(Container(50).ListItemNoWrap(138).Label)</visible>
			</item>
			<item>
				<label>$INFO[Container(50).ListItemNoWrap(139).Label]</label>
				<label2>$INFO[Container(50).ListItemNoWrap(139).Label2]</label2>
				<icon>$INFO[Container(50).ListItemNoWrap(139).Icon]</icon>
				<visible>!String.IsEmpty(Container(50).ListItemNoWrap(139).Label)</visible>
			</item>
			<item>
				<label>$INFO[Container(50).ListItemNoWrap(140).Label]</label>
				<label2>$INFO[Container(50).ListItemNoWrap(140).Label2]</label2>
				<icon>$INFO[Container(50).ListItemNoWrap(140).Icon]</icon>
				<visible>!String.IsEmpty(Container(50).ListItemNoWrap(140).Label)</visible>
			</item>
			<item>
				<label>$INFO[Container(50).ListItemNoWrap(141).Label]</label>
				<label2>$INFO[Container(50).ListItemNoWrap(141).Label2]</label2>
				<icon>$INFO[Container(50).ListItemNoWrap(141).Icon]</icon>
				<visible>!String.IsEmpty(Container(50).ListItemNoWrap(141).Label)</visible>
			</item>
			<item>
				<label>$INFO[Container(50).ListItemNoWrap(142).Label]</label>
				<label2>$INFO[Container(50).ListItemNoWrap(142).Label2]</label2>
				<icon>$INFO[Container(50).ListItemNoWrap(142).Icon]</icon>
				<visible>!String.IsEmpty(Container(50).ListItemNoWrap(142).Label)</visible>
			</item>
			<item>
				<label>$INFO[Container(50).ListItemNoWrap(143).Label]</label>
				<label2>$INFO[Container(50).ListItemNoWrap(143).Label2]</label2>
				<icon>$INFO[Container(50).ListItemNoWrap(143).Icon]</icon>
				<visible>!String.IsEmpty(Container(50).ListItemNoWrap(143).Label)</visible>
			</item>
			<item>
				<label>$INFO[Container(50).ListItemNoWrap(144).Label]</label>
				<label2>$INFO[Container(50).ListItemNoWrap(144).Label2]</label2>
				<icon>$INFO[Container(50).ListItemNoWrap(144).Icon]</icon>
				<visible>!String.IsEmpty(Container(50).ListItemNoWrap(144).Label)</visible>
			</item>
			<item>
				<label>$INFO[Container(50).ListItemNoWrap(145).Label]</label>
				<label2>$INFO[Container(50).ListItemNoWrap(145).Label2]</label2>
				<icon>$INFO[Container(50).ListItemNoWrap(145).Icon]</icon>
				<visible>!String.IsEmpty(Container(50).ListItemNoWrap(145).Label)</visible>
			</item>
			<item>
				<label>$INFO[Container(50).ListItemNoWrap(146).Label]</label>
				<label2>$INFO[Container(50).ListItemNoWrap(146).Label2]</label2>
				<icon>$INFO[Container(50).ListItemNoWrap(146).Icon]</icon>
				<visible>!String.IsEmpty(Container(50).ListItemNoWrap(146).Label)</visible>
			</item>
			<item>
				<label>$INFO[Container(50).ListItemNoWrap(147).Label]</label>
				<label2>$INFO[Container(50).ListItemNoWrap(147).Label2]</label2>
				<icon>$INFO[Container(50).ListItemNoWrap(147).Icon]</icon>
				<visible>!String.IsEmpty(Container(50).ListItemNoWrap(147).Label)</visible>
			</item>
			<item>
				<label>$INFO[Container(50).ListItemNoWrap(148).Label]</label>
				<label2>$INFO[Container(50).ListItemNoWrap(148).Label2]</label2>
				<icon>$INFO[Container(50).ListItemNoWrap(148).Icon]</icon>
				<visible>!String.IsEmpty(Container(50).ListItemNoWrap(148).Label)</visible>
			</item>
			<item>
				<label>$INFO[Container(50).ListItemNoWrap(149).Label]</label>
				<label2>$INFO[Container(50).ListItemNoWrap(149).Label2]</label2>
				<icon>$INFO[Container(50).ListItemNoWrap(149).Icon]</icon>
				<visible>!String.IsEmpty(Container(50).ListItemNoWrap(149).Label)</visible>
			</item>
			<item>
				<label>$INFO[Container(50).ListItemNoWrap(150).Label]</label>
				<label2>$INFO[Container(50).ListItemNoWrap(150).Label2]</label2>
				<icon>$INFO[Container(50).ListItemNoWrap(150).Icon]</icon>
				<visible>!String.IsEmpty(Container(50).ListItemNoWrap(150).Label)</visible>
			</item>
			<item>
				<label>$INFO[Container(50).ListItemNoWrap(151).Label]</label>
				<label2>$INFO[Container(50).ListItemNoWrap(151).Label2]</label2>
				<icon>$INFO[Container(50).ListItemNoWrap(151).Icon]</icon>
				<visible>!String.IsEmpty(Container(50).ListItemNoWrap(151).Label)</visible>
			</item>
			<item>
				<label>$INFO[Container(50).ListItemNoWrap(152).Label]</label>
				<label2>$INFO[Container(50).ListItemNoWrap(152).Label2]</label2>
				<icon>$INFO[Container(50).ListItemNoWrap(152).Icon]</icon>
				<visible>!String.IsEmpty(Container(50).ListItemNoWrap(152).Label)</visible>
			</item>
			<item>
				<label>$INFO[Container(50).ListItemNoWrap(153).Label]</label>
				<label2>$INFO[Container(50).ListItemNoWrap(153).Label2]</label2>
				<icon>$INFO[Container(50).ListItemNoWrap(153).Icon]</icon>
				<visible>!String.IsEmpty(Container(50).ListItemNoWrap(153).Label)</visible>
			</item>
			<item>
				<label>$INFO[Container(50).ListItemNoWrap(154).Label]</label>
				<label2>$INFO[Container(50).ListItemNoWrap(154).Label2]</label2>
				<icon>$INFO[Container(50).ListItemNoWrap(154).Icon]</icon>
				<visible>!String.IsEmpty(Container(50).ListItemNoWrap(154).Label)</visible>
			</item>
			<item>
				<label>$INFO[Container(50).ListItemNoWrap(155).Label]</label>
				<label2>$INFO[Container(50).ListItemNoWrap(155).Label2]</label2>
				<icon>$INFO[Container(50).ListItemNoWrap(155).Icon]</icon>
				<visible>!String.IsEmpty(Container(50).ListItemNoWrap(155).Label)</visible>
			</item>
			<item>
				<label>$INFO[Container(50).ListItemNoWrap(156).Label]</label>
				<label2>$INFO[Container(50).ListItemNoWrap(156).Label2]</label2>
				<icon>$INFO[Container(50).ListItemNoWrap(156).Icon]</icon>
				<visible>!String.IsEmpty(Container(50).ListItemNoWrap(156).Label)</visible>
			</item>
			<item>
				<label>$INFO[Container(50).ListItemNoWrap(157).Label]</label>
				<label2>$INFO[Container(50).ListItemNoWrap(157).Label2]</label2>
				<icon>$INFO[Container(50).ListItemNoWrap(157).Icon]</icon>
				<visible>!String.IsEmpty(Container(50).ListItemNoWrap(157).Label)</visible>
			</item>
			<item>
				<label>$INFO[Container(50).ListItemNoWrap(158).Label]</label>
				<label2>$INFO[Container(50).ListItemNoWrap(158).Label2]</label2>
				<icon>$INFO[Container(50).ListItemNoWrap(158).Icon]</icon>
				<visible>!String.IsEmpty(Container(50).ListItemNoWrap(158).Label)</visible>
			</item>
			<item>
				<label>$INFO[Container(50).ListItemNoWrap(159).Label]</label>
				<label2>$INFO[Container(50).ListItemNoWrap(159).Label2]</label2>
				<icon>$INFO[Container(50).ListItemNoWrap(159).Icon]</icon>
				<visible>!String.IsEmpty(Container(50).ListItemNoWrap(159).Label)</visible>
			</item>
			<item>
				<label>$INFO[Container(50).ListItemNoWrap(160).Label]</label>
				<label2>$INFO[Container(50).ListItemNoWrap(160).Label2]</label2>
				<icon>$INFO[Container(50).ListItemNoWrap(160).Icon]</icon>
				<visible>!String.IsEmpty(Container(50).ListItemNoWrap(160).Label)</visible>
			</item>
			<item>
				<label>$INFO[Container(50).ListItemNoWrap(161).Label]</label>
				<label2>$INFO[Container(50).ListItemNoWrap(161).Label2]</label2>
				<icon>$INFO[Container(50).ListItemNoWrap(161).Icon]</icon>
				<visible>!String.IsEmpty(Container(50).ListItemNoWrap(161).Label)</visible>
			</item>
			<item>
				<label>$INFO[Container(50).ListItemNoWrap(162).Label]</label>
				<label2>$INFO[Container(50).ListItemNoWrap(162).Label2]</label2>
				<icon>$INFO[Container(50).ListItemNoWrap(162).Icon]</icon>
				<visible>!String.IsEmpty(Container(50).ListItemNoWrap(162).Label)</visible>
			</item>
			<item>
				<label>$INFO[Container(50).ListItemNoWrap(163).Label]</label>
				<label2>$INFO[Container(50).ListItemNoWrap(163).Label2]</label2>
				<icon>$INFO[Container(50).ListItemNoWrap(163).Icon]</icon>
				<visible>!String.IsEmpty(Container(50).ListItemNoWrap(163).Label)</visible>
			</item>
			<item>
				<label>$INFO[Container(50).ListItemNoWrap(164).Label]</label>
				<label2>$INFO[Container(50).ListItemNoWrap(164).Label2]</label2>
				<icon>$INFO[Container(50).ListItemNoWrap(164).Icon]</icon>
				<visible>!String.IsEmpty(Container(50).ListItemNoWrap(164).Label)</visible>
			</item>
			<item>
				<label>$INFO[Container(50).ListItemNoWrap(165).Label]</label>
				<label2>$INFO[Container(50).ListItemNoWrap(165).Label2]</label2>
				<icon>$INFO[Container(50).ListItemNoWrap(165).Icon]</icon>
				<visible>!String.IsEmpty(Container(50).ListItemNoWrap(165).Label)</visible>
			</item>
			<item>
				<label>$INFO[Container(50).ListItemNoWrap(166).Label]</label>
				<label2>$INFO[Container(50).ListItemNoWrap(166).Label2]</label2>
				<icon>$INFO[Container(50).ListItemNoWrap(166).Icon]</icon>
				<visible>!String.IsEmpty(Container(50).ListItemNoWrap(166).Label)</visible>
			</item>
			<item>
				<label>$INFO[Container(50).ListItemNoWrap(167).Label]</label>
				<label2>$INFO[Container(50).ListItemNoWrap(167).Label2]</label2>
				<icon>$INFO[Container(50).ListItemNoWrap(167).Icon]</icon>
				<visible>!String.IsEmpty(Container(50).ListItemNoWrap(167).Label)</visible>
			</item>
			<item>
				<label>$INFO[Container(50).ListItemNoWrap(168).Label]</label>
				<label2>$INFO[Container(50).ListItemNoWrap(168).Label2]</label2>
				<icon>$INFO[Container(50).ListItemNoWrap(168).Icon]</icon>
				<visible>!String.IsEmpty(Container(50).ListItemNoWrap(168).Label)</visible>
			</item>
			<item>
				<label>$INFO[Container(50).ListItemNoWrap(169).Label]</label>
				<label2>$INFO[Container(50).ListItemNoWrap(169).Label2]</label2>
				<icon>$INFO[Container(50).ListItemNoWrap(169).Icon]</icon>
				<visible>!String.IsEmpty(Container(50).ListItemNoWrap(169).Label)</visible>
			</item>
			<item>
				<label>$INFO[Container(50).ListItemNoWrap(170).Label]</label>
				<label2>$INFO[Container(50).ListItemNoWrap(170).Label2]</label2>
				<icon>$INFO[Container(50).ListItemNoWrap(170).Icon]</icon>
				<visible>!String.IsEmpty(Container(50).ListItemNoWrap(170).Label)</visible>
			</item>
			<item>
				<label>$INFO[Container(50).ListItemNoWrap(171).Label]</label>
				<label2>$INFO[Container(50).ListItemNoWrap(171).Label2]</label2>
				<icon>$INFO[Container(50).ListItemNoWrap(171).Icon]</icon>
				<visible>!String.IsEmpty(Container(50).ListItemNoWrap(171).Label)</visible>
			</item>
			<item>
				<label>$INFO[Container(50).ListItemNoWrap(172).Label]</label>
				<label2>$INFO[Container(50).ListItemNoWrap(172).Label2]</label2>
				<icon>$INFO[Container(50).ListItemNoWrap(172).Icon]</icon>
				<visible>!String.IsEmpty(Container(50).ListItemNoWrap(172).Label)</visible>
			</item>
			<item>
				<label>$INFO[Container(50).ListItemNoWrap(173).Label]</label>
				<label2>$INFO[Container(50).ListItemNoWrap(173).Label2]</label2>
				<icon>$INFO[Container(50).ListItemNoWrap(173).Icon]</icon>
				<visible>!String.IsEmpty(Container(50).ListItemNoWrap(173).Label)</visible>
			</item>
			<item>
				<label>$INFO[Container(50).ListItemNoWrap(174).Label]</label>
				<label2>$INFO[Container(50).ListItemNoWrap(174).Label2]</label2>
				<icon>$INFO[Container(50).ListItemNoWrap(174).Icon]</icon>
				<visible>!String.IsEmpty(Container(50).ListItemNoWrap(174).Label)</visible>
			</item>
			<item>
				<label>$INFO[Container(50).ListItemNoWrap(175).Label]</label>
				<label2>$INFO[Container(50).ListItemNoWrap(175).Label2]</label2>
				<icon>$INFO[Container(50).ListItemNoWrap(175).Icon]</icon>
				<visible>!String.IsEmpty(Container(50).ListItemNoWrap(175).Label)</visible>
			</item>
			<item>
				<label>$INFO[Container(50).ListItemNoWrap(176).Label]</label>
				<label2>$INFO[Container(50).ListItemNoWrap(176).Label2]</label2>
				<icon>$INFO[Container(50).ListItemNoWrap(176).Icon]</icon>
				<visible>!String.IsEmpty(Container(50).ListItemNoWrap(176).Label)</visible>
			</item>
			<item>
				<label>$INFO[Container(50).ListItemNoWrap(177).Label]</label>
				<label2>$INFO[Container(50).ListItemNoWrap(177).Label2]</label2>
				<icon>$INFO[Container(50).ListItemNoWrap(177).Icon]</icon>
				<visible>!String.IsEmpty(Container(50).ListItemNoWrap(177).Label)</visible>
			</item>
			<item>
				<label>$INFO[Container(50).ListItemNoWrap(178).Label]</label>
				<label2>$INFO[Container(50).ListItemNoWrap(178).Label2]</label2>
				<icon>$INFO[Container(50).ListItemNoWrap(178).Icon]</icon>
				<visible>!String.IsEmpty(Container(50).ListItemNoWrap(178).Label)</visible>
			</item>
			<item>
				<label>$INFO[Container(50).ListItemNoWrap(179).Label]</label>
				<label2>$INFO[Container(50).ListItemNoWrap(179).Label2]</label2>
				<icon>$INFO[Container(50).ListItemNoWrap(179).Icon]</icon>
				<visible>!String.IsEmpty(Container(50).ListItemNoWrap(179).Label)</visible>
			</item>
			<item>
				<label>$INFO[Container(50).ListItemNoWrap(180).Label]</label>
				<label2>$INFO[Container(50).ListItemNoWrap(180).Label2]</label2>
				<icon>$INFO[Container(50).ListItemNoWrap(180).Icon]</icon>
				<visible>!String.IsEmpty(Container(50).ListItemNoWrap(180).Label)</visible>
			</item>
			<item>
				<label>$INFO[Container(50).ListItemNoWrap(181).Label]</label>
				<label2>$INFO[Container(50).ListItemNoWrap(181).Label2]</label2>
				<icon>$INFO[Container(50).ListItemNoWrap(181).Icon]</icon>
				<visible>!String.IsEmpty(Container(50).ListItemNoWrap(181).Label)</visible>
			</item>
			<item>
				<label>$INFO[Container(50).ListItemNoWrap(182).Label]</label>
				<label2>$INFO[Container(50).ListItemNoWrap(182).Label2]</label2>
				<icon>$INFO[Container(50).ListItemNoWrap(182).Icon]</icon>
				<visible>!String.IsEmpty(Container(50).ListItemNoWrap(182).Label)</visible>
			</item>
			<item>
				<label>$INFO[Container(50).ListItemNoWrap(183).Label]</label>
				<label2>$INFO[Container(50).ListItemNoWrap(183).Label2]</label2>
				<icon>$INFO[Container(50).ListItemNoWrap(183).Icon]</icon>
				<visible>!String.IsEmpty(Container(50).ListItemNoWrap(183).Label)</visible>
			</item>
			<item>
				<label>$INFO[Container(50).ListItemNoWrap(184).Label]</label>
				<label2>$INFO[Container(50).ListItemNoWrap(184).Label2]</label2>
				<icon>$INFO[Container(50).ListItemNoWrap(184).Icon]</icon>
				<visible>!String.IsEmpty(Container(50).ListItemNoWrap(184).Label)</visible>
			</item>
			<item>
				<label>$INFO[Container(50).ListItemNoWrap(185).Label]</label>
				<label2>$INFO[Container(50).ListItemNoWrap(185).Label2]</label2>
				<icon>$INFO[Container(50).ListItemNoWrap(185).Icon]</icon>
				<visible>!String.IsEmpty(Container(50).ListItemNoWrap(185).Label)</visible>
			</item>
			<item>
				<label>$INFO[Container(50).ListItemNoWrap(186).Label]</label>
				<label2>$INFO[Container(50).ListItemNoWrap(186).Label2]</label2>
				<icon>$INFO[Container(50).ListItemNoWrap(186).Icon]</icon>
				<visible>!String.IsEmpty(Container(50).ListItemNoWrap(186).Label)</visible>
			</item>
			<item>
				<label>$INFO[Container(50).ListItemNoWrap(187).Label]</label>
				<label2>$INFO[Container(50).ListItemNoWrap(187).Label2]</label2>
				<icon>$INFO[Container(50).ListItemNoWrap(187).Icon]</icon>
				<visible>!String.IsEmpty(Container(50).ListItemNoWrap(187).Label)</visible>
			</item>
			<item>
				<label>$INFO[Container(50).ListItemNoWrap(188).Label]</label>
				<label2>$INFO[Container(50).ListItemNoWrap(188).Label2]</label2>
				<icon>$INFO[Container(50).ListItemNoWrap(188).Icon]</icon>
				<visible>!String.IsEmpty(Container(50).ListItemNoWrap(188).Label)</visible>
			</item>
			<item>
				<label>$INFO[Container(50).ListItemNoWrap(189).Label]</label>
				<label2>$INFO[Container(50).ListItemNoWrap(189).Label2]</label2>
				<icon>$INFO[Container(50).ListItemNoWrap(189).Icon]</icon>
				<visible>!String.IsEmpty(Container(50).ListItemNoWrap(189).Label)</visible>
			</item>
			<item>
				<label>$INFO[Container(50).ListItemNoWrap(190).Label]</label>
				<label2>$INFO[Container(50).ListItemNoWrap(190).Label2]</label2>
				<icon>$INFO[Container(50).ListItemNoWrap(190).Icon]</icon>
				<visible>!String.IsEmpty(Container(50).ListItemNoWrap(190).Label)</visible>
			</item>
			<item>
				<label>$INFO[Container(50).ListItemNoWrap(191).Label]</label>
				<label2>$INFO[Container(50).ListItemNoWrap(191).Label2]</label2>
				<icon>$INFO[Container(50).ListItemNoWrap(191).Icon]</icon>
				<visible>!String.IsEmpty(Container(50).ListItemNoWrap(191).Label)</visible>
			</item>
			<item>
				<label>$INFO[Container(50).ListItemNoWrap(192).Label]</label>
				<label2>$INFO[Container(50).ListItemNoWrap(192).Label2]</label2>
				<icon>$INFO[Container(50).ListItemNoWrap(192).Icon]</icon>
				<visible>!String.IsEmpty(Container(50).ListItemNoWrap(192).Label)</visible>
			</item>
			<item>
				<label>$INFO[Container(50).ListItemNoWrap(193).Label]</label>
				<label2>$INFO[Container(50).ListItemNoWrap(193).Label2]</label2>
				<icon>$INFO[Container(50).ListItemNoWrap(193).Icon]</icon>
				<visible>!String.IsEmpty(Container(50).ListItemNoWrap(193).Label)</visible>
			</item>
			<item>
				<label>$INFO[Container(50).ListItemNoWrap(194).Label]</label>
				<label2>$INFO[Container(50).ListItemNoWrap(194).Label2]</label2>
				<icon>$INFO[Container(50).ListItemNoWrap(194).Icon]</icon>
				<visible>!String.IsEmpty(Container(50).ListItemNoWrap(194).Label)</visible>
			</item>
			<item>
				<label>$INFO[Container(50).ListItemNoWrap(195).Label]</label>
				<label2>$INFO[Container(50).ListItemNoWrap(195).Label2]</label2>
				<icon>$INFO[Container(50).ListItemNoWrap(195).Icon]</icon>
				<visible>!String.IsEmpty(Container(50).ListItemNoWrap(195).Label)</visible>
			</item>
			<item>
				<label>$INFO[Container(50).ListItemNoWrap(196).Label]</label>
				<label2>$INFO[Container(50).ListItemNoWrap(196).Label2]</label2>
				<icon>$INFO[Container(50).ListItemNoWrap(196).Icon]</icon>
				<visible>!String.IsEmpty(Container(50).ListItemNoWrap(196).Label)</visible>
			</item>
			<item>
				<label>$INFO[Container(50).ListItemNoWrap(197).Label]</label>
				<label2>$INFO[Container(50).ListItemNoWrap(197).Label2]</label2>
				<icon>$INFO[Container(50).ListItemNoWrap(197).Icon]</icon>
				<visible>!String.IsEmpty(Container(50).ListItemNoWrap(197).Label)</visible>
			</item>
			<item>
				<label>$INFO[Container(50).ListItemNoWrap(198).Label]</label>
				<label2>$INFO[Container(50).ListItemNoWrap(198).Label2]</label2>
				<icon>$INFO[Container(50).ListItemNoWrap(198).Icon]</icon>
				<visible>!String.IsEmpty(Container(50).ListItemNoWrap(198).Label)</visible>
			</item>
			<item>
				<label>$INFO[Container(50).ListItemNoWrap(199).Label]</label>
				<label2>$INFO[Container(50).ListItemNoWrap(199).Label2]</label2>
				<icon>$INFO[Container(50).ListItemNoWrap(199).Icon]</icon>
				<visible>!String.IsEmpty(Container(50).ListItemNoWrap(199).Label)</visible>
			</item>
		</content>
	</include>
</includes>
