<?xml version="1.0" encoding="UTF-8"?>
<window>
	<!-- script-embuary-person.xml -->
	<defaultcontrol always="true">7000</defaultcontrol>
	<onload>SetProperty(onback_10052,SetFocus(7000))</onload>
	<onload>SetProperty(onback_10053,SetFocus(7001))</onload>
	<onload>SetProperty(onback_10054,SetFocus(7002))</onload>
	<onunload>ClearProperty(StarredInTV,home)</onunload>
	<onunload>ClearProperty(ActorImages,home)</onunload>
	<animation effect="fade" end="100" start="100" time="200">WindowClose</animation>
	<controls>
		<!-- Hidden Lists -->
		<control id="10051" type="list">
			<include>HiddenHomeList</include>
		</control>
		<!-- Hidden Biography -->
		<control type="textbox">
			<left>-1200</left>
			<width>1192</width>
			<height>172</height>
			<align>left</align>
			<font>Reg30Spaced</font>
			<autoscroll>false</autoscroll>
			<textcolor>ffbbbbbb</textcolor>
			<pagecontrol>96</pagecontrol>
			<label>[COLOR $VAR[ExtendedInfoLabelColor]][B]$LOCALIZE[21887][/B][/COLOR]  [LIGHT]$INFO[Container(10051).ListItem.Property(Biography)][/LIGHT]</label>
		</control>
		<!-- Hidden scrollbar -->
		<control id="96" type="scrollbar">
			<left>-1200</left>
			<width>1192</width>
			<height>172</height>
			<showonepage>false</showonepage>
			<orientation>vertical</orientation>
		</control>
		<!-- Background -->
		<control type="image">
			<include>FullscreenDimensions</include>
			<texture>special://skin/extras/backgrounds/default.png</texture>
			<visible>String.IsEmpty(Window(home).Property(ShowXRay))</visible>
		</control>
		<control type="group">
			<left>90</left>
			<top>99</top>
			<include>DialogVideoInfoAnimation</include>
			<!-- Icon -->
			<control type="image">
				<width>290</width>
				<height>430</height>
				<texture fallback="views/cast_fallback.png">$INFO[Container(10051).ListItem.Art(thumb)]</texture>
				<aspectratio aligny="center">scale</aspectratio>
			</control>
			<control id="7000" type="button">
				<top>518</top>
				<width>480</width>
				<height>35</height>
				<onup condition="!Control.IsVisible(96)">Close</onup>
				<onup condition="Control.IsVisible(96)">3002</onup>
				<ondown condition="Control.IsVisible(7001)">7001</ondown>
				<ondown condition="!Control.IsVisible(7001)">7002</ondown>
				<onleft>Close</onleft>
				<onright condition="!String.IsEmpty(Container(10052).ListItemNoWrap(0).Label)">10052</onright>
				<onright condition="String.IsEmpty(Container(10052).ListItemNoWrap(0).Label) + Control.IsVisible(96)">3000</onright>
				<onfocus>ClearProperty(StarredInTV,home)</onfocus>
				<onfocus>ClearProperty(ActorImages,home)</onfocus>
				<onfocus>ClearProperty(FadeResume,home)</onfocus>
				<font>Light35</font>
				<textcolor>ffdadada</textcolor>
				<focusedcolor>ffffc24b</focusedcolor>
				<label>$LOCALIZE[31026]</label>
				<include>NoTextures</include>
				<animation condition="![String.IsEmpty(Window(home).Property(StarredInTV)) + String.IsEmpty(Window(home).Property(ActorImages))]" effect="fade" end="50" start="100" time="0">Conditional</animation>
			</control>
			<control id="7001" type="button">
				<top>573</top>
				<width>480</width>
				<height>35</height>
				<onup>7000</onup>
				<ondown>7002</ondown>
				<onleft>Close</onleft>
				<onright condition="!String.IsEmpty(Container(10053).ListItem.Label)">10053</onright>
				<onfocus>SetProperty(StarredInTV,1,home)</onfocus>
				<onfocus>ClearProperty(ActorImages,home)</onfocus>
				<onfocus>ClearProperty(FadeResume,home)</onfocus>
				<font>Light35</font>
				<textcolor>ffdadada</textcolor>
				<focusedcolor>ffffc24b</focusedcolor>
				<label>$LOCALIZE[31107]</label>
				<include>NoTextures</include>
				<visible>!String.IsEmpty(Container(10053).ListItem.Label)</visible>
				<animation condition="String.IsEmpty(Window(home).Property(StarredInTV))" effect="fade" end="50" start="100" time="0">Conditional</animation>
			</control>
			<control id="7002" type="button">
				<top>628</top>
				<width>480</width>
				<height>35</height>
				<onup condition="Control.IsVisible(7001)">7001</onup>
				<onup condition="!Control.IsVisible(7001)">7000</onup>
				<ondown>noop</ondown>
				<onleft>Close</onleft>
				<onright condition="!String.IsEmpty(Container(10054).ListItem.Icon)">10054</onright>
				<onfocus>SetProperty(ActorImages,1,home)</onfocus>
				<onfocus>ClearProperty(StarredInTV,home)</onfocus>
				<onfocus>ClearProperty(FadeResume,home)</onfocus>
				<font>Light35</font>
				<textcolor>ffdadada</textcolor>
				<focusedcolor>ffffc24b</focusedcolor>
				<label>$LOCALIZE[31051]</label>
				<include>NoTextures</include>
				<visible>!String.IsEmpty(Container(10054).ListItem.Icon)</visible>
				<animation condition="String.IsEmpty(Window(home).Property(ActorImages))" effect="fade" end="50" start="100" time="0">Conditional</animation>
				<animation condition="!Control.IsVisible(7001)" effect="slide" end="0,-55" start="0,0" time="0">Conditional</animation>
			</control>
		</control>
		<control type="group">
			<left>458</left>
			<top>99</top>
			<!-- Heading -->
			<control type="label">
				<top>-12</top>
				<width>1170</width>
				<height>48</height>
				<font>Bold46</font>
				<scroll>true</scroll>
				<textcolor>ffdadada</textcolor>
				<scrollspeed>100</scrollspeed>
				<label>$INFO[Container(10051).ListItem.Label]</label>
				<include>DialogVideoInfoAnimation</include>
			</control>
			<!-- Born / Role -->
			<control type="group">
				<top>64</top>
				<height>36</height>
				<itemgap>20</itemgap>
				<include>DialogVideoInfoAnimation</include>
				<visible>!String.IsEmpty(Container(10051).ListItem.Property(Birthday))</visible>
				<animation condition="Control.HasFocus(10052) | Control.HasFocus(10053)" effect="fade" end="0" start="100" time="0">Conditional</animation>
				<animation condition="!Control.HasFocus(10052) + !Control.HasFocus(10053)" delay="200" effect="fade" end="100" start="0" time="80">Conditional</animation>
				<control type="textbox">
					<width>1192</width>
					<height max="162">auto</height>
					<align>left</align>
					<font>Reg30Spaced</font>
					<autoscroll>false</autoscroll>
					<textcolor>ffbbbbbb</textcolor>
					<label>[COLOR $VAR[ExtendedInfoLabelColor]][B]$LOCALIZE[21893][/B][/COLOR]  [LIGHT]$INFO[Container(10051).ListItem.Property(Birthday)][/LIGHT]</label>
					<include>DialogVideoInfoAnimation</include>
				</control>
			</control>
			<control type="group">
				<top>136</top>
				<width>2800</width>
				<height>1400</height>
				<include>DialogVideoInfoAnimation</include>
				<animation condition="Control.HasFocus(10052) | Control.HasFocus(10053) | Control.HasFocus(10054)" effect="slide" end="0,-71" start="0,0" time="200">Conditional</animation>
				<!-- Biography -->
				<control type="textbox">
					<width>1192</width>
					<height max="172">auto</height>
					<align>left</align>
					<font>Reg30Spaced</font>
					<autoscroll>false</autoscroll>
					<textcolor>ffbbbbbb</textcolor>
					<label>[COLOR $VAR[ExtendedInfoLabelColor]][B]$LOCALIZE[21887][/B][/COLOR]  [LIGHT]$INFO[Container(10051).ListItem.Property(Biography)][/LIGHT]</label>
					<visible>!String.IsEmpty(Container(10051).ListItem.Property(Biography))</visible>
				</control>
				<!-- More button -->
				<control id="3000" type="button">
					<left>1194</left>
					<top>130</top>
					<width>37</width>
					<height>23</height>
					<onup>Close</onup>
					<ondown condition="Control.IsVisible(10052)">10052</ondown>
					<ondown condition="Control.IsVisible(10053)">10053</ondown>
					<ondown condition="Control.IsVisible(10054)">10054</ondown>
					<onleft>7000</onleft>
					<onright>8</onright>
					<onfocus>ClearProperty(FadeResume,home)</onfocus>
					<onclick>RunScript(script.embuary.helper,action=textviewer,header='empty',message='$ESCINFO[Container(10051).ListItem.Property(Biography)]')</onclick>
					<visible>Control.IsVisible(96) + !String.IsEmpty(Container(10051).ListItem.Property(Biography))</visible>
					<include>DialogVideoInfoAnimation</include>
					<texturefocus>views/more_fo.png</texturefocus>
					<texturenofocus>views/more_nf.png</texturenofocus>
				</control>
			</control>
			<!-- Known for -->
			<control type="group">
				<top>328</top>
				<height>36</height>
				<itemgap>20</itemgap>
				<include>DialogVideoInfoAnimation</include>
				<visible>!String.IsEmpty(Container(10052).ListItem(0).Label)</visible>
				<animation condition="Control.HasFocus(10052) | Control.HasFocus(10053) | Control.HasFocus(10054)" effect="fade" end="0" start="100" time="0">Conditional</animation>
				<animation condition="!Control.HasFocus(10052) + !Control.HasFocus(10053) | Control.HasFocus(10054)" delay="200" effect="fade" end="100" start="0" time="80">Conditional</animation>
				<control type="textbox">
					<width>1192</width>
					<height max="162">auto</height>
					<align>left</align>
					<font>Reg30Spaced</font>
					<autoscroll>false</autoscroll>
					<textcolor>ffbbbbbb</textcolor>
					<label>$VAR[ExtendedInfoLabelKnowFor]</label>
					<include>DialogVideoInfoAnimation</include>
				</control>
			</control>
		</control>
		<control type="group">
			<left>-117</left>
			<top>686</top>
			<!-- Starring -->
			<control type="label">
				<top>-157</top>
				<left>575</left>
				<width>1000</width>
				<height>32</height>
				<font>Bold30</font>
				<textcolor>$VAR[ExtendedInfoLabelColor]</textcolor>
				<label>$INFO[Container(10051).ListItem.Label,$LOCALIZE[31204] ]</label>
				<visible>String.IsEmpty(Window(home).Property(StarredInTV)) + String.IsEmpty(Window(home).Property(ActorImages)) + !String.IsEmpty(Container(10052).ListItem.Label) + !Control.HasFocus(10052)</visible>
				<animation delay="400" effect="fade" end="100" start="0" time="200">Visible</animation>
				<animation effect="fade" end="0" start="100" time="0">Hidden</animation>
			</control>
			<!-- No titles -->
			<control type="label">
				<top>120</top>
				<left>575</left>
				<width>1000</width>
				<height>32</height>
				<font>Med54</font>
				<textcolor>ffbebebe</textcolor>
				<label>$LOCALIZE[31078]</label>
				<visible>String.IsEmpty(Window(home).Property(StarredInTV)) + String.IsEmpty(Window(home).Property(ActorImages)) + String.IsEmpty(Container(10052).ListItem.Label)</visible>
				<animation delay="400" effect="fade" end="100" start="0" time="200">Visible</animation>
				<animation condition="Control.HasFocus(10052)" effect="fade" end="0" start="100" time="0">Conditional</animation>
				<animation condition="!Control.HasFocus(10052)" delay="200" effect="fade" end="100" start="0" time="80">Conditional</animation>
			</control>
			<!-- Movies -->
			<control id="10052" type="fixedlist">
				<left>-25</left>
				<top>-271</top>
				<width>2600</width>
				<height>576</height>
				<onup condition="Control.IsVisible(96)">3000</onup>
				<onup condition="!Control.IsVisible(96)">Close</onup>
				<ondown>noop</ondown>
				<onleft>7000</onleft>
				<onright>noop</onright>
				<onright condition="!Window.IsVisible(1103)">SetProperty(BounceRight,1,Home)</onright>
				<onfocus>SetProperty(FadeResume,true,home)</onfocus>
				<preloaditems>2</preloaditems>
				<focusposition>2</focusposition>
				<viewtype label="">list</viewtype>
				<orientation>horizontal</orientation>
				<scrolltime easing="inout" tween="sine">300</scrolltime>
				<visible>String.IsEmpty(Window(home).Property(StarredInTV)) + String.IsEmpty(Window(home).Property(ActorImages))</visible>
				<animation condition="Window.IsVisible(1103)" reversible="false" type="Conditional">
					<effect easing="out" end="-20,0" start="0,0" time="60" tween="sine" type="slide"/>
					<effect delay="80" easing="out" end="20,0" start="0,0" time="120" tween="sine" type="slide"/>
				</animation>
				<animation effect="fade" end="100" start="0" time="300">Visible</animation>
				<animation effect="fade" end="0" start="100" time="300">Hidden</animation>
				<animation center="480,212" condition="!Control.HasFocus(10052)" easing="inout" effect="zoom" end="81" start="100" time="300" tween="sine">Conditional</animation>
				<itemlayout height="576" width="300">
					<control type="group">
						<visible>Control.HasFocus(10052)</visible>
						<animation center="150,288" condition="true" effect="zoom" end="85" start="85">Conditional</animation>
						<control type="image">
							<left>-48</left>
							<centertop>288</centertop>
							<width>416</width>
							<height>576</height>
							<texture border="50">views/shadow_nf.png</texture>
						</control>
						<control type="image">
							<top>48</top>
							<width>320</width>
							<height>480</height>
							<aspectratio align="center">scale</aspectratio>
							<texture background="true" fallback="views/movie_fallback.png">$INFO[ListItem.Icon]</texture>
						</control>
						<control type="label">
							<left>18</left>
							<top>455</top>
							<width>290</width>
							<height>42</height>
							<font>Bold42</font>
							<scroll>false</scroll>
							<textcolor>ffffffff</textcolor>
							<shadowcolor>80000000</shadowcolor>
							<label>$INFO[ListItem.Label]</label>
							<visible>String.IsEmpty(ListItem.Icon)</visible>
						</control>
						<control type="image">
							<top>48</top>
							<width>320</width>
							<height>480</height>
							<texture>views/OverlayNF.png</texture>
							<visible>Control.HasFocus(10052)</visible>
							<animation center="auto" easing="inout" effect="fade" end="100" start="0" time="300" tween="sine">VisibleChange</animation>
						</control>
					</control>
				</itemlayout>
				<focusedlayout height="576" width="300">
					<control type="group">
						<visible>Control.HasFocus(10052)</visible>
						<animation center="150,288" condition="Control.HasFocus(10052) + [Container(10052).OnNext | Container(10052).OnPrevious]" easing="inout" effect="zoom" end="100" start="85" time="300" tween="sine">Focus</animation>
						<animation center="150,288" condition="Control.HasFocus(10052) + [Container(10052).OnNext | Container(10052).OnPrevious]" easing="inout" effect="zoom" end="85" start="100" time="300" tween="sine">UnFocus</animation>
						<animation center="150,288" condition="!Control.HasFocus(10052)" easing="inout" effect="zoom" end="85" start="100" time="300" tween="sine">Conditional</animation>
						<control type="image">
							<left>-48</left>
							<centertop>288</centertop>
							<width>416</width>
							<height>576</height>
							<texture border="50">views/shadow_fo.png</texture>
							<animation center="auto" condition="Control.HasFocus(10052) | Container(10052).OnNext | Container(10052).OnPrevious" easing="inout" effect="fade" end="100" start="0" time="300" tween="sine">Focus</animation>
							<animation center="auto" condition="Container(10052).OnNext | Container(10052).OnPrevious" easing="inout" effect="fade" end="0" start="100" time="300" tween="sine">UnFocus</animation>
						</control>
						<control type="image">
							<left>-48</left>
							<centertop>288</centertop>
							<width>416</width>
							<height>576</height>
							<texture border="50">views/shadow_nf.png</texture>
							<animation center="auto" condition="Control.HasFocus(10052)" easing="inout" effect="fade" end="0" start="100" time="300" tween="sine">Focus</animation>
							<animation center="auto" condition="Control.HasFocus(10052)" easing="inout" effect="fade" end="100" start="0" time="300" tween="sine">UnFocus</animation>
						</control>
						<control type="image">
							<top>48</top>
							<width>320</width>
							<height>480</height>
							<aspectratio align="center">scale</aspectratio>
							<texture background="true" fallback="views/movie_fallback.png">$INFO[ListItem.Icon]</texture>
						</control>
						<control type="label">
							<left>18</left>
							<top>455</top>
							<width>290</width>
							<height>42</height>
							<font>Bold42</font>
							<scroll>false</scroll>
							<textcolor>ffffffff</textcolor>
							<shadowcolor>80000000</shadowcolor>
							<label>$INFO[ListItem.Label]</label>
							<visible>String.IsEmpty(ListItem.Icon)</visible>
						</control>
						<control type="image">
							<top>48</top>
							<width>320</width>
							<height>480</height>
							<texture>views/OverlayNF.png</texture>
							<visible>Control.HasFocus(10052)</visible>
							<animation center="auto" condition="Control.HasFocus(10052)" easing="inout" effect="fade" end="0" start="100" time="300" tween="sine">Focus</animation>
							<animation center="auto" condition="Control.HasFocus(10052)" easing="inout" effect="fade" end="100" start="0" time="300" tween="sine">UnFocus</animation>
						</control>
					</control>
				</focusedlayout>
			</control>
			<control type="group">
				<left>677</left>
				<top>-319</top>
				<visible>String.IsEmpty(Window(home).Property(StarredInTV)) + String.IsEmpty(Window(home).Property(ActorImages)) + !Control.HasFocus(10052) + !String.IsEmpty(Container(10052).ListItem.Label)</visible>
				<animation center="480,212" condition="!Control.HasFocus(10052)" easing="inout" effect="zoom" end="81" start="100" time="300" tween="sine">Conditional</animation>
				<animation center="150,288" condition="true" effect="zoom" end="85" start="85">Conditional</animation>
				<control type="group">
					<visible>!String.IsEmpty(Container(10052).ListItemNoWrap(0).Label)</visible>
					<control type="image">
						<left>-48</left>
						<centertop>288</centertop>
						<width>416</width>
						<height>576</height>
						<texture border="50">views/shadow_nf.png</texture>
					</control>
					<control type="image">
						<top>48</top>
						<width>320</width>
						<height>480</height>
						<aspectratio align="center">scale</aspectratio>
						<texture background="true" fallback="views/movie_fallback.png">$INFO[Container(10052).ListItemNoWrap(0).Icon]</texture>
					</control>
					<control type="label">
						<left>18</left>
						<top>455</top>
						<width>290</width>
						<height>42</height>
						<font>Bold42</font>
						<scroll>false</scroll>
						<textcolor>ffffffff</textcolor>
						<shadowcolor>80000000</shadowcolor>
						<label>$INFO[Container(10052).ListItemNoWrap(0).Label]</label>
						<visible>String.IsEmpty(Container(10052).ListItemNoWrap(0).Icon)</visible>
					</control>
				</control>
				<control type="group">
					<left>352</left>
					<visible>!String.IsEmpty(Container(10052).ListItemNoWrap(1).Label)</visible>
					<control type="image">
						<left>-48</left>
						<centertop>288</centertop>
						<width>416</width>
						<height>576</height>
						<texture border="50">views/shadow_nf.png</texture>
					</control>
					<control type="image">
						<top>48</top>
						<width>320</width>
						<height>480</height>
						<aspectratio align="center">scale</aspectratio>
						<texture background="true" fallback="views/movie_fallback.png">$INFO[Container(10052).ListItemNoWrap(1).Icon]</texture>
					</control>
					<control type="label">
						<left>18</left>
						<top>455</top>
						<width>290</width>
						<height>42</height>
						<font>Bold42</font>
						<scroll>false</scroll>
						<textcolor>ffffffff</textcolor>
						<shadowcolor>80000000</shadowcolor>
						<label>$INFO[Container(10052).ListItemNoWrap(1).Label]</label>
						<visible>String.IsEmpty(Container(10052).ListItemNoWrap(1).Icon)</visible>
					</control>
				</control>
				<control type="group">
					<left>705</left>
					<visible>!String.IsEmpty(Container(10052).ListItemNoWrap(2).Label)</visible>
					<control type="image">
						<left>-48</left>
						<centertop>288</centertop>
						<width>416</width>
						<height>576</height>
						<texture border="50">views/shadow_nf.png</texture>
					</control>
					<control type="image">
						<top>48</top>
						<width>320</width>
						<height>480</height>
						<aspectratio align="center">scale</aspectratio>
						<texture background="true" fallback="views/movie_fallback.png">$INFO[Container(10052).ListItemNoWrap(2).Icon]</texture>
					</control>
					<control type="label">
						<left>18</left>
						<top>455</top>
						<width>290</width>
						<height>42</height>
						<font>Bold42</font>
						<scroll>false</scroll>
						<textcolor>ffffffff</textcolor>
						<shadowcolor>80000000</shadowcolor>
						<label>$INFO[Container(10052).ListItemNoWrap(2).Label]</label>
						<visible>String.IsEmpty(Container(10052).ListItemNoWrap(2).Icon)</visible>
					</control>
				</control>
				<control type="group">
					<left>1058</left>
					<visible>!String.IsEmpty(Container(10052).ListItemNoWrap(3).Label)</visible>
					<control type="image">
						<left>-48</left>
						<centertop>288</centertop>
						<width>416</width>
						<height>576</height>
						<texture border="50">views/shadow_nf.png</texture>
					</control>
					<control type="image">
						<top>48</top>
						<width>320</width>
						<height>480</height>
						<aspectratio align="center">scale</aspectratio>
						<texture background="true" fallback="views/movie_fallback.png">$INFO[Container(10052).ListItemNoWrap(3).Icon]</texture>
					</control>
					<control type="label">
						<left>18</left>
						<top>455</top>
						<width>290</width>
						<height>42</height>
						<font>Bold42</font>
						<scroll>false</scroll>
						<textcolor>ffffffff</textcolor>
						<shadowcolor>80000000</shadowcolor>
						<label>$INFO[Container(10052).ListItemNoWrap(3).Label]</label>
						<visible>String.IsEmpty(Container(10052).ListItemNoWrap(3).Icon)</visible>
					</control>
				</control>
				<control type="group">
					<left>1410</left>
					<visible>!String.IsEmpty(Container(10052).ListItemNoWrap(4).Label)</visible>
					<control type="image">
						<left>-48</left>
						<centertop>288</centertop>
						<width>416</width>
						<height>576</height>
						<texture border="50">views/shadow_nf.png</texture>
					</control>
					<control type="image">
						<top>48</top>
						<width>320</width>
						<height>480</height>
						<aspectratio align="center">scale</aspectratio>
						<texture background="true" fallback="views/movie_fallback.png">$INFO[Container(10052).ListItemNoWrap(4).Icon]</texture>
					</control>
					<control type="label">
						<left>18</left>
						<top>455</top>
						<width>290</width>
						<height>42</height>
						<font>Bold42</font>
						<scroll>false</scroll>
						<textcolor>ffffffff</textcolor>
						<shadowcolor>80000000</shadowcolor>
						<label>$INFO[Container(10052).ListItemNoWrap(4).Label]</label>
						<visible>String.IsEmpty(Container(10052).ListItemNoWrap(4).Icon)</visible>
					</control>
				</control>
				<control type="group">
					<left>1763</left>
					<visible>!String.IsEmpty(Container(10052).ListItemNoWrap(5).Label)</visible>
					<control type="image">
						<left>-48</left>
						<centertop>288</centertop>
						<width>416</width>
						<height>576</height>
						<texture border="50">views/shadow_nf.png</texture>
					</control>
					<control type="image">
						<top>48</top>
						<width>320</width>
						<height>480</height>
						<aspectratio align="center">scale</aspectratio>
						<texture background="true" fallback="views/movie_fallback.png">$INFO[Container(10052).ListItemNoWrap(5).Icon]</texture>
					</control>
					<control type="label">
						<left>18</left>
						<top>455</top>
						<width>290</width>
						<height>42</height>
						<font>Bold42</font>
						<scroll>false</scroll>
						<textcolor>ffffffff</textcolor>
						<shadowcolor>80000000</shadowcolor>
						<label>$INFO[Container(10052).ListItemNoWrap(5).Label]</label>
						<visible>String.IsEmpty(Container(10052).ListItemNoWrap(5).Icon)</visible>
					</control>
				</control>
			</control>
			<!-- Starring -->
			<control type="label">
				<top>-157</top>
				<left>575</left>
				<width>1000</width>
				<height>32</height>
				<font>Bold30</font>
				<textcolor>$VAR[ExtendedInfoLabelColor]</textcolor>
				<label>$INFO[Container(10051).ListItem.Label,$LOCALIZE[31050] ]</label>
				<visible>!String.IsEmpty(Window(home).Property(StarredInTV)) + !String.IsEmpty(Container(10053).ListItem.Label) + !Control.HasFocus(10053)</visible>
				<animation delay="400" effect="fade" end="100" start="0" time="200">Visible</animation>
				<animation effect="fade" end="0" start="100" time="0">Hidden</animation>
			</control>
			<!-- No titles -->
			<control type="label">
				<top>120</top>
				<left>575</left>
				<width>1000</width>
				<height>32</height>
				<font>Med54</font>
				<textcolor>ffbebebe</textcolor>
				<label>$LOCALIZE[31078]</label>
				<visible>!String.IsEmpty(Window(home).Property(StarredInTV)) + String.IsEmpty(Container(10053).ListItem.Label)</visible>
				<animation delay="400" effect="fade" end="100" start="0" time="200">Visible</animation>
				<animation condition="Control.HasFocus(10053)" effect="fade" end="0" start="100" time="0">Conditional</animation>
				<animation condition="!Control.HasFocus(10053)" delay="200" effect="fade" end="100" start="0" time="80">Conditional</animation>
			</control>
			<!-- Video list -->
			<control id="10053" type="fixedlist">
				<left>-25</left>
				<top>-271</top>
				<width>2600</width>
				<height>576</height>
				<onup condition="Control.IsVisible(96)">3000</onup>
				<onup condition="!Control.IsVisible(96)">Close</onup>
				<ondown>noop</ondown>
				<onleft>7001</onleft>
				<onright>noop</onright>
				<onright condition="!Window.IsVisible(1103)">SetProperty(BounceRight,1,Home)</onright>
				<onfocus>SetProperty(FadeResume,true,home)</onfocus>
				<preloaditems>2</preloaditems>
				<focusposition>2</focusposition>
				<viewtype label="">list</viewtype>
				<orientation>horizontal</orientation>
				<scrolltime easing="inout" tween="sine">300</scrolltime>
				<visible>!String.IsEmpty(Window(home).Property(StarredInTV))</visible>
				<animation condition="Window.IsVisible(1103)" reversible="false" type="Conditional">
					<effect easing="out" end="-20,0" start="0,0" time="60" tween="sine" type="slide"/>
					<effect delay="80" easing="out" end="20,0" start="0,0" time="120" tween="sine" type="slide"/>
				</animation>
				<animation delay="300" effect="fade" end="100" start="0" time="300">Visible</animation>
				<animation effect="fade" end="0" start="100" time="300">Hidden</animation>
				<animation center="480,212" condition="!Control.HasFocus(10053)" easing="inout" effect="zoom" end="81" start="100" time="300" tween="sine">Conditional</animation>
				<itemlayout height="576" width="300">
					<control type="group">
						<visible>Control.HasFocus(10053)</visible>
						<animation center="150,288" condition="true" effect="zoom" end="85" start="85">Conditional</animation>
						<control type="image">
							<left>-48</left>
							<centertop>288</centertop>
							<width>416</width>
							<height>576</height>
							<texture border="50">views/shadow_nf.png</texture>
						</control>
						<control type="image">
							<top>48</top>
							<width>320</width>
							<height>480</height>
							<aspectratio align="center">scale</aspectratio>
							<texture background="true" fallback="views/movie_fallback.png">$INFO[ListItem.Icon]</texture>
						</control>
						<control type="label">
							<left>18</left>
							<top>455</top>
							<width>290</width>
							<height>42</height>
							<font>Bold42</font>
							<scroll>false</scroll>
							<textcolor>ffffffff</textcolor>
							<label>$INFO[ListItem.Label]</label>
							<visible>String.IsEmpty(ListItem.Icon)</visible>
						</control>
						<control type="image">
							<top>48</top>
							<width>320</width>
							<height>480</height>
							<texture>views/OverlayNF.png</texture>
							<visible>Control.HasFocus(10053)</visible>
							<animation center="auto" easing="inout" effect="fade" end="100" start="0" time="300" tween="sine">VisibleChange</animation>
						</control>
					</control>
				</itemlayout>
				<focusedlayout height="576" width="300">
					<control type="group">
						<visible>Control.HasFocus(10053)</visible>
						<animation center="150,288" condition="Control.HasFocus(10053) + [Container(10053).OnNext | Container(10053).OnPrevious]" easing="inout" effect="zoom" end="100" start="85" time="300" tween="sine">Focus</animation>
						<animation center="150,288" condition="Control.HasFocus(10053) + [Container(10053).OnNext | Container(10053).OnPrevious]" easing="inout" effect="zoom" end="85" start="100" time="300" tween="sine">UnFocus</animation>
						<animation center="150,288" condition="!Control.HasFocus(10053)" easing="inout" effect="zoom" end="85" start="100" time="300" tween="sine">Conditional</animation>
						<control type="image">
							<left>-48</left>
							<centertop>288</centertop>
							<width>416</width>
							<height>576</height>
							<texture border="50">views/shadow_fo.png</texture>
							<animation center="auto" condition="Control.HasFocus(10053) | Container(10053).OnNext | Container(10053).OnPrevious" easing="inout" effect="fade" end="100" start="0" time="300" tween="sine">Focus</animation>
							<animation center="auto" condition="Container(10053).OnNext | Container(10053).OnPrevious" easing="inout" effect="fade" end="0" start="100" time="300" tween="sine">UnFocus</animation>
						</control>
						<control type="image">
							<left>-48</left>
							<centertop>288</centertop>
							<width>416</width>
							<height>576</height>
							<texture border="50">views/shadow_nf.png</texture>
							<animation center="auto" condition="Control.HasFocus(10053)" easing="inout" effect="fade" end="0" start="100" time="300" tween="sine">Focus</animation>
							<animation center="auto" condition="Control.HasFocus(10053)" easing="inout" effect="fade" end="100" start="0" time="300" tween="sine">UnFocus</animation>
						</control>
						<control type="image">
							<top>48</top>
							<width>320</width>
							<height>480</height>
							<aspectratio align="center">scale</aspectratio>
							<texture background="true" fallback="views/movie_fallback.png">$INFO[ListItem.Icon]</texture>
						</control>
						<control type="label">
							<left>18</left>
							<top>455</top>
							<width>290</width>
							<height>42</height>
							<font>Bold42</font>
							<scroll>false</scroll>
							<textcolor>ffffffff</textcolor>
							<label>$INFO[ListItem.Label]</label>
							<visible>String.IsEmpty(ListItem.Icon)</visible>
						</control>
						<control type="image">
							<top>48</top>
							<width>320</width>
							<height>480</height>
							<texture>views/OverlayNF.png</texture>
							<visible>Control.HasFocus(10053)</visible>
							<animation center="auto" condition="Control.HasFocus(10053)" easing="inout" effect="fade" end="0" start="100" time="300" tween="sine">Focus</animation>
							<animation center="auto" condition="Control.HasFocus(10053)" easing="inout" effect="fade" end="100" start="0" time="300" tween="sine">UnFocus</animation>
						</control>
					</control>
				</focusedlayout>
			</control>
			<control type="group">
				<left>677</left>
				<top>-319</top>
				<visible>!String.IsEmpty(Window(home).Property(StarredInTV)) + !Control.HasFocus(10053) + !String.IsEmpty(Container(10053).ListItem.Label)</visible>
				<animation center="480,212" condition="!Control.HasFocus(10053)" easing="inout" effect="zoom" end="81" start="100" time="300" tween="sine">Conditional</animation>
				<animation center="150,288" condition="true" effect="zoom" end="85" start="85">Conditional</animation>
				<control type="group">
					<visible>!String.IsEmpty(Container(10053).ListItemNoWrap(0).Label)</visible>
					<control type="image">
						<left>-48</left>
						<centertop>288</centertop>
						<width>416</width>
						<height>576</height>
						<texture border="50">views/shadow_nf.png</texture>
					</control>
					<control type="image">
						<top>48</top>
						<width>320</width>
						<height>480</height>
						<aspectratio align="center">scale</aspectratio>
						<texture background="true" fallback="views/movie_fallback.png">$INFO[Container(10053).ListItemNoWrap(0).Icon]</texture>
					</control>
					<control type="label">
						<left>18</left>
						<top>455</top>
						<width>290</width>
						<height>42</height>
						<font>Bold42</font>
						<scroll>false</scroll>
						<textcolor>ffffffff</textcolor>
						<label>$INFO[Container(10053).ListItemNoWrap(0).Label]</label>
						<visible>String.IsEmpty(Container(10053).ListItemNoWrap(0).Icon)</visible>
					</control>
				</control>
				<control type="group">
					<left>352</left>
					<visible>!String.IsEmpty(Container(10053).ListItemNoWrap(1).Label)</visible>
					<control type="image">
						<left>-48</left>
						<centertop>288</centertop>
						<width>416</width>
						<height>576</height>
						<texture border="50">views/shadow_nf.png</texture>
					</control>
					<control type="image">
						<top>48</top>
						<width>320</width>
						<height>480</height>
						<aspectratio align="center">scale</aspectratio>
						<texture background="true" fallback="views/movie_fallback.png">$INFO[Container(10053).ListItemNoWrap(1).Icon]</texture>
					</control>
					<control type="label">
						<left>18</left>
						<top>455</top>
						<width>290</width>
						<height>42</height>
						<font>Bold42</font>
						<scroll>false</scroll>
						<textcolor>ffffffff</textcolor>
						<label>$INFO[Container(10053).ListItemNoWrap(1).Label]</label>
						<visible>String.IsEmpty(Container(10053).ListItemNoWrap(1).Icon)</visible>
					</control>
				</control>
				<control type="group">
					<left>705</left>
					<visible>!String.IsEmpty(Container(10053).ListItemNoWrap(2).Label)</visible>
					<control type="image">
						<left>-48</left>
						<centertop>288</centertop>
						<width>416</width>
						<height>576</height>
						<texture border="50">views/shadow_nf.png</texture>
					</control>
					<control type="image">
						<top>48</top>
						<width>320</width>
						<height>480</height>
						<aspectratio align="center">scale</aspectratio>
						<texture background="true" fallback="views/movie_fallback.png">$INFO[Container(10053).ListItemNoWrap(2).Icon]</texture>
					</control>
					<control type="label">
						<left>18</left>
						<top>455</top>
						<width>290</width>
						<height>42</height>
						<font>Bold42</font>
						<scroll>false</scroll>
						<textcolor>ffffffff</textcolor>
						<label>$INFO[Container(10053).ListItemNoWrap(2).Label]</label>
						<visible>String.IsEmpty(Container(10053).ListItemNoWrap(2).Icon)</visible>
					</control>
				</control>
				<control type="group">
					<left>1058</left>
					<visible>!String.IsEmpty(Container(10053).ListItemNoWrap(3).Label)</visible>
					<control type="image">
						<left>-48</left>
						<centertop>288</centertop>
						<width>416</width>
						<height>576</height>
						<texture border="50">views/shadow_nf.png</texture>
					</control>
					<control type="image">
						<top>48</top>
						<width>320</width>
						<height>480</height>
						<aspectratio align="center">scale</aspectratio>
						<texture background="true" fallback="views/movie_fallback.png">$INFO[Container(10053).ListItemNoWrap(3).Icon]</texture>
					</control>
					<control type="label">
						<left>18</left>
						<top>455</top>
						<width>290</width>
						<height>42</height>
						<font>Bold42</font>
						<scroll>false</scroll>
						<textcolor>ffffffff</textcolor>
						<label>$INFO[Container(10053).ListItemNoWrap(3).Label]</label>
						<visible>String.IsEmpty(Container(10053).ListItemNoWrap(3).Icon)</visible>
					</control>
				</control>
				<control type="group">
					<left>1410</left>
					<visible>!String.IsEmpty(Container(10053).ListItemNoWrap(4).Label)</visible>
					<control type="image">
						<left>-48</left>
						<centertop>288</centertop>
						<width>416</width>
						<height>576</height>
						<texture border="50">views/shadow_nf.png</texture>
					</control>
					<control type="image">
						<top>48</top>
						<width>320</width>
						<height>480</height>
						<aspectratio align="center">scale</aspectratio>
						<texture background="true" fallback="views/movie_fallback.png">$INFO[Container(10053).ListItemNoWrap(4).Icon]</texture>
					</control>
					<control type="label">
						<left>18</left>
						<top>455</top>
						<width>290</width>
						<height>42</height>
						<font>Bold42</font>
						<scroll>false</scroll>
						<textcolor>ffffffff</textcolor>
						<label>$INFO[Container(10053).ListItemNoWrap(4).Label]</label>
						<visible>String.IsEmpty(Container(10053).ListItemNoWrap(4).Icon)</visible>
					</control>
				</control>
				<control type="group">
					<left>1763</left>
					<visible>!String.IsEmpty(Container(10053).ListItemNoWrap(5).Label)</visible>
					<control type="image">
						<left>-48</left>
						<centertop>288</centertop>
						<width>416</width>
						<height>576</height>
						<texture border="50">views/shadow_nf.png</texture>
					</control>
					<control type="image">
						<top>48</top>
						<width>320</width>
						<height>480</height>
						<aspectratio align="center">scale</aspectratio>
						<texture background="true" fallback="views/movie_fallback.png">$INFO[Container(10053).ListItemNoWrap(5).Icon]</texture>
					</control>
					<control type="label">
						<left>18</left>
						<top>455</top>
						<width>290</width>
						<height>42</height>
						<font>Bold42</font>
						<scroll>false</scroll>
						<textcolor>ffffffff</textcolor>
						<label>$INFO[Container(10053).ListItemNoWrap(5).Label]</label>
						<visible>String.IsEmpty(Container(10053).ListItemNoWrap(5).Icon)</visible>
					</control>
				</control>
			</control>
			<!-- Images -->
			<control type="label">
				<top>-157</top>
				<left>575</left>
				<width>1000</width>
				<height>32</height>
				<font>Bold30</font>
				<textcolor>$VAR[ExtendedInfoLabelColor]</textcolor>
				<label>$INFO[Container(10051).ListItem.Label,$LOCALIZE[31069] ]</label>
				<visible>!String.IsEmpty(Window(home).Property(ActorImages)) + !String.IsEmpty(Container(10054).ListItem.Icon) + !Control.HasFocus(10054)</visible>
				<animation delay="400" effect="fade" end="100" start="0" time="200">Visible</animation>
				<animation effect="fade" end="0" start="100" time="0">Hidden</animation>
			</control>
			<!-- No Images -->
			<control type="label">
				<top>120</top>
				<left>575</left>
				<width>1000</width>
				<height>32</height>
				<font>Med54</font>
				<textcolor>ffbebebe</textcolor>
				<label>$LOCALIZE[31078]</label>
				<visible>!String.IsEmpty(Window(home).Property(ActorImages)) + String.IsEmpty(Container(10054).ListItem.Icon)</visible>
				<animation delay="400" effect="fade" end="100" start="0" time="200">Visible</animation>
				<animation condition="Control.HasFocus(10054)" effect="fade" end="0" start="100" time="0">Conditional</animation>
				<animation condition="!Control.HasFocus(10054)" delay="200" effect="fade" end="100" start="0" time="80">Conditional</animation>
			</control>
			<!-- Image list -->
			<control id="10054" type="fixedlist">
				<left>-25</left>
				<top>-271</top>
				<width>2600</width>
				<height>576</height>
				<onup condition="Control.IsVisible(96)">3000</onup>
				<onup condition="!Control.IsVisible(96)">Close</onup>
				<ondown>noop</ondown>
				<onleft>7002</onleft>
				<onright>noop</onright>
				<onright condition="!Window.IsVisible(1103)">SetProperty(BounceRight,1,Home)</onright>
				<onfocus>SetProperty(FadeResume,true,home)</onfocus>
				<preloaditems>2</preloaditems>
				<focusposition>2</focusposition>
				<viewtype label="">list</viewtype>
				<orientation>horizontal</orientation>
				<scrolltime easing="inout" tween="sine">300</scrolltime>
				<visible>!String.IsEmpty(Window(home).Property(ActorImages))</visible>
				<animation condition="Window.IsVisible(1103)" reversible="false" type="Conditional">
					<effect easing="out" end="-20,0" start="0,0" time="60" tween="sine" type="slide"/>
					<effect delay="80" easing="out" end="20,0" start="0,0" time="120" tween="sine" type="slide"/>
				</animation>
				<animation delay="300" effect="fade" end="100" start="0" time="300">Visible</animation>
				<animation effect="fade" end="0" start="100" time="300">Hidden</animation>
				<animation center="480,212" condition="!Control.HasFocus(10054)" easing="inout" effect="zoom" end="81" start="100" time="300" tween="sine">Conditional</animation>
				<itemlayout height="576" width="300">
					<control type="group">
						<visible>Control.HasFocus(10054)</visible>
						<animation center="150,288" condition="true" effect="zoom" end="85" start="85">Conditional</animation>
						<control type="image">
							<left>-48</left>
							<centertop>288</centertop>
							<width>416</width>
							<height>576</height>
							<texture border="50">views/shadow_nf.png</texture>
						</control>
						<control type="image">
							<top>48</top>
							<width>320</width>
							<height>480</height>
							<aspectratio align="center">scale</aspectratio>
							<texture background="true" fallback="views/cast_fallback.png">$INFO[ListItem.Icon]</texture>
						</control>
						<control type="label">
							<left>18</left>
							<top>455</top>
							<width>290</width>
							<height>42</height>
							<font>Bold42</font>
							<scroll>false</scroll>
							<textcolor>ffffffff</textcolor>
							<label>$INFO[ListItem.Label]</label>
							<visible>String.IsEmpty(ListItem.Icon)</visible>
						</control>
						<control type="image">
							<top>48</top>
							<width>320</width>
							<height>480</height>
							<texture>views/OverlayNF.png</texture>
							<visible>Control.HasFocus(10054)</visible>
							<animation center="auto" easing="inout" effect="fade" end="100" start="0" time="300" tween="sine">VisibleChange</animation>
						</control>
					</control>
				</itemlayout>
				<focusedlayout height="576" width="300">
					<control type="group">
						<visible>Control.HasFocus(10054)</visible>
						<animation center="150,288" condition="Control.HasFocus(10054) + [Container(10054).OnNext | Container(10054).OnPrevious]" easing="inout" effect="zoom" end="100" start="85" time="300" tween="sine">Focus</animation>
						<animation center="150,288" condition="Control.HasFocus(10054) + [Container(10054).OnNext | Container(10054).OnPrevious]" easing="inout" effect="zoom" end="85" start="100" time="300" tween="sine">UnFocus</animation>
						<animation center="150,288" condition="!Control.HasFocus(10054)" easing="inout" effect="zoom" end="85" start="100" time="300" tween="sine">Conditional</animation>
						<control type="image">
							<left>-48</left>
							<centertop>288</centertop>
							<width>416</width>
							<height>576</height>
							<texture border="50">views/shadow_fo.png</texture>
							<animation center="auto" condition="Control.HasFocus(10054) | Container(10054).OnNext | Container(10054).OnPrevious" easing="inout" effect="fade" end="100" start="0" time="300" tween="sine">Focus</animation>
							<animation center="auto" condition="Container(10054).OnNext | Container(10054).OnPrevious" easing="inout" effect="fade" end="0" start="100" time="300" tween="sine">UnFocus</animation>
						</control>
						<control type="image">
							<left>-48</left>
							<centertop>288</centertop>
							<width>416</width>
							<height>576</height>
							<texture border="50">views/shadow_nf.png</texture>
							<animation center="auto" condition="Control.HasFocus(10054)" easing="inout" effect="fade" end="0" start="100" time="300" tween="sine">Focus</animation>
							<animation center="auto" condition="Control.HasFocus(10054)" easing="inout" effect="fade" end="100" start="0" time="300" tween="sine">UnFocus</animation>
						</control>
						<control type="image">
							<top>48</top>
							<width>320</width>
							<height>480</height>
							<aspectratio align="center">scale</aspectratio>
							<texture background="true" fallback="views/cast_fallback.png">$INFO[ListItem.Icon]</texture>
						</control>
						<control type="image">
							<top>48</top>
							<width>320</width>
							<height>480</height>
							<texture>views/OverlayNF.png</texture>
							<visible>Control.HasFocus(10054)</visible>
							<animation center="auto" condition="Control.HasFocus(10054)" easing="inout" effect="fade" end="0" start="100" time="300" tween="sine">Focus</animation>
							<animation center="auto" condition="Control.HasFocus(10054)" easing="inout" effect="fade" end="100" start="0" time="300" tween="sine">UnFocus</animation>
						</control>
					</control>
				</focusedlayout>
			</control>
			<control type="group">
				<left>677</left>
				<top>-319</top>
				<visible>!String.IsEmpty(Window(home).Property(ActorImages)) + !Control.HasFocus(10054) + !String.IsEmpty(Container(10054).ListItem.Label)</visible>
				<animation center="480,212" condition="!Control.HasFocus(10054)" easing="inout" effect="zoom" end="81" start="100" time="300" tween="sine">Conditional</animation>
				<animation center="150,288" condition="true" effect="zoom" end="85" start="85">Conditional</animation>
				<control type="group">
					<visible>!String.IsEmpty(Container(10054).ListItemNoWrap(0).Label)</visible>
					<control type="image">
						<left>-48</left>
						<centertop>288</centertop>
						<width>416</width>
						<height>576</height>
						<texture border="50">views/shadow_nf.png</texture>
					</control>
					<control type="image">
						<top>48</top>
						<width>320</width>
						<height>480</height>
						<aspectratio align="center">scale</aspectratio>
						<texture background="true" fallback="views/cast_fallback.png">$INFO[Container(10054).ListItemNoWrap(0).Icon]</texture>
					</control>
				</control>
				<control type="group">
					<left>352</left>
					<visible>!String.IsEmpty(Container(10054).ListItemNoWrap(1).Label)</visible>
					<control type="image">
						<left>-48</left>
						<centertop>288</centertop>
						<width>416</width>
						<height>576</height>
						<texture border="50">views/shadow_nf.png</texture>
					</control>
					<control type="image">
						<top>48</top>
						<width>320</width>
						<height>480</height>
						<aspectratio align="center">scale</aspectratio>
						<texture background="true" fallback="views/cast_fallback.png">$INFO[Container(10054).ListItemNoWrap(1).Icon]</texture>
					</control>
				</control>
				<control type="group">
					<left>705</left>
					<visible>!String.IsEmpty(Container(10054).ListItemNoWrap(2).Label)</visible>
					<control type="image">
						<left>-48</left>
						<centertop>288</centertop>
						<width>416</width>
						<height>576</height>
						<texture border="50">views/shadow_nf.png</texture>
					</control>
					<control type="image">
						<top>48</top>
						<width>320</width>
						<height>480</height>
						<aspectratio align="center">scale</aspectratio>
						<texture background="true" fallback="views/cast_fallback.png">$INFO[Container(10054).ListItemNoWrap(2).Icon]</texture>
					</control>
				</control>
				<control type="group">
					<left>1058</left>
					<visible>!String.IsEmpty(Container(10054).ListItemNoWrap(3).Label)</visible>
					<control type="image">
						<left>-48</left>
						<centertop>288</centertop>
						<width>416</width>
						<height>576</height>
						<texture border="50">views/shadow_nf.png</texture>
					</control>
					<control type="image">
						<top>48</top>
						<width>320</width>
						<height>480</height>
						<aspectratio align="center">scale</aspectratio>
						<texture background="true" fallback="views/cast_fallback.png">$INFO[Container(10054).ListItemNoWrap(3).Icon]</texture>
					</control>
				</control>
				<control type="group">
					<left>1410</left>
					<visible>!String.IsEmpty(Container(10054).ListItemNoWrap(4).Label)</visible>
					<control type="image">
						<left>-48</left>
						<centertop>288</centertop>
						<width>416</width>
						<height>576</height>
						<texture border="50">views/shadow_nf.png</texture>
					</control>
					<control type="image">
						<top>48</top>
						<width>320</width>
						<height>480</height>
						<aspectratio align="center">scale</aspectratio>
						<texture background="true" fallback="views/cast_fallback.png">$INFO[Container(10054).ListItemNoWrap(4).Icon]</texture>
					</control>
				</control>
				<control type="group">
					<left>1763</left>
					<visible>!String.IsEmpty(Container(10054).ListItemNoWrap(5).Label)</visible>
					<control type="image">
						<left>-48</left>
						<centertop>288</centertop>
						<width>416</width>
						<height>576</height>
						<texture border="50">views/shadow_nf.png</texture>
					</control>
					<control type="image">
						<top>48</top>
						<width>320</width>
						<height>480</height>
						<aspectratio align="center">scale</aspectratio>
						<texture background="true" fallback="views/cast_fallback.png">$INFO[Container(10054).ListItemNoWrap(5).Icon]</texture>
					</control>
				</control>
			</control>
			<!-- Info -->
			<control type="grouplist">
				<left>575</left>
				<top>267</top>
				<width>1192</width>
				<height>50</height>
				<itemgap>8</itemgap>
				<orientation>horizontal</orientation>
				<usecontrolcoords>true</usecontrolcoords>
				<visible>Control.HasFocus(10052) | Control.HasFocus(10053)</visible>
				<animation delay="300" easing="inout" effect="fade" end="100" start="0" time="120" tween="sine">Visible</animation>
				<animation effect="fade" end="0" start="100" time="0">Hidden</animation>
				<control type="label">
					<top>2</top>
					<width>auto</width>
					<height>50</height>
					<align>left</align>
					<aligny>top</aligny>
					<font>Bold31</font>
					<textcolor>ffbcbcbc</textcolor>
					<label>$INFO[Container(10052).ListItem.Label]</label>
					<visible>Control.HasFocus(10052)</visible>
				</control>
				<control type="label">
					<top>2</top>
					<width>auto</width>
					<height>50</height>
					<align>left</align>
					<aligny>top</aligny>
					<font>Bold31</font>
					<textcolor>ffbcbcbc</textcolor>
					<label>$INFO[Container(10053).ListItem.Label]</label>
					<visible>Control.HasFocus(10053)</visible>
				</control>
			</control>
		</control>
	</controls>
</window>
