<?xml version="1.0" encoding="UTF-8"?>
<window>
	<defaultcontrol>3</defaultcontrol>
	<onload condition="String.IsEmpty(Window(Home).Property(MenuItemActive))">SetProperty(MenuItemActive,settings,Home)</onload>
	<onload condition="String.IsEmpty(Window(Home).Property(MenuBackground))">SetProperty(MenuBackground,special://skin/extras/backgrounds/settings.jpg,Home)</onload>
	<controls>
		<include>CommonCustomBackground</include>
		<include>CommonBackground</include>
		<control type="image">
			<left>-10</left>
			<top>-10</top>
			<width>1300</width>
			<height>740</height>
			<texture border="15">Shadow.png</texture>
		</control>
		<control type="group">
			<left>90</left>
			<top>30</top>
			<animation type="WindowOpen" reversible="false">
				<effect type="zoom" start="80" end="100" center="640,360" easing="out" tween="back" time="225" />
				<effect type="fade" start="0" end="100" time="225" />
			</animation>
			<animation type="WindowClose" reversible="false">
				<effect type="zoom" start="100" end="80" center="640,360" easing="in" tween="back" time="225" />
				<effect type="fade" start="100" end="0" time="225" />
			</animation>
			<control type="grouplist" id="3">
				<description>button area</description>
				<left>10</left>
				<top>90</top>
				<width>260</width>
				<height>481</height>
				<itemgap>-1</itemgap>
				<onleft>5</onleft>
				<onright>5</onright>
				<onup>3</onup>
				<ondown>20</ondown>
			</control>
			<control type="button" id="20">
				<description>Setting level button</description>
				<left>10</left>
				<top>562</top>
				<height>60</height>
				<width>260</width>
				<label>10037</label>
				<textoffsetx>20</textoffsetx>
				<textoffsety>28</textoffsety>
				<align>left</align>
				<aligny>top</aligny>
				<font>font13</font>
				<textcolor>white</textcolor>
				<focusedcolor>selected</focusedcolor>
				<shadowcolor>black</shadowcolor>
				<texturefocus></texturefocus>
				<texturenofocus></texturenofocus>
				<pulseonselect>false</pulseonselect>
				<onleft>5</onleft>
				<onright>5</onright>
				<onup>3</onup>
				<ondown>3</ondown>
				<onclick>SettingsLevelChange</onclick>
			</control>
			<control type="label">
				<left>30</left>
				<top>566</top>
				<height>25</height>
				<width>230</width>
				<label>31142</label>
				<font>font13_title</font>
				<textcolor>lime</textcolor>
				<shadowcolor>black</shadowcolor>
				<align>left</align>
				<aligny>center</aligny>
			</control>
			<control type="label">
				<description>header label</description>
				<left>300</left>
				<top>20</top>
				<width>726</width>
				<height>30</height>
				<font>font16</font>
				<label>$INFO[Control.GetLabel(2)] - $LOCALIZE[5]</label>
				<align>center</align>
				<aligny>center</aligny>
				<textcolor>deepskyblue</textcolor>
				<shadowcolor>black</shadowcolor>
			</control>
			<control type="grouplist" id="5">
				<description>control area</description>
				<left>290</left>
				<top>70</top>
				<width>750</width>
				<height>435</height>
				<itemgap>-1</itemgap>
				<pagecontrol>60</pagecontrol>
				<onleft>3</onleft>
				<onright>60</onright>
				<onup>5</onup>
				<ondown>5</ondown>
			</control>
			<control type="scrollbar" id="60">
				<left>1060</left>
				<top>60</top>
				<width>25</width>
				<height>435</height>
				<texturesliderbackground border="0,14,0,14">ScrollBarV.png</texturesliderbackground>
				<texturesliderbar border="0,14,0,14">ScrollBarV_bar.png</texturesliderbar>
				<texturesliderbarfocus border="0,14,0,14">ScrollBarV_bar_focus.png</texturesliderbarfocus>
				<textureslidernib>ScrollBarNib.png</textureslidernib>
				<textureslidernibfocus>ScrollBarNib.png</textureslidernibfocus>
				<onleft>5</onleft>
				<onright>3</onright>
				<showonepage>false</showonepage>
				<orientation>vertical</orientation>
			</control>
			<control type="textbox" id="6">
				<description>description area</description>
				<left>297</left>
				<top>532</top>
				<width>736</width>
				<height>83</height>
				<font>font12</font>
				<align>justify</align>
				<textcolor>white</textcolor>
				<shadowcolor>black</shadowcolor>
				<autoscroll time="3000" delay="4000" repeat="5000">true</autoscroll>
			</control>
		</control>
		<include>BehindDialogFadeOut</include>
		<control type="button" id="10">
			<description>Default Category Button</description>
			<height>60</height>
			<width>260</width>
			<textoffsetx>20</textoffsetx>
			<align>left</align>
			<aligny>center</aligny>
			<font>font24_title</font>
			<textcolor>white</textcolor>
			<focusedcolor>deepskyblue</focusedcolor>
			<shadowcolor>black</shadowcolor>
			<texturefocus></texturefocus>
			<texturenofocus></texturenofocus>
			<pulseonselect>false</pulseonselect>
		</control>
		<control type="button" id="7">
			<description>Default Button</description>
			<left>0</left>
			<top>0</top>
			<height>40</height>
			<font>font13</font>
			<textcolor>white</textcolor>
			<focusedcolor>deepskyblue</focusedcolor>
			<shadowcolor>black</shadowcolor>
			<invalidcolor>invalid</invalidcolor>
			<texturefocus></texturefocus>
			<texturenofocus></texturenofocus>
		</control>
		<control type="radiobutton" id="8">
			<description>Default RadioButton</description>
			<left>0</left>
			<top>0</top>
			<height>40</height>
			<font>font13</font>
			<textcolor>white</textcolor>
			<focusedcolor>deepskyblue</focusedcolor>
			<shadowcolor>black</shadowcolor>
			<texturefocus></texturefocus>
			<texturenofocus></texturenofocus>
		</control>
		<control type="spincontrolex" id="9">
			<description>Default SpinControlex</description>
			<left>0</left>
			<top>0</top>
			<height>40</height>
			<font>font13</font>
			<textcolor>white</textcolor>
			<focusedcolor>deepskyblue</focusedcolor>
			<shadowcolor>black</shadowcolor>
			<texturefocus></texturefocus>
			<texturenofocus></texturenofocus>
			<aligny>center</aligny>
			<reverse>yes</reverse>
		</control>
		<control type="sliderex" id="13">
			<description>Default Slider</description>
			<posx>0</posx>
			<posy>0</posy>
			<height>40</height>
			<font>font13</font>
			<textcolor>white</textcolor>
			<focusedcolor>deepskyblue</focusedcolor>
			<shadowcolor>black</shadowcolor>
			<texturefocus></texturefocus>
			<texturenofocus></texturenofocus>
			<aligny>center</aligny>
		</control>
		<control type="label" id="14">
			<description>Default Label</description>
			<left>0</left>
			<top>0</top>
			<height>30</height>
			<label></label>
			<align>center</align>
			<aligny>bottom</aligny>
			<font>font13_title</font>
			<textcolor>deepskyblue</textcolor>
			<shadowcolor>black</shadowcolor>
		</control>
		<control type="label" id="2">
			<description>Fake Label so we can pass it value down to the one below</description>
			<left>0</left>
			<top>0</top>
			<width>0</width>
			<height>0</height>
			<font></font>
			<visible>false</visible>
		</control>
		<control type="group">
			<depth>DepthFooter</depth>
			<include>CommonNowPlaying</include>
		</control>
		<include>MainWindowMouseButtons</include>
		<include content="CommonWindowHeader">
			<param name="Icon" value="icon_system" />
			<param name="Label" value="$LOCALIZE[5]" />
			<param name="ShowLabel2" value="true" />
		</include>
	</controls>
</window>
