<?xml version="1.0" encoding="UTF-8"?>
<window id="1134" type="dialog">
	<visible>[VideoPlayer.IsFullscreen + Player.Paused + System.IdleTime(2.0) + !Skin.HasSetting(Disable.Netflix.Pause) + !System.HasActiveModalDialog]</visible>
	<visible>VideoPlayer.Content(movies) | VideoPlayer.Content(episodes) | VideoPlayer.Content(files) | VideoPlayer.Content(livetv)</visible>
	<controls>
		<control type="image">
			<include>FullscreenDimensions</include>
			<colordiffuse>8CFFFFFF</colordiffuse>
			<texture border="1">black.png</texture>
			<animation effect="fade" time="320">WindowOpen</animation>
			<animation effect="fade" time="200">WindowClose</animation>
		</control>
		<control type="group">
			<animation type="WindowOpen" reversible="false">
				<effect type="zoom" start="150" end="100" center="400,540" time="400" tween="cubic" easing="out"/>
				<effect type="fade" end="100" time="150"/>
			</animation>
			<animation effect="fade" end="0">WindowClose</animation>
			<control type="image">
				<centertop>8%</centertop>
				<centerleft>15.7%</centerleft>
				<width>700</width>
				<height>200</height>
				<aspectratio>keep</aspectratio>
				<texture background="true">$VAR[VideoPlayerClearLogoVar]</texture>
				<!-- PlayerInfoClearLogoVar -->
				<bordersize>20</bordersize>
			</control>
			<control type="image">
				<left>1528</left>
				<top>528</top>
				<width>410</width>
				<height>580</height>
				<texture background="true">$VAR[PVRPosterVar]</texture>
				<bordertexture border="20">thumbs/thumb_shadow_aa.png</bordertexture>
				<bordersize>20</bordersize>
			</control>
			<control type="image">
				<left>1528</left>
				<top>528</top>
				<width>410</width>
				<height>580</height>
				<texture background="true">$VAR[NoPlayerPVRThumbVar]</texture>
				<bordertexture border="20">thumbs/thumb_shadow_aa.png</bordertexture>
				<bordersize>20</bordersize>
			</control>
			<control type="image">
				<left>1319</left>
				<top>729</top>
				<width>350</width>
				<height>350</height>
				<texture background="true">$VAR[PVRVideoPlayerDiscartVar]</texture>
			</control>
			<control type="image">
				<centerleft>87%</centerleft>
				<centertop>15%</centertop>
				<width>480</width>
				<height>350</height>
				<aspectratio>keep</aspectratio>
				<texture background="true">$VAR[PlayerPVRClearArtVar]</texture>
			</control>
			<control type="grouplist">
				<left>100</left>
				<top>170</top>
				<width>1720</width>
				<height>860</height>
				<usecontrolcoords>true</usecontrolcoords>
				<control type="label">
					<width>1720</width>
					<height>60</height>
					<font>font48_title</font>
					<textoffsetx>15</textoffsetx>
					<textcolor>$VAR[ThemeLabelColor]</textcolor>
					<label>$LOCALIZE[112]...</label>
				</control>
				<control type="textbox">
					<left>15</left>
					<width>1720</width>
					<height min="125" max="250">auto</height>
					<font>font100caps_title</font>
					<textcolor>grey</textcolor>
					<label>$INFO[Player.Title]</label>
					<visible>VideoPlayer.Content(files)</visible>
				</control>
				<control type="textbox">
					<left>15</left>
					<width>1720</width>
					<height min="125" max="250">auto</height>
					<font>font100caps_title</font>
					<textcolor>grey</textcolor>
					<label>$INFO[VideoPlayer.TvShowTitle]</label>
					<visible>VideoPlayer.Content(episodes)</visible>
				</control>
				<control type="label">
					<width>1720</width>
					<height>60</height>
					<font>font15</font>
					<textoffsetx>15</textoffsetx>
					<textcolor>grey</textcolor>
					<label>[B]$INFO[VideoPlayer.Season,$LOCALIZE[20373] ,: ]$INFO[VideoPlayer.Episode,$LOCALIZE[20359] ]$INFO[VideoPlayer.Title,  -  ][/B]</label>
					<visible>VideoPlayer.Content(episodes)</visible>
				</control>
				<control type="group">
					<height>60</height>
					<control type="image">
						<left>10</left>
						<top>-4</top>
						<width>180</width>
						<height>70</height>
						<aspectratio>keep</aspectratio>
						<colordiffuse>$VAR[ThemeLabelColor]</colordiffuse>
						<texture fallback="flags/rating/0.0.png">$INFO[VideoPlayer.Rating,flags/rating/,.png]</texture>
						<visible>String.IsEmpty(VideoPlayer.UserRating)</visible>
					</control>
					<control type="image">
						<left>10</left>
						<top>-4</top>
						<width>180</width>
						<height>70</height>
						<aspectratio>keep</aspectratio>
						<colordiffuse>$VAR[ThemeLabelColor]</colordiffuse>
						<texture>$INFO[VideoPlayer.UserRating,flags/rating/,.png]</texture>
						<visible>!String.IsEmpty(VideoPlayer.UserRating)</visible>
					</control>
					<control type="image">
						<left>205</left>
						<top>13</top>
						<width>75</width>
						<height>38</height>
						<texture colordiffuse="grey">IMDb_bw.png</texture>
						<visible>!String.IsEmpty(VideoPlayer.Top250)</visible>
					</control>
					<control type="label">
						<left>285</left>
						<width>1720</width>
						<height>60</height>
						<font>font15</font>
						<textoffsetx>15</textoffsetx>
						<textcolor>grey</textcolor>
						<label>$INFO[VideoPlayer.Top250,$LOCALIZE[13409]  #]</label>
						<visible>!String.IsEmpty(VideoPlayer.Top250)</visible>
					</control>
				</control>
				<control type="label">
					<width>1720</width>
					<height>60</height>
					<font>font15</font>
					<textoffsetx>15</textoffsetx>
					<textcolor>grey</textcolor>
					<label>$INFO[VideoPlayer.Director,$LOCALIZE[31000]: ,]</label>
					<visible>!String.IsEmpty(VideoPlayer.Director)</visible>
				</control>
				<control type="label">
					<width>1720</width>
					<height>60</height>
					<font>font15</font>
					<textoffsetx>15</textoffsetx>
					<textcolor>grey</textcolor>
					<label>$INFO[VideoPlayer.Year]$INFO[VideoPlayer.MPAA,  •  ]  •  $VAR[PlayerDurationVar]</label>
				</control>
				<control type="label">
					<width>1720</width>
					<height>60</height>
					<font>font15</font>
					<textoffsetx>15</textoffsetx>
					<textcolor>grey</textcolor>
					<label>$INFO[Player.FinishTime,$LOCALIZE[31393]: ,]  •  $VAR[PlayerTimeRemainingHourVar,, ]$VAR[PlayerTimeRemainingMinuteVar]</label>
				</control>
				<control type="textbox">
					<left>15</left>
					<top>10</top>
					<width>900</width>
					<height>290</height>
					<textcolor>grey</textcolor>
					<label>$INFO[VideoPlayer.PlotOutline]</label>
					<autoscroll time="3000" delay="4000" repeat="5000">true</autoscroll>
					<visible>!VideoPlayer.Content(episodes)</visible>
					<visible>!String.IsEmpty(VideoPlayer.PlotOutline) + !String.IsEqual(VideoPlayer.PlotOutline,N/A)</visible>
				</control>
				<control type="textbox">
					<left>15</left>
					<top>10</top>
					<width>1200</width>
					<height>290</height>
					<textcolor>grey</textcolor>
					<label>$INFO[VideoPlayer.Plot]</label>
					<autoscroll time="3000" delay="4000" repeat="5000">true</autoscroll>
					<visible>String.IsEmpty(VideoPlayer.PlotOutline) | String.IsEqual(VideoPlayer.PlotOutline,N/A)</visible>
				</control>
			</control>
		</control>
	</controls>
</window>