<?xml version="1.0" encoding="UTF-8"?>
<window id="1128" type="dialog">
	<defaultcontrol always="true">90100</defaultcontrol>
	<controls>
		<control type="group">
			<control type="button" id="8999">
				<left>365</left>
				<top>-11</top>
				<width>64</width>
				<height>48</height>
				<label></label>
				<font>CloseButton</font>
				<textcolor>grey</textcolor>
				<focusedcolor>$VAR[ThemeLabelColor]</focusedcolor>
				<onclick>Dialog.Close(1128)</onclick>
				<texturefocus/>
				<texturenofocus/>
				<visible>system.getbool(input.enablemouse)</visible>
			</control>
			<control type="grouplist" id="90100">
				<top>105</top>
				<width>400</width>
				<height>1080</height>
				<onleft>Dialog.Close(1128)</onleft>
				<onright>Dialog.Close(1128)</onright>
				<onup>90100</onup>
				<ondown>90100</ondown>
				<control type="radiobutton" id="901001">
					<description>Fanart</description>
					<include>ButtonCommonValues</include>
					<label>$LOCALIZE[20445]</label>
					<onclick>Skin.ToggleSetting(Disable.Fanart)</onclick>
					<selected>!Skin.HasSetting(Disable.Fanart)</selected>
					<visible>Window.IsMedia</visible>
				</control>
				<control type="radiobutton" id="901002">
					<description>Extrafanart</description>
					<include>ButtonCommonValues</include>
					<label>   - $LOCALIZE[31020]</label>
					<onclick>Skin.ToggleSetting(Disable.Extrafanart)</onclick>
					<selected>!Skin.HasSetting(Disable.Extrafanart)</selected>
					<enable>!Skin.HasSetting(Disable.Fanart)</enable>
					<visible>Window.IsMedia</visible>
				</control>
				<control type="button" id="901005">
					<description>Fallback</description>
					<include>ButtonCommonValues</include>
					<label>$LOCALIZE[31117]: $VAR[BackgroundLabelVar]</label>
					<onclick>Skin.Reset(ItemToEdit.MultiFanart)</onclick>
					<onclick>SetProperty(No.Cases,True,Home)</onclick>
					<onclick>$VAR[FallbackBackgroundOnClickVar]</onclick>
					<onclick>ActivateWindow(1122)</onclick>
				</control>
			</control>
		</control>
	</controls>
</window>