<?xml version="1.0" encoding="UTF-8"?>
<window>
	<animation type="WindowOpen" reversible="false">
		<effect type="slide" start="0,-138" tween="cubic" easing="inout" time="0"/>
	</animation>
	<animation type="WindowClose" reversible="false">
		<effect type="slide" end="0,-138" tween="cubic" easing="inout" time="0"/>
	</animation>
	<controls>
		<control type="group">
			<top>5</top>
			<visible>String.IsEmpty(Window(Home).Property(script.cinemavision.running))</visible>
			<control type="image">
				<left>-5%</left>
				<top>-30</top>
				<width>110%</width>
				<height>122</height>
				<align>center</align>
				<texture flipy="true" colordiffuse="$VAR[ThemePanelColor]" border="40">dialogs/default/bg.png</texture>
			</control>
			<control type="image" id="400">
				<left>20</left>
				<top>-8</top>
				<width>84</width>
				<height>84</height>
				<aspectratio>keep</aspectratio>
				<texture diffuse="circle.png">$INFO[Control.GetLabel(400)]</texture>
			</control>
			<control type="image">
				<left>1828</left>
				<top>-8</top>
				<width>84</width>
				<height>84</height>
				<aspectratio>keep</aspectratio>
				<texture diffuse="circle.png">$INFO[Control.GetLabel(400)]</texture>
			</control>
			<control type="fadelabel" id="401">
				<description>Line 1 Label</description>
				<left>130</left>
				<top>-10</top>
				<width>1660</width>
				<height>40</height>
				<font>font15_title</font>
				<textcolor>$VAR[ThemeLabelColor]</textcolor>
				<scrollout>false</scrollout>
				<pauseatend>2000</pauseatend>
				<textoffsetx>10</textoffsetx>
				<align>center</align>
			</control>
			<control type="fadelabel" id="402">
				<description>Line 2 Label</description>
				<left>130</left>
				<top>30</top>
				<width>1660</width>
				<height>40</height>
				<font>font13_title</font>
				<textcolor>grey</textcolor>
				<scrollout>false</scrollout>
				<pauseatend>2000</pauseatend>
				<textoffsetx>10</textoffsetx>
				<align>center</align>
			</control>
		</control>
	</controls>
</window>