<?xml version="1.0" encoding="UTF-8"?>
<window>
	<defaultcontrol/>
	<controls>
		<control type="label" id="1">
			<left>60</left>
			<top>60</top>
			<width>915</width>
			<height>60</height>
			<label>$INFO[Player.SeekNumeric(hh:mm:ss)]</label>
			<font>font_MainMenu</font>
			<shadowcolor>black</shadowcolor>
		</control>
		<control type="group" id="0">
			<animation effect="fade" time="0">WindowOpen</animation>
			<animation effect="fade" time="0">WindowClose</animation>
			<control type="grouplist" id="0">
				<left>30</left>
				<width>100%</width>
				<height>300</height>
				<itemgap>10</itemgap>
				<control type="label" id="10">
					<description>row 1 label</description>
					<width>1770</width>
					<height>50</height>
					<font>font14</font>
					<textcolor>grey2</textcolor>
					<shadowcolor>shadow</shadowcolor>
					<label/>
				</control>
				<control type="label" id="11">
					<description>row 2 label</description>
					<width>1770</width>
					<height>50</height>
					<font>font14</font>
					<label/>
					<textcolor>grey2</textcolor>
					<shadowcolor>shadow</shadowcolor>
				</control>
				<control type="label" id="12">
					<description>row 3 label</description>
					<width>1770</width>
					<height>50</height>
					<font>font14</font>
					<label/>
					<textcolor>grey2</textcolor>
					<shadowcolor>shadow</shadowcolor>
				</control>
			</control>
		</control>
	</controls>
</window>