<?xml version="1.0" encoding="UTF-8"?>
<window>
	<defaultcontrol>25</defaultcontrol>
	<coordinates>
		<system>1</system>
		<posx>0</posx>
		<posy>0</posy>
	</coordinates>
	<controls>
		<control type="group">
			<visible>!Window.IsActive(1101) + !Window.IsActive(GameVideoFilter) + !Window.IsActive(GameViewMode) + !Window.IsActive(GameControllers)</visible>
			<include>Animation_OpenCloseFade</include>
			<include>Animation_FadedByOSDSettings</include>
			<include>OSD_Player_Banner</include>
			<include>OSD_Progress_Bar2</include>
			<include>OSD_Player_Details</include>
			<include>OSD_Player_Time</include>
			<control type="grouplist" id="100">
				<posx>292</posx>
				<posy>650</posy>
				<width>775</width>
				<itemgap>0</itemgap>
				<orientation>horizontal</orientation>
				<onleft>60</onleft>
				<onright>10</onright>
				<onup>Close</onup>
				<ondown>Close</ondown>
	<!--			<control type="button" id="5">
					<description>Game Saves</description>
					<include>Animation_ButtonFocus</include>
					<height>60</height>
					<width>60</width>
					<texturefocus>osd/osd_button_book_fo.png</texturefocus>
					<texturenofocus>osd/osd_button_book_nf.png</texturenofocus>
					<onclick>ActivateWindow(videobookmarks)</onclick>
				</control>
	-->			<control type="button" id="10">
					<description>Reset</description>
					<include>Animation_ButtonFocus</include>
					<height>60</height>
					<width>60</width>
					<texturefocus>osd/osd_button_prev_fo.png</texturefocus>
					<texturenofocus>osd/osd_button_prev_nf.png</texturenofocus>
					<onclick>PlayerControl(Reset)</onclick>
				</control>
				<control type="button" id="15">
					<description>Rewind</description>
					<include>Animation_ButtonFocus</include>
					<height>60</height>
					<width>60</width>
					<texturefocus>osd/osd_button_rew_fo.png</texturefocus>
					<texturenofocus>osd/osd_button_rew_nf.png</texturenofocus>
					<onclick>PlayerControl(rewind)</onclick>
				</control>
				<control type="button" id="20">
					<description>Stop</description>
					<include>Animation_ButtonFocus</include>
					<height>60</height>
					<width>60</width>
					<texturefocus>osd/osd_button_stop_fo.png</texturefocus>
					<texturenofocus>osd/osd_button_stop_nf.png</texturenofocus>
					<onclick>PlayerControl(stop)</onclick>
				</control>
				<control type="togglebutton" id="25">
					<description>Play</description>
					<include>Animation_ButtonFocus</include>
					<height>60</height>
					<width>60</width>
					<texturefocus>osd/osd_button_pause_fo.png</texturefocus>
					<texturenofocus>osd/osd_button_pause_nf.png</texturenofocus>
					<usealttexture>Player.Paused | Player.Forwarding | Player.Rewinding</usealttexture>
					<alttexturefocus>osd/osd_button_play_fo.png</alttexturefocus>
					<alttexturenofocus>osd/osd_button_play_nf.png</alttexturenofocus>
					<disabledcolor></disabledcolor>
					<colordiffuse></colordiffuse>
					<onclick>PlayerControl(play)</onclick>
				</control>
	<!--			<control type="button" id="30">
					<description>Forward</description>
					<include>Animation_ButtonFocus</include>
					<height>60</height>
					<width>60</width>
					<texturefocus>osd/osd_button_ff_fo.png</texturefocus>
					<texturenofocus>osd/osd_button_ff_nf.png</texturenofocus>
					<onclick>PlayerControl(forward)</onclick>
				</control>
				<control type="button" id="35">
					<description>Next</description>
					<include>Animation_ButtonFocus</include>
					<height>60</height>
					<width>60</width>
					<texturefocus>osd/osd_button_next_fo.png</texturefocus>
					<texturenofocus>osd/osd_button_next_nf.png</texturenofocus>
					<onclick>PlayerControl(Next)</onclick>
				</control>
				<control type="button" id="40">
					<description>Video Settings</description>
					<include>Animation_ButtonFocus</include>
					<height>60</height>
					<width>60</width>
					<texturefocus>osd/osd_button_settings_fo.png</texturefocus>
					<texturenofocus>osd/osd_button_settings_nf.png</texturenofocus>
					<onclick>ActivateWindow(osdvideosettings)</onclick>
				</control>
	-->			<control type="button" id="45">
					<description>Controller Settings</description>
					<include>Animation_ButtonFocus</include>
					<height>60</height>
					<width>60</width>
					<texturefocus>buttons/button_gameFO.png</texturefocus>
					<texturenofocus>buttons/button_game.png</texturenofocus>
					<onclick>ActivateWindow(GameControllers)</onclick>
				</control>
				<control type="button" id="50">
					<description>View stretch button</description>
					<include>Animation_ButtonFocus</include>
					<height>60</height>
					<width>60</width>
					<texturefocus>buttons/button_videoconfigFO.png</texturefocus>
					<texturenofocus>buttons/button_videoconfig.png</texturenofocus>
					<onclick>ActivateWindow(GameStretchMode)</onclick>
				</control>
				<control type="button" id="51">
					<description>Rotate button</description>
					<include>Animation_ButtonFocus</include>
					<height>60</height>
					<width>60</width>
					<texturefocus>osd/osd_button_repeat_fo.png</texturefocus>
					<texturenofocus>osd/osd_button_repeat_nf.png</texturenofocus>
					<onclick>ActivateWindow(GameVideoRotation)</onclick>
				</control>
				<control type="button" id="53">
					<description>Game Settings</description>
					<include>Animation_ButtonFocus</include>
					<height>60</height>
					<width>60</width>
					<texturefocus>osd/osd_button_settings_fo.png</texturefocus>
					<texturenofocus>osd/osd_button_settings_nf.png</texturenofocus>
					<onclick>ActivateWindow(GameAdvancedSettings)</onclick>
				</control>
				<control type="button" id="55">
					<description>Video filter button</description>
					<include>Animation_ButtonFocus</include>
					<height>60</height>
					<width>60</width>
					<texturefocus>buttons/button_layersFO.png</texturefocus>
					<texturenofocus>buttons/button_layers.png</texturenofocus>
					<onclick>ActivateWindow(GameVideoFilter)</onclick>
				</control>
				<control type="button" id="60">
					<description>Audio Settings</description>
					<include>Animation_ButtonFocus</include>
					<height>60</height>
					<width>60</width>
					<texturefocus>osd/osd_button_audio_fo.png</texturefocus>
					<texturenofocus>osd/osd_button_audio_nf.png</texturenofocus>
					<onclick>ActivateWindow(GameVolume)</onclick>
				</control>
			</control>
		</control>
	</controls>
</window>