<?xml version="1.0" encoding="UTF-8"?>
<window>
	<views>55,905,58,559,501</views>
	<defaultcontrol always="true">55</defaultcontrol>
	<onunload>ClearProperty(SkinHelper.Music.ExtraFanArt, Home)</onunload>
	<controls>
		<include>Global_Background</include>
		<include>Global_Background_Fanart</include>
		<include>Viewtype_List</include>
		<include>Viewtype_LowList</include>
		<include>Viewtype_Gallery_Square</include>
		<include>Viewtype_Panel_Square</include>
		<include>Viewtype_TallGenre</include>
		<include>Global_ContextFilter</include>
		<include>Global_AddonInfo</include>
		<include>Global_ScrollOffsetLabel</include>
		<!-- Navigation Menu -->
		<control type="group">
			<include>Animation_NavMenu</include>
			<include>NavMenuBackground</include>
			<control type="grouplist" id="7000">
				<include>NavMenuCommon</include>
				<onback>55</onback>
				<onleft>55</onleft>
				<onright>55</onright>
				<include>NavMenuListCommon</include>
				<include>NavMenuListOrder</include>
				<include>NavMenuListFilter</include>
				<include>NavMenuListSearch</include>
				<control type="togglebutton" id="50">
					<description>Update Library</description>
					<width>340</width>
					<height>40</height>
					<align>left</align>
					<label>653</label>
					<altlabel>13353</altlabel>
					<textoffsetx>20</textoffsetx>
					<font>METF_DialogLarge</font>
					<textcolor>TextNF</textcolor>
					<focusedcolor>DialogTextFO</focusedcolor>
					<disabledcolor>TextDisabled</disabledcolor>
					<texturefocus>ButtonFO2Wide.png</texturefocus>
					<texturenofocus></texturenofocus>
					<alttexturenofocus border="2"></alttexturenofocus>
					<alttexturefocus border="5">ButtonFO2.png</alttexturefocus>
					<usealttexture>library.isscanningmusic</usealttexture>
					<aligny>center</aligny>
					<pulseonselect>false</pulseonselect>
					<onclick>UpdateLibrary(music)</onclick>
					<visible>!Container.Content(addons)</visible>
				</control>
				<control type="button" id="51">
					<description>Get more</description>
					<width>340</width>
					<height>40</height>
					<align>left</align>
					<aligny>center</aligny>
					<font>METF_DialogLarge</font>
					<label>21452</label>
					<textoffsetx>20</textoffsetx>
					<textcolor>TextNF</textcolor>
					<focusedcolor>DialogTextFO</focusedcolor>
					<disabledcolor>TextDisabled</disabledcolor>
					<texturefocus>ButtonFO2Wide.png</texturefocus>
					<texturenofocus></texturenofocus>
					<pulseonselect>false</pulseonselect>
					<onclick>ActivateWindow(addonbrowser, addons://more/audio/, return)</onclick>
					<visible>Container.Content(addons)</visible>
				</control>
				<include>NavMenuListPartyMode</include>
				<include>NavMenuListPlaying</include>
			</control>
		</control>
		<include>Global_Weather</include>
		<include>Global_Time</include>
		<include>Global_Heading</include>
		<include>Global_MediaOverlay</include>
		<include>Global_MusicInfo</include>
		<include condition="Skin.HasSetting(DebugGrid)">Object_DebugGrid</include>
	</controls>
</window>
