<?xml version="1.0" encoding="UTF-8"?>
<window>
	<views>55,509,59,58,559,500</views>
	<defaultcontrol>55</defaultcontrol>
	<controls>
		<include>Global_Background</include>
		<include>Global_Background_Fanart</include>
		<include>Viewtype_List</include>
		<include>Viewtype_ListFanart</include>
		<include>Viewtype_Gallery_Fanart</include>
		<include>Viewtype_Gallery_Square</include>
		<include>Viewtype_Panel_Square</include>
		<include>Viewtype_PictureGrid</include>
		<include>Global_ContextFilter</include>
		<include>Global_PictureInfo</include>
		<include>Global_AddonInfo</include>
		<include>Global_ScrollOffsetLabel</include>
		<!-- Navigation Menu -->
		<control type="group">
			<include>Animation_NavMenu</include>
			<include>NavMenuBackground</include>
			<control type="grouplist" id="7000">
				<include>NavMenuCommon</include>
				<onback>55</onback>
				<onleft>55</onleft>
				<onright>55</onright>
				<include>NavMenuListCommon</include>
				<include>NavMenuListOrder</include>
				<include>NavMenuListFilter</include>
				<control type="button" id="51">
					<description>Get more</description>
					<width>340</width>
					<height>40</height>
					<align>left</align>
					<aligny>center</aligny>
					<font>METF_DialogLarge</font>
					<label>21452</label>
					<textoffsetx>20</textoffsetx>
					<textcolor>TextNF</textcolor>
					<focusedcolor>DialogTextFO</focusedcolor>
					<disabledcolor>TextDisabled</disabledcolor>
					<texturefocus>ButtonFO2Wide.png</texturefocus>
					<texturenofocus></texturenofocus>
					<pulseonselect>false</pulseonselect>
					<onclick>ActivateWindow(addonbrowser, addons://more/image/, return)</onclick>
					<visible>Container.Content(addons)</visible>
				</control>
				<control type="button" id="6">
					<description>Slideshow</description>
					<width>340</width>
					<height>40</height>
					<align>left</align>
					<aligny>center</aligny>
					<font>METF_DialogLarge</font>
					<label>108</label>
					<textoffsetx>20</textoffsetx>
					<textcolor>TextNF</textcolor>
					<focusedcolor>DialogTextFO</focusedcolor>
					<disabledcolor>TextDisabled</disabledcolor>
					<texturefocus>ButtonFO2Wide.png</texturefocus>
					<texturenofocus></texturenofocus>
					<pulseonselect>false</pulseonselect>
					<visible>!ListItem.IsFolder + !String.Contains(Container.FolderPath,plugin)</visible>
				</control>
				<control type="button" id="7">
					<description>Recursive Slideshow</description>
					<width>340</width>
					<height>40</height>
					<align>left</align>
					<aligny>center</aligny>
					<font>METF_DialogLarge</font>
					<label>108</label>
					<textoffsetx>20</textoffsetx>
					<textcolor>TextNF</textcolor>
					<focusedcolor>DialogTextFO</focusedcolor>
					<disabledcolor>TextDisabled</disabledcolor>
					<texturefocus>ButtonFO2Wide.png</texturefocus>
					<texturenofocus></texturenofocus>
					<pulseonselect>false</pulseonselect>
					<visible>ListItem.IsFolder + !String.Contains(Container.FolderPath,plugin)</visible>
				</control>
				<control type="radiobutton" id="9">
					<description>Randomise</description>
					<width>340</width>
					<align>left</align>
					<label>13319</label>
					<aligny>center</aligny>
					<font>METF_DialogLarge</font>
					<textoffsetx>20</textoffsetx>
					<textcolor>TextNF</textcolor>
					<focusedcolor>DialogTextFO</focusedcolor>
					<disabledcolor>TextDisabled</disabledcolor>
					<texturefocus>ButtonFO2Wide.png</texturefocus>
					<texturenofocus></texturenofocus>
					<visible>!String.Contains(Container.FolderPath,plugin)</visible>
				</control>
				<include>NavMenuListPlaying</include>
			</control>
		</control>
		<include>Global_Weather</include>
		<include>Global_Time</include>
		<include>Global_Heading</include>
		<include>Global_MediaOverlay</include>
		<include condition="Skin.HasSetting(DebugGrid)">Object_DebugGrid</include>
	</controls>
</window>
