<?xml version="1.0" encoding="UTF-8"?>
<window>
	<defaultcontrol always="true">9000</defaultcontrol>
	<onload condition="!Skin.HasSetting(QuartzFirstRun) + !Skin.HasSetting(XBMC5)">Skin.ToggleSetting(XBMC5)</onload>
	<onload condition="!Skin.HasSetting(QuartzFirstRun)">Skin.ToggleSetting(QuartzFirstRun)</onload>
	<controls>
		<include>FullBackground</include>

		<control type="group" description="Custom BG">
			<visible>!$EXP[BGvideoPlaying]</visible>
			<control type="image" description="BG art">
				<visible>Skin.HasSetting(UseCustomBackground) + !String.IsEmpty(Skin.String(CustomBackgroundPath))</visible>
				<depth>-0.80</depth>
				<include>Dimensions_Fullscreen</include>
				<aspectratio>scale</aspectratio>
				<texture background="true">$INFO[Skin.String(CustomBackgroundPath)]</texture>
				<include>VisibleFadeEffect</include>
			</control>	
			<control type="multiimage" description="BG slideshow">
				<visible>Skin.HasSetting(UseCustomSlideshow) + !String.IsEmpty(Skin.String(CustomSlideshowPath))</visible>
				<depth>-0.80</depth>
				<include>Dimensions_Fullscreen</include>
				<imagepath>$INFO[Skin.String(CustomSlideshowPath)]</imagepath>
				<include condition="Skin.HasSetting(ImageTime1)">TimePerImage1</include>
				<include condition="Skin.HasSetting(ImageTime2)">TimePerImage2</include>
				<include condition="Skin.HasSetting(ImageTime3)">TimePerImage3</include>
				<include condition="Skin.HasSetting(ImageTime4)">TimePerImage4</include>
				<include condition="Skin.HasSetting(ImageTime5)">TimePerImage5</include>
				<include condition="Skin.HasSetting(ImageTime6)">TimePerImage6</include>
				<include condition="Skin.HasSetting(ImageTime7)">TimePerImage7</include>
				<include condition="!Skin.HasSetting(ImageTime1) + !Skin.HasSetting(ImageTime2) + !Skin.HasSetting(ImageTime3) + !Skin.HasSetting(ImageTime4) + !Skin.HasSetting(ImageTime5) + !Skin.HasSetting(ImageTime6) + !Skin.HasSetting(ImageTime7)">TimePerImage2</include>
				<fadetime>1000</fadetime>
				<include condition="Skin.HasSetting(CustomSlideshowRandom)">RandImageOn</include>
				<include condition="!Skin.HasSetting(CustomSlideshowRandom)">RandImageOff</include>
				<loop>yes</loop>
				<aspectratio>stretch</aspectratio>
			</control>	
			<include>FanartSlideshow</include>
			<control type="image" description="Shelf fanart">
				<visible>!Skin.HasSetting(HideFanart)</visible>
				<visible>Control.HasFocus(310) | Control.HasFocus(311) | Control.HasFocus(312) | Control.HasFocus(313)</visible>
				<depth>-0.80</depth>
				<include>VisibleFadeEffect</include>
				<include>Dimensions_Fullscreen</include>
				<aspectratio>stretch</aspectratio>
				<fadetime>400</fadetime>
				<texture background="true">$INFO[ListItem.Art(fanart)]</texture>
			</control>
			<control type="image" description="BG diffuse">
				<include>Dimensions_Fullscreen</include>
				<aspectratio>stretch</aspectratio>
				<texture fallback="img/BGOverlay4.png">img/BGOverlay$INFO[Skin.String(FanartVisibility)].png</texture>
				<colordiffuse>Overlay</colordiffuse>
			</control>	
			<control type="group">
				<visible>Skin.HasSetting(UseFanartSlideshow)</visible>
				<visible>Skin.HasSetting(ShowFanartSlideshowtitles)</visible>
				<visible>!$EXP[ShelfHasFocus]</visible>
				<visible>!$EXP[BGvideoPlaying]</visible>
				<visible>!$EXP[isFanartSourceContextual] | [$EXP[isFanartSourceContextual] + [Control.HasFocus(300) | Control.HasFocus(302) | Control.HasFocus(303)]]</visible>
				<animation effect="fade" time="180">VisibleChange</animation>
				<control type="label">
					<bottom>22</bottom>
					<height>40</height>
					<align>right</align>
					<textoffsetx>60</textoffsetx>
					<textcolor>Grey3</textcolor>
					<font>size19</font>
					<shadowcolor>ShadowDark</shadowcolor>
					<label>$VAR[FanartTitle]</label>
				</control>
			</control> 
		</control>

		<include>MediaHeader</include>
		<control type="group" description="Content">
			<include>OpenClose</include>
			<control type="group" description="Furniture">
				<control type="image" description="Navbar">
					<posx>-90</posx>
					<posy>454</posy>
					<width>2100</width>
					<height>144</height>
					<aspectratio>stretch</aspectratio>
					<texture>img/HomeMenuBar.png</texture>
				</control>
			</control>

			<control type="group">
				<animation effect="slide" start="0,0" end="-300,0" time="190" condition="Control.HasFocus(306) + $EXP[Menu7]">conditional</animation>
				<control type="group" description="Main Bar items">
					<animation effect="slide" start="0,0" end="750,0" time="0" condition="String.IsEqual(Container(500).NumItems,1)">conditional</animation>
					<animation effect="slide" start="0,0" end="600,0" time="0" condition="String.IsEqual(Container(500).NumItems,2)">conditional</animation>
					<animation effect="slide" start="0,0" end="450,0" time="0" condition="String.IsEqual(Container(500).NumItems,3)">conditional</animation>
					<animation effect="slide" start="0,0" end="300,0" time="0" condition="String.IsEqual(Container(500).NumItems,4)">conditional</animation>
					<animation effect="slide" start="0,0" end="150,0" time="0" condition="String.IsEqual(Container(500).NumItems,5)">conditional</animation>
					<control type="image" description="Bar">
						<posx>-15</posx>
						<posy>473</posy>
						<width>450</width>
						<height>96</height>
						<align>center</align>
						<aligny>center</aligny>
						<aspectratio>stretch</aspectratio>
						<texture border="50,0,50,0">home/HomeBar.png</texture>
						<include>HomeBarAnimation</include>
					</control>
					<control type="list" id="500" description="Navbar">
						<onleft>noop</onleft>
						<onright>noop</onright>
						<onup>700</onup>
						<ondown>300</ondown>
						<posx>60</posx>
						<posy>480</posy>
						<height>81</height>
						<width>2220</width>
						<orientation>horizontal</orientation>
						<itemlayout height="81" width="300">
							<control type="label">
								<posx>0</posx>
								<width>300</width>
								<height>81</height>
								<font>size28</font>
								<textcolor>White2</textcolor>
								<shadowcolor>Black</shadowcolor>
								<textoffsetx>0</textoffsetx>
								<align>center</align>
								<label>$INFO[ListItem.Label]</label>
							</control>
						</itemlayout>
						<focusedlayout height="81" width="300">
							<control type="label">
								<posx>0</posx>
								<width>300</width>
								<height>81</height>
								<font>size28</font>
								<textcolor>White2</textcolor>
								<shadowcolor>Black</shadowcolor>
								<textoffsetx>0</textoffsetx>
								<align>center</align>
								<label>$INFO[ListItem.Label]</label>
							</control>
						</focusedlayout>
						<content>
							<item id="1" description="MyMovies">
								<visible>Control.IsVisible(300)</visible>
								<label fallback="20342">$INFO[Skin.String(MoviesName)]</label>
								<onclick>SetFocus(300)</onclick>
							</item>
							<item id="2" description="PVR">
								<visible>Control.IsVisible(301)</visible>
								<label fallback="19020">$INFO[Skin.String(PVRName)]</label>
								<onclick>SetFocus(301)</onclick>
							</item>
							<item id="3" description="TV">
								<visible>Control.IsVisible(302)</visible>
								<label fallback="20343">$INFO[Skin.String(TVName)]</label>
								<onclick>SetFocus(302)</onclick>
							</item>
							<item id="4" description="Music">
								<visible>Control.IsVisible(303)</visible>
								<label fallback="2">$INFO[Skin.String(MusicName)]</label>
								<onclick>SetFocus(303)</onclick>
							</item>
							<item id="5" description="Pictures">
								<visible>Control.IsVisible(304)</visible>
								<label fallback="1">$INFO[Skin.String(PicturesName)]</label>
								<onclick>SetFocus(304)</onclick>
							</item>
							<item id="6" description="Addons">
								<visible>Control.IsVisible(305)</visible>
								<label fallback="24001">$INFO[Skin.String(AddonsName)]</label>
								<onclick>SetFocus(305)</onclick>
							</item>
							<item id="7" description="XBMC">
								<label fallback="KODI">$INFO[Skin.String(XBMCName)]</label>
								<onclick>SetFocus(306)</onclick>
							</item>
						</content>
					</control>
				</control>
				<control type="grouplist" description="Sliders">
					<visible>!Control.HasFocus(310) + !Control.HasFocus(311) + !Control.HasFocus(312) + !Control.HasFocus(313) + !Control.HasFocus(314) + !Control.HasFocus(315)</visible>
					<posx>0</posx>
					<posy>586</posy>
					<include condition="!$EXP[Menu7]">Width6</include>
					<include condition="$EXP[Menu7]">Width7</include>
					<height>420</height>
					<align>center</align>
					<aligny>top</aligny>
					<itemgap>-75</itemgap>
					<orientation>horizontal</orientation>
					<include>Slider300</include>
					<include>Slider301</include>
					<include>Slider302</include>
					<include>Slider303</include>
					<include>Slider304</include>
					<include>Slider305</include>
					<include>Slider306</include>
				</control>
				<control type="grouplist" id="9000" description="Submenus">
					<posx>0</posx>
					<posy>585</posy>
					<itemgap>0</itemgap>
					<include condition="!$EXP[Menu7]">Width6</include>
					<include condition="$EXP[Menu7]">Width7</include>
					<height>420</height>
					<align>center</align>
					<aligny>top</aligny>
					<onup>700</onup>
					<orientation>horizontal</orientation>
					<control type="list" id="300" description="Movies">
						<visible>!Skin.HasSetting(MoviesSectionHide)</visible>
						<onleft>306</onleft>
						<onright>301</onright>
						<onup>310</onup>
						<ondown>300</ondown>
						<include>Sublist</include>
						<focusposition>3</focusposition>
						<movement>3</movement>
						<content>
							<item id="0" description="MyMovies">
								<visible>!Skin.HasSetting(Movies1)</visible>
								<visible>Library.HasContent(Movies)</visible>
								<label>342</label>
								<onclick>ActivateWindow(Videos,MovieTitles,return)</onclick>
							</item>
							<item id="1" description="RA Movies">
								<visible>!Skin.HasSetting(Movies2)</visible>
								<visible>Library.HasContent(Movies)</visible>
								<label>31289</label>
								<onclick>ActivateWindow(Videos,RecentlyAddedMovies,return)</onclick>
							</item>
							<item id="2" description="Genres">
								<visible>!Skin.HasSetting(Movies3)</visible>
								<visible>Library.HasContent(Movies)</visible>
								<label>135</label>
								<onclick>ActivateWindow(Videos,moviegenres,return)</onclick>
							</item>
							<item id="3" description="Custom Movies">
								<visible>!String.IsEmpty(Skin.String(CustomMovies.1.Path))</visible>
								<label>$INFO[Skin.String(CustomMovies.1.Label)]</label>
								<onclick>$INFO[Skin.String(CustomMovies.1.Path)]</onclick>
							</item>
							<item id="4" description="Shortcut2">
								<visible>!String.IsEmpty(Skin.String(CustomMovies.2.Path))</visible>
								<label>$INFO[Skin.String(CustomMovies.2.Label)]</label>
								<onclick>$INFO[Skin.String(CustomMovies.2.Path)]</onclick>
							</item>
							<item id="5" description="Shortcut3">
								<visible>!String.IsEmpty(Skin.String(CustomMovies.3.Path))</visible>
								<label>$INFO[Skin.String(CustomMovies.3.Label)]</label>
								<onclick>$INFO[Skin.String(CustomMovies.3.Path)]</onclick>
							</item>
							<item id="6" description="Shortcut4">
								<visible>!String.IsEmpty(Skin.String(CustomMovies.4.Path))</visible>
								<label>$INFO[Skin.String(CustomMovies.4.Label)]</label>
								<onclick>$INFO[Skin.String(CustomMovies.4.Path)]</onclick>
							</item>
							<item id="7" description="Shortcut5">
								<visible>!String.IsEmpty(Skin.String(CustomMovies.5.Path))</visible>
								<label>$INFO[Skin.String(CustomMovies.5.Label)]</label>
								<onclick>$INFO[Skin.String(CustomMovies.5.Path)]</onclick>
							</item>
							<item id="7" description="Shortcut6">
								<visible>!String.IsEmpty(Skin.String(CustomMovies.6.Path))</visible>
								<label>$INFO[Skin.String(CustomMovies.6.Label)]</label>
								<onclick>$INFO[Skin.String(CustomMovies.6.Path)]</onclick>
							</item>
							<item id="7" description="Shortcut7">
								<visible>!String.IsEmpty(Skin.String(CustomMovies.7.Path))</visible>
								<label>$INFO[Skin.String(CustomMovies.7.Label)]</label>
								<onclick>$INFO[Skin.String(CustomMovies.7.Path)]</onclick>
							</item>
							<item id="8" description="Browse">
								<visible>!Skin.HasSetting(Movies4)</visible>
								<label>1024</label>
								<onclick>ActivateWindow(Videos,root)</onclick>
							</item>
							<item id="9" description="Search">
								<visible>!Skin.HasSetting(Movies5)</visible>
								<visible>Library.HasContent(Movies)</visible>
								<label>137</label>
								<onclick>ActivateWindow(Videos)</onclick>
								<onclick>SendClick(8)</onclick>
							</item>
						</content>
						<include>Animation300</include>
					</control>
					<control type="list" id="301" description="PVR">
						<visible>System.HasPVRAddon + !Skin.HasSetting(PVRSectionHide)</visible>
						<onleft>300</onleft>
						<onright>302</onright>
						<onup>311</onup>
						<ondown>301</ondown>
						<include>Sublist</include>
						<focusposition>3</focusposition>
						<movement>3</movement>
						<content>
							<item id="0" description="Channels">
								<visible>!Skin.HasSetting(PVR1)</visible>
								<label>$LOCALIZE[19019]</label>
								<onclick>ActivateWindow(tvchannels)</onclick>
							</item>
							<item id="1" description="EPG">
								<visible>!Skin.HasSetting(PVR2)</visible>
								<label>$LOCALIZE[19069]</label>
								<onclick>ActivateWindow(tvguide)</onclick>
							</item>
							<item id="2" description="Recordings">
								<visible>!Skin.HasSetting(PVR3)</visible>
								<label>$LOCALIZE[19163]</label>
								<onclick>ActivateWindow(tvrecordings)</onclick>
							</item>
							<item id="3" description="Custom Movies">
								<visible>!String.IsEmpty(Skin.String(CustomPVR.1.Path))</visible>
								<label>$INFO[Skin.String(CustomPVR.1.Label)]</label>
								<onclick>$INFO[Skin.String(CustomPVR.1.Path)]</onclick>
							</item>
							<item id="4" description="Shortcut2">
								<visible>!String.IsEmpty(Skin.String(CustomPVR.2.Path))</visible>
								<label>$INFO[Skin.String(CustomPVR.2.Label)]</label>
								<onclick>$INFO[Skin.String(CustomPVR.2.Path)]</onclick>
							</item>
							<item id="5" description="Shortcut3">
								<visible>!String.IsEmpty(Skin.String(CustomPVR.3.Path))</visible>
								<label>$INFO[Skin.String(CustomPVR.3.Label)]</label>
								<onclick>$INFO[Skin.String(CustomPVR.3.Path)]</onclick>
							</item>
							<item id="6" description="Shortcut4">
								<visible>!String.IsEmpty(Skin.String(CustomPVR.4.Path))</visible>
								<label>$INFO[Skin.String(CustomPVR.4.Label)]</label>
								<onclick>$INFO[Skin.String(CustomPVR.4.Path)]</onclick>
							</item>
							<item id="7" description="Shortcut5">
								<visible>!String.IsEmpty(Skin.String(CustomPVR.5.Path))</visible>
								<label>$INFO[Skin.String(CustomPVR.5.Label)]</label>
								<onclick>$INFO[Skin.String(CustomPVR.5.Path)]</onclick>
							</item>
							<item id="7" description="Shortcut6">
								<visible>!String.IsEmpty(Skin.String(CustomPVR.6.Path))</visible>
								<label>$INFO[Skin.String(CustomPVR.6.Label)]</label>
								<onclick>$INFO[Skin.String(CustomPVR.6.Path)]</onclick>
							</item>
							<item id="7" description="Shortcut7">
								<visible>!String.IsEmpty(Skin.String(CustomPVR.7.Path))</visible>
								<label>$INFO[Skin.String(CustomPVR.7.Label)]</label>
								<onclick>$INFO[Skin.String(CustomPVR.7.Path)]</onclick>
							</item>
							<item id="8" description="Timers">
								<visible>!Skin.HasSetting(PVR4)</visible>
								<label>$LOCALIZE[19040]</label>
								<onclick>ActivateWindow(tvtimers)</onclick>
							</item>
							<item id="9" description="Search">
								<visible>!Skin.HasSetting(PVR5)</visible>
								<label>$LOCALIZE[137]</label>
								<onclick>ActivateWindow(tvsearch)</onclick>
							</item>
						</content>
						<include>Animation301</include>
					</control>
					<control type="list" id="302" description="TVShows">
						<visible>!Skin.HasSetting(TVSectionHide) | [System.HasPVRAddon + Skin.HasSetting(PVRSectionHide)]</visible>
						<onleft>301</onleft>
						<onright>303</onright>
						<onup>312</onup>
						<ondown>302</ondown>
						<include>Sublist</include>
						<content>
							<item id="10" description="MyTV">
								<visible>!Skin.HasSetting(TV1)</visible>
								<visible>Library.HasContent(TVShows)</visible>
								<label>20343</label>
								<onclick>ActivateWindow(Videos,TVShowTitles,return)</onclick>
							</item>
							<item id="1" description="RA TV">
								<visible>!Skin.HasSetting(TV2)</visible>
								<visible>Library.HasContent(TVShows)</visible>
								<label>31289</label>
								<onclick>ActivateWindow(Videos,RecentlyAddedEpisodes,return)</onclick>
							</item>
							<item id="2" description="Browse 5 MENU ITEM ADDED Watchlist">
								<visible>!Skin.HasSetting(TV5)</visible>
								<visible>Library.HasContent(TVShows)</visible>
								<label>575</label>
								<onclick>ActivateWindow(Videos,InProgressTvShows,return)</onclick>
							</item>
							<item id="3" description="Custom TV">
								<visible>!String.IsEmpty(Skin.String(CustomTV.1.Path))</visible>
								<label>$INFO[Skin.String(CustomTV.1.Label)]</label>
								<onclick>$INFO[Skin.String(CustomTV.1.Path)]</onclick>
							</item>
							<item id="4" description="Shortcut2">
								<visible>!String.IsEmpty(Skin.String(CustomTV.2.Path))</visible>
								<label>$INFO[Skin.String(CustomTV.2.Label)]</label>
								<onclick>$INFO[Skin.String(CustomTV.2.Path)]</onclick>
							</item>
							<item id="5" description="Shortcut3">
								<visible>!String.IsEmpty(Skin.String(CustomTV.3.Path))</visible>
								<label>$INFO[Skin.String(CustomTV.3.Label)]</label>
								<onclick>$INFO[Skin.String(CustomTV.3.Path)]</onclick>
							</item>
							<item id="6" description="Shortcut4">
								<visible>!String.IsEmpty(Skin.String(CustomTV.4.Path))</visible>
								<label>$INFO[Skin.String(CustomTV.4.Label)]</label>
								<onclick>$INFO[Skin.String(CustomTV.4.Path)]</onclick>
							</item>
							<item id="7" description="Shortcut5">
								<visible>!String.IsEmpty(Skin.String(CustomTV.5.Path))</visible>
								<label>$INFO[Skin.String(CustomTV.5.Label)]</label>
								<onclick>$INFO[Skin.String(CustomTV.5.Path)]</onclick>
							</item>
							<item id="7" description="Shortcut6">
								<visible>!String.IsEmpty(Skin.String(CustomTV.6.Path))</visible>
								<label>$INFO[Skin.String(CustomTV.6.Label)]</label>
								<onclick>$INFO[Skin.String(CustomTV.6.Path)]</onclick>
							</item>
							<item id="7" description="Shortcut7">
								<visible>!String.IsEmpty(Skin.String(CustomTV.7.Path))</visible>
								<label>$INFO[Skin.String(CustomTV.7.Label)]</label>
								<onclick>$INFO[Skin.String(CustomTV.7.Path)]</onclick>
							</item>
							<item id="8" description="Browse">
								<visible>!Skin.HasSetting(TV3)</visible>
								<label>1024</label>
								<onclick>ActivateWindow(Videos,root)</onclick>
							</item>
							<item id="9" description="Search">
								<visible>!Skin.HasSetting(TV4)</visible>
								<visible>Library.HasContent(TVShows)</visible>
								<label>137</label>
								<onclick>ActivateWindow(Videos)</onclick>
								<onclick>SendClick(8)</onclick>
							</item>
						</content>
						<include>Animation302</include>
					</control>
					<control type="list" id="303" description="Music">
						<visible>!Skin.HasSetting(MusicSectionHide)</visible>
						<onleft>302</onleft>
						<onright>304</onright>
						<onup>313</onup>
						<ondown>303</ondown>
						<include>Sublist</include>
						<content>
							<item id="0" description="Artists">
								<visible>!Skin.HasSetting(Music1) + Library.HasContent(Music)</visible>
								<label>133</label>
								<onclick condition="Library.HasContent(Music)">ActivateWindow(Music,Artists,return)</onclick>
							</item>
							<item id="1" description="Music Videos">
								<visible>!Skin.HasSetting(Music2) + Library.HasContent(MusicVideos)</visible>
								<label>3</label>
								<onclick>ActivateWindow(Videos,MusicVideos,return)</onclick>
							</item>
							<item id="2" description="Library">
								<visible>!Skin.HasSetting(Music3) + Library.HasContent(Music)</visible>
								<label>14022</label>
								<onclick>ActivateWindow(Music,root)</onclick>
							</item>
							<item id="3" description="Files">
								<visible>!Skin.HasSetting(Music4)</visible>
								<label>744</label>
								<onclick>ActivateWindow(Music,sources://music/)</onclick>
							</item>
							<item id="3" description="Party mode">
								<visible>!Skin.HasSetting(Music7) + Library.HasContent(music)</visible>
								<label>589</label>
								<onclick>PlayerControl(PartyMode(music))</onclick>
							</item>
							<item id="3" description="Custom Music">
								<visible>!String.IsEmpty(Skin.String(CustomMusic.1.Path))</visible>
								<label>$INFO[Skin.String(CustomMusic.1.Label)]</label>
								<onclick>$INFO[Skin.String(CustomMusic.1.Path)]</onclick>
							</item>
							<item id="4" description="Shortcut2">
								<visible>!String.IsEmpty(Skin.String(CustomMusic.2.Path))</visible>
								<label>$INFO[Skin.String(CustomMusic.2.Label)]</label>
								<onclick>$INFO[Skin.String(CustomMusic.2.Path)]</onclick>
							</item>
							<item id="5" description="Shortcut3">
								<visible>!String.IsEmpty(Skin.String(CustomMusic.3.Path))</visible>
								<label>$INFO[Skin.String(CustomMusic.3.Label)]</label>
								<onclick>$INFO[Skin.String(CustomMusic.3.Path)]</onclick>
							</item>
							<item id="6" description="Shortcut4">
								<visible>!String.IsEmpty(Skin.String(CustomMusic.4.Path))</visible>
								<label>$INFO[Skin.String(CustomMusic.4.Label)]</label>
								<onclick>$INFO[Skin.String(CustomMusic.4.Path)]</onclick>
							</item>
							<item id="7" description="Shortcut5">
								<visible>!String.IsEmpty(Skin.String(CustomMusic.5.Path))</visible>
								<label>$INFO[Skin.String(CustomMusic.5.Label)]</label>
								<onclick>$INFO[Skin.String(CustomMusic.5.Path)]</onclick>
							</item>
							<item id="7" description="Shortcut6">
								<visible>!String.IsEmpty(Skin.String(CustomMusic.6.Path))</visible>
								<label>$INFO[Skin.String(CustomMusic.6.Label)]</label>
								<onclick>$INFO[Skin.String(CustomMusic.6.Path)]</onclick>
							</item>
							<item id="7" description="Shortcut7">
								<visible>!String.IsEmpty(Skin.String(CustomMusic.7.Path))</visible>
								<label>$INFO[Skin.String(CustomMusic.7.Label)]</label>
								<onclick>$INFO[Skin.String(CustomMusic.7.Path)]</onclick>
							</item>
							<item id="10" description="Search">
								<visible>!Skin.HasSetting(Music5) + [Library.HasContent(Music) | Library.HasContent(MusicVideos)]</visible>
								<label>137</label>
								<onclick>ActivateWindow(Music)</onclick>
								<onclick>SendClick(8)</onclick>
							</item>
						</content>
						<include>Animation303</include>
					</control>
					<control type="list" id="304" description="Pictures">
						<visible>!Skin.HasSetting(PicturesSectionHide)</visible>
						<onleft>303</onleft>
						<onright>305</onright>
						<onup>314</onup>
						<ondown>304</ondown>
						<include>Sublist</include>
						<content>
							<item id="1" description="Pictures">
								<visible>!Skin.HasSetting(Pictures1)</visible>
								<label>1</label>
								<onclick>ActivateWindow(Pictures)</onclick>
							</item>
							<item id="3" description="Custom Pictures">
								<visible>!String.IsEmpty(Skin.String(CustomPictures.1.Path))</visible>
								<label>$INFO[Skin.String(CustomPictures.1.Label)]</label>
								<onclick>$INFO[Skin.String(CustomPictures.1.Path)]</onclick>
							</item>
							<item id="4" description="Shortcut2">
								<visible>!String.IsEmpty(Skin.String(CustomPictures.2.Path))</visible>
								<label>$INFO[Skin.String(CustomPictures.2.Label)]</label>
								<onclick>$INFO[Skin.String(CustomPictures.2.Path)]</onclick>
							</item>
							<item id="5" description="Shortcut3">
								<visible>!String.IsEmpty(Skin.String(CustomPictures.3.Path))</visible>
								<label>$INFO[Skin.String(CustomPictures.3.Label)]</label>
								<onclick>$INFO[Skin.String(CustomPictures.3.Path)]</onclick>
							</item>
							<item id="6" description="Shortcut4">
								<visible>!String.IsEmpty(Skin.String(CustomPictures.4.Path))</visible>
								<label>$INFO[Skin.String(CustomPictures.4.Label)]</label>
								<onclick>$INFO[Skin.String(CustomPictures.4.Path)]</onclick>
							</item>
							<item id="7" description="Shortcut5">
								<visible>!String.IsEmpty(Skin.String(CustomPictures.5.Path))</visible>
								<label>$INFO[Skin.String(CustomPictures.5.Label)]</label>
								<onclick>$INFO[Skin.String(CustomPictures.5.Path)]</onclick>
							</item>
							<item id="8" description="Shortcut6">
								<visible>!String.IsEmpty(Skin.String(CustomPictures.6.Path))</visible>
								<label>$INFO[Skin.String(CustomPictures.6.Label)]</label>
								<onclick>$INFO[Skin.String(CustomPictures.6.Path)]</onclick>
							</item>
							<item id="9" description="Shortcut7">
								<visible>!String.IsEmpty(Skin.String(CustomPictures.7.Path))</visible>
								<label>$INFO[Skin.String(CustomPictures.7.Label)]</label>
								<onclick>$INFO[Skin.String(CustomPictures.7.Path)]</onclick>
							</item>
						</content>
						<include>Animation304</include>
					</control>
					<control type="list" id="305" description="Addons">
						<visible>!Skin.HasSetting(AddonsSectionHide)</visible>
						<onleft>304</onleft>
						<onright>306</onright>
						<onup>315</onup>
						<ondown>305</ondown>
						<include>Sublist</include>
						<content>
							<item id="1" description="Weather">
								<visible>!Skin.HasSetting(Addons1)</visible>
								<label>8</label>
								<onclick>ActivateWindow(Weather)</onclick>
							</item>
							<item id="0" description="Games">
								<visible>!Skin.HasSetting(Addons7)</visible>
								<label>15016</label>
								<onclick>ActivateWindow(Games)</onclick>
							</item>
							<item id="2" description="Program apps">
								<visible>!Skin.HasSetting(Addons2)</visible>
								<label>0</label>
								<onclick condition="!System.Platform.Android">ActivateWindow(Programs,Addons,return)</onclick>
								<onclick condition="System.Platform.Android">ActivateWindow(Programs)</onclick>
							</item>
							<item id="3" description="Picture apps">
								<visible>!Skin.HasSetting(Addons3)</visible>
								<label>1</label>
								<onclick>ActivateWindow(Pictures,Addons,return)</onclick>
							</item>
							<item id="4" description="Video apps">
								<visible>!Skin.HasSetting(Addons4)</visible>
								<label>157</label>
								<onclick>ActivateWindow(Videos,Addons,return)</onclick>
							</item>
							<item id="5" description="Music apps">
								<visible>!Skin.HasSetting(Addons5)</visible>
								<label>2</label>
								<onclick condition="Library.HasContent(Music)">ActivateWindow(Music,Addons,return)</onclick>
								<onclick condition="!Library.HasContent(Music)">ActivateWindow(Music,Addons,return)</onclick>
							</item>
							<item id="6" description="Settings">
								<visible>!Skin.HasSetting(Addons6)</visible>
								<label>5</label>
								<onclick>ActivateWindow(AddonBrowser,root)</onclick>
							</item>
							<item id="3" description="Custom Apps">
								<visible>!String.IsEmpty(Skin.String(CustomAddons.1.Path))</visible>
								<label>$INFO[Skin.String(CustomAddons.1.Label)]</label>
								<onclick>$INFO[Skin.String(CustomAddons.1.Path)]</onclick>
							</item>
							<item id="4" description="Shortcut2">
								<visible>!String.IsEmpty(Skin.String(CustomAddons.2.Path))</visible>
								<label>$INFO[Skin.String(CustomAddons.2.Label)]</label>
								<onclick>$INFO[Skin.String(CustomAddons.2.Path)]</onclick>
							</item>
							<item id="5" description="Shortcut3">
								<visible>!String.IsEmpty(Skin.String(CustomAddons.3.Path))</visible>
								<label>$INFO[Skin.String(CustomAddons.3.Label)]</label>
								<onclick>$INFO[Skin.String(CustomAddons.3.Path)]</onclick>
							</item>
							<item id="6" description="Shortcut4">
								<visible>!String.IsEmpty(Skin.String(CustomAddons.4.Path))</visible>
								<label>$INFO[Skin.String(CustomAddons.4.Label)]</label>
								<onclick>$INFO[Skin.String(CustomAddons.4.Path)]</onclick>
							</item>
							<item id="7" description="Shortcut5">
								<visible>!String.IsEmpty(Skin.String(CustomAddons.5.Path))</visible>
								<label>$INFO[Skin.String(CustomAddons.5.Label)]</label>
								<onclick>$INFO[Skin.String(CustomAddons.5.Path)]</onclick>
							</item>
							<item id="8" description="Shortcut6">
								<visible>!String.IsEmpty(Skin.String(CustomAddons.6.Path))</visible>
								<label>$INFO[Skin.String(CustomAddons.6.Label)]</label>
								<onclick>$INFO[Skin.String(CustomAddons.6.Path)]</onclick>
							</item>
						</content>
						<include>Animation305</include>
					</control>
					<control type="list" id="306" description="KODI">
						<onleft>305</onleft>
						<onright>301</onright>
						<ondown>306</ondown>
						<include>Sublist</include>
						<content>
							<item id="0" description="Reload Skin">
								<visible>!Skin.HasSetting(XBMC5)</visible>
								<label>31972</label>
								<onclick>ReloadSkin()</onclick>
							</item>

							<item id="1" description="Update library">
								<visible>!Skin.HasSetting(XBMC0)</visible>
								<label>653</label>
								<onclick>CleanLibrary(Video)</onclick>
								<onclick condition="Library.HasContent(Music)">CleanLibrary(Music)</onclick>
								<onclick>UpdateLibrary(Video)</onclick>
								<onclick condition="Library.HasContent(Music)">UpdateLibrary(Music)</onclick>
							</item>
							<item id="2" description="Now playing Video">
								<visible>Player.HasMedia</visible>
								<label>31977</label>
								<onclick>fullscreen</onclick>
							</item>
							<item id="3" description="Settings">
								<label>5</label>
								<onclick>ActivateWindow(Settings)</onclick>
							</item>
							<item id="4" description="File manager">
								<visible>!Skin.HasSetting(XBMC1)</visible>
								<label>7</label>
								<onclick>ActivateWindow(FileManager)</onclick>
							</item>
							<item id="5" description="Favorites">
								<visible>!Skin.HasSetting(XBMC2)</visible>
								<label>1036</label>
								<onclick>ActivateWindow(Favourites)</onclick>
							</item>
							<item id="6" description="LogOff Profile">
								<visible>System.HasLoginScreen</visible>
								<visible>System.Loggedon</visible>
								<label>20126</label>
								<onclick>dialog.close(all,true)</onclick>
								<onclick>System.LogOff</onclick>
							</item>
							<item id="7" description="Master mode button">
								<visible>System.HasLocks + System.IsMaster</visible>
								<label>12332</label>
								<onclick>mastermode</onclick>
							</item>
							<item id="8" description="Master mode button">
								<visible>System.HasLocks + !System.IsMaster</visible>
								<label>12333</label>
								<onclick>mastermode</onclick>
							</item>
							<item id="9" description="Disc">
								<visible>![System.Platform.ios | System.Platform.atv2]</visible>
								<visible>!Skin.HasSetting(XBMC3)</visible>
								<label>446</label>
								<onclick>ActivateWindow(1112)</onclick>
							</item>
							<item id="10" description="Quit">
								<visible>!Skin.HasSetting(XBMC4) + String.IsEqual(Skin.String(shutdown),)</visible>
								<label>13009</label>
								<onclick>ActivateWindow(shutdownmenu)</onclick>
							</item>
							<item id="11" description="Quit">
								<visible>!Skin.HasSetting(XBMC4) + String.IsEqual(Skin.String(shutdown),quit)</visible>
								<label fallback="13009">$VAR[QuitLabel2]</label>
								<onclick>quit()</onclick>
							</item>
							<item id="12" description="Quit">
								<visible>!Skin.HasSetting(XBMC4) + String.IsEqual(Skin.String(shutdown),powerdown)</visible>
								<label fallback="13009">$VAR[QuitLabel2]</label>
								<onclick>powerdown()</onclick>
							</item>
							<item id="13" description="Quit">
								<visible>!Skin.HasSetting(XBMC4) + String.IsEqual(Skin.String(shutdown),hibernate)</visible>
								<label fallback="13009">$VAR[QuitLabel2]</label>
								<onclick>hibernate()</onclick>
							</item>
							<item id="14" description="Quit">
								<visible>!Skin.HasSetting(XBMC4) + String.IsEqual(Skin.String(shutdown),suspend)</visible>
								<label fallback="13009">$VAR[QuitLabel2]</label>
								<onclick>suspend()</onclick>
							</item>
							<item id="15" description="Quit">
								<visible>!Skin.HasSetting(XBMC4) + String.IsEqual(Skin.String(shutdown),reboot)</visible>
								<label fallback="13009">$VAR[QuitLabel2]</label>
								<onclick>reboot()</onclick>
							</item>
						</content>
						<include>Animation306</include>
					</control>
					<animation type="Conditional" condition="Control.HasFocus(700)">
						<effect type="fade" start="100" end="75" time="300" reversible="true"/>
					</animation>
				</control>
			</control>	
			<control type="group" id="700" description="Shelf items">
				<include condition="!Skin.HasSetting(MoviesShelf_Image)">Movies_RA</include>
				<include condition="!Skin.HasSetting(PVRShelf_Image)">PVR_RW</include>
				<include condition="!Skin.HasSetting(TVShelf_Image)">TV_RA</include>
				<include condition="!Skin.HasSetting(MusicShelf_Image)">Music_RA</include>
				<include condition="Skin.HasSetting(PicturesShelf_Custom)">Pictures_Shortcuts</include>
				<include condition="Skin.HasSetting(AddonsShelf_Custom)">Addons_Shortcuts</include>
				<control type="group" description="Playing">
					<visible>ControlGroup(9000).HasFocus(306) + Player.HasMedia</visible>
					<posy>57</posy>
					<animation effect="fade" start="100" end="0" time="100">Hidden</animation>
					<animation effect="fade" start="0" end="100" delay="300" time="300">VisibleChange</animation>
					<include>PlayingInfo</include>
				</control>
				<control type="image" description="Custom Image">
					<visible>[ControlGroup(9000).HasFocus(300) + Skin.HasSetting(MoviesShelf_Image)] | [ControlGroup(9000).HasFocus(301) + Skin.HasSetting(PVRShelf_Image)] | [ControlGroup(9000).HasFocus(302) + Skin.HasSetting(TVShelf_Image)] | [ControlGroup(9000).HasFocus(303) + Skin.HasSetting(MusicShelf_Image)] | [ControlGroup(9000).HasFocus(304) + Skin.HasSetting(PicturesShelf_Image)] | [ControlGroup(9000).HasFocus(305) + Skin.HasSetting(AddonsShelf_Image)] | [ControlGroup(9000).HasFocus(306) + Skin.HasSetting(XBMCShelf_Image) + !Player.HasMedia]</visible>
					<include>ListVisibleFade</include>
					<posx>68</posx>
					<posy>111</posy>
					<width>1785</width>
					<height>303</height>
					<fadetime>100</fadetime>
					<aspectratio aligny="bottom">keep</aspectratio>
					<texture>$VAR[ShelfIcon]</texture>
				</control>
				<control type="image" description="Logo">
					<visible>!Skin.HasSetting(HideKodiLogo)</visible>
					<visible>[ControlGroup(9000).HasFocus(300) + !Skin.HasSetting(MoviesShelf_Image) + !Control.IsVisible(310)] |
					[ControlGroup(9000).HasFocus(301) + !Skin.HasSetting(PVRShelf_Image) + !Control.IsVisible(311)] | 
					[ControlGroup(9000).HasFocus(302) + !Skin.HasSetting(TVShelf_Image) + !Control.IsVisible(312)] | [ControlGroup(9000).HasFocus(303) + !Skin.HasSetting(MusicShelf_Image) + !Control.IsVisible(313)] | [ControlGroup(9000).HasFocus(304) + !Skin.HasSetting(PicturesShelf_Image) + !Control.IsVisible(314)] | [ControlGroup(9000).HasFocus(305) + !Skin.HasSetting(AddonsShelf_Image) + !Control.IsVisible(315)] | [ControlGroup(9000).HasFocus(306) + !Skin.HasSetting(XBMCShelf_Image) + !Player.HasMedia]</visible>
					<include>ListVisibleFade</include>
					<centerleft>960</centerleft>
					<top>57</top>
					<width>600</width>
					<height>420</height>
					<aspectratio aligny="top">keep</aspectratio>
					<texture>logo/Kodi.png</texture>
				</control>
			</control> 
			<control type="rss">
				<animation effect="slide" end="0,90" time="300" tween="sine" easing="inout" condition="true">conditional</animation>
				<left>0</left>
				<bottom>0</bottom>
				<height>120</height>
				<width>100%</width>
				<font>size15</font>
				<urlset>1</urlset>
				<hitrect x="-100" y="0" w="1" h="1" />
				<titlecolor>HL</titlecolor>
				<textcolor>HL</textcolor>
				<shadowcolor>Shadow</shadowcolor>
				<headlinecolor>FFC0C0C0</headlinecolor>
				<visible>Skin.HasSetting(_ShowRSS) | true</visible>
				<animation effect="fade" time="300">VisibleChange</animation>
			</control>
		</control>
	</controls>
</window>
