<?xml version="1.0" encoding="UTF-8"?>
<window>
        <defaultcontrol always="true">11</defaultcontrol>
	<include>Animation_Window_Fade</include>

	<controls>

		<!-- Background -->
		<control type="image">
			<texture>bg_black.png</texture>
			<include>background_default</include>
			<colordiffuse>AA000000</colordiffuse>
		</control>

		<!-- Header -->
		<control type="label">
			<top>5</top>
			<left>5</left>
			<width>340</width>
			<height>50</height>
			<label>$LOCALIZE[31341]</label>
			<font>Lato_Thin_40</font>
			<wrapmultiline>false</wrapmultiline>
		</control>

		<!-- Clock -->                
		<control type="group">
			<include>Clock_Right_Pos_BG</include>
			<include>Clock_Right</include>
		</control>

		<!-- Separator -->
		<control type="image">
			<top>65</top>
			<include>SeparatorH</include>
		</control>

		<!-- PVR (Groups) -->
		<control type="label">
			<label>$INFO[VideoPlayer.ChannelGroup]</label>
			<font>Lato_Black_20</font>
			<height>65</height>
			<align>center</align>
			<aligny>center</aligny>
		</control>

		<!-- Channels -->
		<control type="panel" id="11">
			<top>80</top>
			<left>10</left>
			<width>1260</width>
			<height>450</height>

			<itemlayout width="420" height="90">
				<control type="image">
					<left>10</left>
					<top>10</top>
					<height>70</height>
					<width>400</width>
					<texture>bg_black.png</texture>
					<colordiffuse>AAFFFFFF</colordiffuse>
					<include>Viewmode_Border_NoColor</include>
				</control>
                                
				<control type="image">
					<top>10</top>
					<left>80</left>
					<width>2</width>
					<height>70</height>
					<texture>confluence/separator-hz.png</texture>
					<colordiffuse>FFFFFFFF</colordiffuse>
				</control>
				<control type="image">
					<top>10</top>
					<left>150</left>
					<width>2</width>
					<height>70</height>
					<texture>confluence/separator-hz.png</texture>
					<colordiffuse>FFFFFFFF</colordiffuse>
				</control>

				<control type="label">
					<top>20</top>
					<left>20</left>
					<!--<label>222$INFO[ListItem.ChannelNumberLabel]</label>-->
					<label>BBB</label>
					<font>Roboto_Condensed_30</font>
					<height>50</height>
					<width>50</width>
					<align>center</align>
					<aligny>center</aligny>
				</control>
				<control type="image">
					<top>20</top>
					<left>90</left>
					<height>50</height>
					<width>50</width>
					<texture>$INFO[ListItem.Icon]</texture>
				</control>
				<control type="label">
					<top>20</top>
					<left>160</left>
					<label>$INFO[ListItem.Label]</label>
					<font>Lato_Regular_20</font>
					<height>25</height>
					<aligny>center</aligny>
				</control>
				<control type="label">
					<top>45</top>
					<left>160</left>
					<label>$INFO[ListItem.Title]</label>
					<font>Lato_Light_20</font>
					<height>25</height>
					<aligny>center</aligny>
				</control>
			</itemlayout>
			<focusedlayout width="420" height="90">
				<control type="image">
					<top>5</top>
					<height>40</height>
					<texture>bg_black.png</texture>
					<colordiffuse>88FFFFFF</colordiffuse>
				</control>
			</focusedlayout>

		</control>

</controls>
</window>
