<?xml version="1.0" encoding="UTF-8"?>
<window>
        <defaultcontrol always="true">50</defaultcontrol>
        <views>50,51,52,53</views>
	<include>Animation_Window_Fade</include>

	<controls>

		<!-- Background -->
		<control type="image">
			<texture>background/livetv.jpg</texture>
			<include>background_default</include>
			<animation effect="fade" end="20" condition="true">conditional</animation>
		</control>

		<!-- Header -->
		<control type="label">
			<top>5</top>
			<left>5</left>
			<width>340</width>
			<height>50</height>
			<label>$INFO[Control.GetLabel(30)]</label>
			<font>Lato_Thin_40</font>
			<wrapmultiline>false</wrapmultiline>
		</control>

		<!-- Clock -->                
		<control type="group">
			<include>Clock_Right_Pos_BG</include>
			<include>Clock_Right</include>
		</control>

		<!-- Separator -->
		<control type="image">
			<top>65</top>
			<include>SeparatorH</include>
		</control>
		<control type="image">
			<top>105</top>
			<include>SeparatorH</include>
		</control>

		<!-- PVR (Groups) -->
		<control type="fixedlist" id="11">
			<left>340</left>
			<width>600</width>
			<height>65</height>
			<orientation>horizontal</orientation>
			<ondown>50</ondown>
			<focusposition>1</focusposition>

			<itemlayout width="200" height="65">
				<control type="label">
					<label>[UPPERCASE]$INFO[ListItem.Label][/UPPERCASE]</label>
					<height>65</height>
					<font>Lato_Black_20</font>
					<aligny>center</aligny>
					<align>center</align>
				</control>
			</itemlayout>
			<focusedlayout width="200" height="65">
				<control type="image">
					<top>15</top>
					<width>200</width>
					<height>35</height>
					<include>navigation_options_image</include>
					<visible>Control.hasFocus(11)</visible>
				</control>
				<control type="label">
					<label>[UPPERCASE]$INFO[ListItem.Label][/UPPERCASE]</label>
					<height>65</height>
					<font>Lato_Black_20</font>
					<align>center</align>
					<aligny>center</aligny>
					<textcolor>$VAR[Var_Color_Text_Hex]</textcolor>
				</control>
			</focusedlayout>
		</control>

		<!-- Grid (Credits/Source: Estuary Skin) -->
		<include content="EpgGrid">
			<param name="control_id" value="50"/>
			<param name="control_orientation" value="vertical"/>
			<param name="control_top" value="60"/>
			<param name="control_onupdown_id" value="11"/>
			<param name="viewtype_label" value="19298"/>
			<param name="progress_texture_border" value="0,60,18,14"/>
			<param name="progress_texture" value="guide/epg_progress_vertical.png"/>
			<param name="has_rulerdate_layout" value="false"/>
			<param name="ruler_width" value="1400"/>
			<param name="ruler_label_width" value="365"/>
			<param name="channel_width" value="340"/>
			<param name="scrollbar_top" value="110"/>
		</include>
		<include content="EpgGrid">
			<param name="control_id" value="51"/>
			<param name="control_orientation" value="horizontal"/>
			<param name="control_top" value="60"/>
			<param name="control_onupdown_id" value="11"/>
			<param name="viewtype_label" value="19297"/>
			<param name="progress_texture_border" value="5,10,5,10"/>
			<param name="progress_texture" value="guide/epg_progress_horizontal.png"/>
			<param name="has_rulerdate_layout" value="true"/>
			<param name="ruler_width" value="150"/>
			<param name="ruler_label_width" value="150"/>
			<param name="channel_width" value="340"/>
			<param name="scrollbar_top" value="168"/>
		</include>
		<include content="EpgGrid">
			<param name="control_id" value="52"/>
			<param name="control_orientation" value="vertical"/>
			<param name="control_top" value="60"/>
			<param name="control_onupdown_id" value="52"/>
			<param name="viewtype_label" value="19301"/>
			<param name="progress_texture_border" value="0,60,18,14"/>
			<param name="progress_texture" value="guide/epg_progress_vertical.png"/>
			<param name="has_rulerdate_layout" value="false"/>
			<param name="ruler_width" value="1400"/>
			<param name="ruler_label_width" value="365"/>
			<param name="channel_width" value="340"/>
			<param name="scrollbar_top" value="47"/>
		</include>
		<include content="EpgGrid">
			<param name="control_id" value="53"/>
			<param name="control_orientation" value="horizontal"/>
			<param name="control_top" value="60"/>
			<param name="control_onupdown_id" value="53"/>
			<param name="viewtype_label" value="19300"/>
			<param name="progress_texture_border" value="5,10,5,10"/>
			<param name="progress_texture" value="guide/epg_progress_horizontal.png"/>
			<param name="has_rulerdate_layout" value="true"/>
			<param name="ruler_width" value="150"/>
			<param name="ruler_label_width" value="150"/>
			<param name="channel_width" value="300"/>
			<param name="scrollbar_top" value="102"/>
		</include>

		<!-- Info -->
		<control type="group">
			<top>510</top>        
			<left>20</left>
			<visible>!String.isEmpty(Container(50).ListItem.EpgEventTitle)</visible>

			<control type="image">
				<top>22</top>
				<texture>$INFO[ListItem.Icon]</texture>
				<width>140</width>
				<height>140</height>
				<aspectratio>keep</aspectratio>
			</control>
			<control type="label">
				<top>168</top>
				<label>$INFO[ListItem.StartTime]$INFO[ListItem.EndTime, - ]</label>
				<width>140</width>
				<align>center</align>
				<font>Lato_Light_20</font>
			</control>

			<control type="label">
				<left>160</left>
				<width>1060</width>
				<label>$INFO[ListItem.EpgEventTitle]</label>
				<font>Lato_Thin_60</font>
				<scroll>false</scroll>
				<textcolor>$VAR[Var_Color_Header_Hex]</textcolor>
				<wrapmultiline>false</wrapmultiline>
			</control>
			<control type="label">
				<left>160</left>
				<top>68</top>
				<width>1060</width>
				<label>$VAR[Var_Guide_Label]</label>
				<font>Lato_Thin_40</font>
				<scroll>true</scroll>
				<textcolor>$VAR[Var_Color_Subheader_Hex]</textcolor>
				<wrapmultiline>false</wrapmultiline>
				<width>1000</width>
			</control>

			<control type="textbox">
				<top>120</top>
				<left>162</left>
				<height>70</height>
				<width>1060</width>
				<label>$INFO[ListItem.Plot]</label>
				<font>Lato_Light_20</font>
				<textcolor>FFCCCCCC</textcolor>
				<autoscroll time="2500" delay="5000" repeat="5000">Skin.HasSetting(autoscroll)</autoscroll>
			</control>

		</control>

		<!-- Hidden -->
                <control type="label" id="29"></control>
                <control type="label" id="30"></control>

	</controls>
</window>
