<?xml version="1.0" encoding="utf-8"?>
<window>
	<defaultcontrol always="true">3</defaultcontrol>
	<coordinates>
		<left>502</left>
		<top>52</top>
	</coordinates>
	<include>dialogeffect</include>
	<controls>
		<control type="image">
			<description>background image</description>
			<left>0</left>
			<top>0</top>
			<width>915</width>
			<height>975</height>
			<texture border="32">dialog.png</texture>
		</control>
		<control type="button">
			<left>825</left>
			<top>52</top>
			<width>30</width>
			<height>30</height>
			<texturefocus>close-window-focus.png</texturefocus>
			<texturenofocus>close-window-nofocus.png</texturenofocus>
			<onclick>Dialog.Close(selectdialog)</onclick>
			<visible>Skin.HasSetting(TouchScreenMode)</visible>
		</control>
		<control type="label" id="1">
			<description>heading label</description>
			<left>60</left>
			<top>60</top>
			<width>765</width>
			<height>45</height>
			<align>center</align>
			<aligny>center</aligny>
			<font>font-30</font>
			<label></label>
			<textcolor>blue</textcolor>
		</control>
		<control type="image">
			<left>60</left>
			<top>117</top>
			<width>765</width>
			<height>3</height>
			<texture>separator.png</texture>
		</control>
		<control type="list" id="3">
			<left>68</left>
			<top>135</top>
			<width>750</width>
			<height>662</height>
			<onup>3</onup>
			<ondown>3</ondown>
			<onleft>5</onleft>
			<onright>61</onright>
			<pagecontrol>61</pagecontrol>
			<scrolltime>200</scrolltime>
			<visible>![Window.IsActive(gamevideofilter) | Window.IsActive(gamestretchmode) | Window.IsActive(gamevideorotation)]</visible>
			<itemlayout width="750" height="44">
				<control type="image">
					<left>0</left>
					<top>0</top>
					<width>750</width>
					<height>45</height>
					<texture border="7">list-nofocus.png</texture>
				</control>
				<control type="label">
					<left>15</left>
					<top>0</top>
					<width>720</width>
					<height>45</height>
					<font>font-20</font>
					<align>left</align>
					<aligny>center</aligny>
					<selectedcolor>blue</selectedcolor>
					<label>$INFO[ListItem.Label]</label>
				</control>
			</itemlayout>
			<focusedlayout width="750" height="44">
				<control type="image">
					<left>0</left>
					<top>0</top>
					<width>750</width>
					<height>45</height>
					<texture border="7">list-nofocus.png</texture>
				</control>
				<control type="image">
					<left>0</left>
					<top>0</top>
					<width>750</width>
					<height>45</height>
					<visible>Control.HasFocus(3)</visible>
					<texture border="7">list-focus2.png</texture>
					<include>ListFocusScroll14</include>
				</control>
				<control type="label">
					<left>15</left>
					<top>0</top>
					<width>720</width>
					<height>45</height>
					<font>font-20</font>
					<align>left</align>
					<aligny>center</aligny>
					<selectedcolor>blue</selectedcolor>
					<label>$INFO[ListItem.Label]</label>
				</control>
			</focusedlayout>
		</control>
		<control type="list" id="6">
			<left>68</left>
			<top>135</top>
			<width>750</width>
			<height>621</height>
			<onup>6</onup>
			<ondown>6</ondown>
			<onleft>5</onleft>
			<onright>62</onright>
			<pagecontrol>62</pagecontrol>
			<scrolltime>200</scrolltime>
			<visible>![Window.IsActive(gamevideofilter) | Window.IsActive(gamestretchmode) | Window.IsActive(gamevideorotation)]</visible>
			<itemlayout width="750" height="88">
				<control type="image">
					<left>0</left>
					<top>0</top>
					<width>750</width>
					<height>90</height>
					<texture border="7">list-nofocus.png</texture>
				</control>
				<control type="image">
					<left>15</left>
					<top>8</top>
					<width>75</width>
					<height>75</height>
					<texture>$INFO[ListItem.Icon]</texture>
					<aspectratio>keep</aspectratio>
				</control>
				<control type="label">
					<left>105</left>
					<top>6</top>
					<width>630</width>
					<height>45</height>
					<font>font-20</font>
					<align>left</align>
					<aligny>center</aligny>
					<selectedcolor>blue</selectedcolor>
					<label>$INFO[ListItem.Label]</label>
				</control>
				<control type="label">
					<left>120</left>
					<top>39</top>
					<width>615</width>
					<height>45</height>
					<font>font-20</font>
					<align>left</align>
					<aligny>center</aligny>
					<selectedcolor>blue</selectedcolor>
					<label>$INFO[ListItem.Label2]</label>
				</control>
			</itemlayout>
			<focusedlayout width="750" height="88">
				<control type="image">
					<left>0</left>
					<top>0</top>
					<width>750</width>
					<height>90</height>
					<texture border="7">list-nofocus.png</texture>
				</control>
				<control type="image">
					<left>0</left>
					<top>0</top>
					<width>750</width>
					<height>90</height>
					<visible>Control.HasFocus(6)</visible>
					<texture border="7">list-focus2.png</texture>
					<include>ListFocusScroll30</include>
				</control>
				<control type="image">
					<left>15</left>
					<top>8</top>
					<width>75</width>
					<height>75</height>
					<texture>$INFO[ListItem.Icon]</texture>
					<aspectratio>keep</aspectratio>
				</control>
				<control type="label">
					<left>105</left>
					<top>6</top>
					<width>630</width>
					<height>45</height>
					<font>font-20</font>
					<align>left</align>
					<aligny>center</aligny>
					<selectedcolor>blue</selectedcolor>
					<label>$INFO[ListItem.Label]</label>
				</control>
				<control type="label">
					<left>120</left>
					<top>39</top>
					<width>615</width>
					<height>45</height>
					<font>font-20</font>
					<align>left</align>
					<aligny>center</aligny>
					<selectedcolor>blue</selectedcolor>
					<label>$INFO[ListItem.Label2]</label>
				</control>
			</focusedlayout>
		</control>
		<control type="panel" id="11">
			<left>68</left>
			<top>135</top>
			<width>750</width>
			<height>560</height>
			<onup>3</onup>
			<ondown>3</ondown>
			<onleft>5</onleft>
			<onright>61</onright>
			<scrolltime>200</scrolltime>
			<visible>Window.IsActive(gamevideofilter) | Window.IsActive(gamestretchmode) | Window.IsActive(gamevideorotation)</visible>
			<itemlayout width="250" height="280">
				<control type="image">
					<left>5</left>
					<top>5</top>
					<width>240</width>
					<height>240</height>
					<texture border="7">thumb-nofocus.png</texture>
				</control>
				<control type="gamewindow">
					<left>10</left>
					<top>10</top>
					<width>230</width>
					<height>230</height>
					<videofilter>$INFO[ListItem.Property(game.videofilter)]</videofilter>
					<stretchmode>$INFO[ListItem.Property(game.stretchmode)]</stretchmode>
					<rotation>$INFO[ListItem.Property(game.videorotation)]</rotation>
				</control>
				<control type="label">
					<left>5</left>
					<top>250</top>
					<width>240</width>
					<height>30</height>
					<font>font-19</font>
					<textcolor>white</textcolor>
					<selectedcolor>blue</selectedcolor>
					<align>center</align>
					<aligny>center</aligny>
					<label>$INFO[ListItem.Label][CR][COLOR grey]$INFO[ListItem.Label2][/COLOR]</label>
				</control>
			</itemlayout>
			<focusedlayout width="250" height="280">
				<control type="image">
					<left>5</left>
					<top>5</top>
					<width>240</width>
					<height>240</height>
					<texture border="7">thumb-focus.png</texture>
				</control>
				<control type="gamewindow">
					<left>10</left>
					<top>10</top>
					<width>230</width>
					<height>230</height>
					<videofilter>$INFO[ListItem.Property(game.videofilter)]</videofilter>
					<stretchmode>$INFO[ListItem.Property(game.stretchmode)]</stretchmode>
					<rotation>$INFO[ListItem.Property(game.videorotation)]</rotation>
				</control>
				<control type="label">
					<left>5</left>
					<top>250</top>
					<width>240</width>
					<height>30</height>
					<font>font-19</font>
					<textcolor>lightblue</textcolor>
					<selectedcolor>blue</selectedcolor>
					<align>center</align>
					<aligny>center</aligny>
					<label>$INFO[ListItem.Label][CR][COLOR grey]$INFO[ListItem.Label2][/COLOR]</label>
				</control>
			</focusedlayout>
		</control>
		<control type="textbox" id="12">
			<left>68</left>
			<top>730</top>
			<width>750</width>
			<height>150</height>
			<autoscroll>true</autoscroll>
			<visible>Window.IsActive(gamevideofilter)</visible>
		</control>
		<control type="scrollbar" id="61">
			<left>828</left>
			<top>130</top>
			<width>30</width>
			<height>669</height>
			<texturesliderbackground border="0,10,0,10">scrollbar-back.png</texturesliderbackground>
			<texturesliderbar border="0,10,0,10">scrollbar-front-nofocus.png</texturesliderbar>
			<texturesliderbarfocus border="0,10,0,10">scrollbar-front.png</texturesliderbarfocus>
			<textureslidernib>scrollbar-nib-nofocus.png</textureslidernib>
			<textureslidernibfocus>scrollbar-nib.png</textureslidernibfocus>
			<onleft>3</onleft>
			<onright>5</onright>
			<ondown>61</ondown>
			<onup>61</onup>
			<showonepage>false</showonepage>
			<orientation>vertical</orientation>
			<visible>Control.IsVisible(3)</visible>
		</control>
		<control type="scrollbar" id="62">
			<left>828</left>
			<top>130</top>
			<width>30</width>
			<height>628</height>
			<texturesliderbackground border="0,10,0,10">scrollbar-back.png</texturesliderbackground>
			<texturesliderbar border="0,10,0,10">scrollbar-front-nofocus.png</texturesliderbar>
			<texturesliderbarfocus border="0,10,0,10">scrollbar-front.png</texturesliderbarfocus>
			<textureslidernib>scrollbar-nib-nofocus.png</textureslidernib>
			<textureslidernibfocus>scrollbar-nib.png</textureslidernibfocus>
			<onleft>6</onleft>
			<onright>5</onright>
			<ondown>62</ondown>
			<onup>62</onup>
			<showonepage>false</showonepage>
			<orientation>vertical</orientation>
			<visible>Control.IsVisible(6)</visible>
		</control>
		<control type="group">
			<visible>![Window.IsActive(gamevideofilter) | Window.IsActive(gamestretchmode) | Window.IsActive(gamevideorotation)]</visible>
			<include>CommonFileCount3</include>
			<include>CommonFileCount13</include>
			<control type="grouplist" id="9001">
				<left>158</left>
				<top>855</top>
				<width>600</width>
				<height>52</height>
				<align>center</align>
				<orientation>horizontal</orientation>
				<itemgap>0</itemgap>
				<onup>3</onup>
				<ondown>3</ondown>
				<onleft>3</onleft>
				<onright>3</onright>
				<control type="button" id="5">
					<description>Get more button</description>
					<width>300</width>
					<height>52</height>
					<label></label>
					<font>font-23</font>
					<textcolor>lightgrey</textcolor>
					<focusedcolor>white</focusedcolor>
					<align>center</align>
					<texturefocus border="7">button-focus.png</texturefocus>
					<texturenofocus border="7">button-nofocus.png</texturenofocus>
				</control>
				<control type="button" id="7">
					<description>Cancel button</description>
					<width>300</width>
					<height>52</height>
					<label></label>
					<font>font-23</font>
					<textcolor>lightgrey</textcolor>
					<focusedcolor>white</focusedcolor>
					<align>center</align>
					<texturefocus border="7">button-focus.png</texturefocus>
					<texturenofocus border="7">button-nofocus.png</texturenofocus>
				</control>
			</control>
		</control>
	</controls>
</window>
