<?xml version="1.0" encoding="UTF-8"?>
<window id="1156">
	<defaultcontrol always="true">200</defaultcontrol>
	<controls>
		<include>backgroundsimple</include>
		<include content="screen-name">
			<param name="screenlabel" value="$LOCALIZE[137][CR]'$VAR[SearchString]'"/>
		</include>
		<control type="button" id="200">
			<top>90</top>
			<left>70</left>
			<width>300</width>
			<height>50</height>
			<onup>noop</onup>
			<ondown>10</ondown>
			<onclick>SetProperty(CustomSearch,1,home)</onclick>
			<onclick>Skin.Reset(CustomSearchTerm)</onclick>
			<onclick>Skin.SetString(CustomSearchTerm)</onclick>
			<label>$LOCALIZE[31698]</label>
			<font>apptv20</font>
		</control>
		<control type="label">
			<top>165</top>
			<left>20</left>
			<width>1880</width>
			<height>60</height>
			<align>center</align>
			<aligny>center</aligny>
			<label>$LOCALIZE[284]</label>
			<font>apptv30</font>
			<visible>Integer.IsLess(Container(10).NumItems,1) + !$EXP[IsSearching] + !Window.IsVisible(virtualkeyboard)</visible>
		</control>
		<!-- results -->
		<control type="grouplist" id="10">
			<visible>!Window.IsVisible(virtualkeyboard)</visible>
			<top>150</top>
			<left>0</left>
			<width>1920</width>
			<height>900</height>
			<itemgap>20</itemgap>
			<orientation>vertical</orientation>
			<usecontrolcoords>true</usecontrolcoords>
			<onup>200</onup>
			<ondown>201</ondown>
			<pagecontrol>300</pagecontrol>
			<!-- movies -->
			<control type="group" id="201">
				<top>0</top>
				<left>0</left>
				<width>1920</width>
				<height>360</height>
				<visible>Integer.IsGreater(Container(101).NumItems,0) | Container(101).IsUpdating</visible>
				<include content="WidgetLabel">
					<param name="widget_id" value="101"/>
					<param name="widget_left" value="70"/>
					<param name="widget_top" value="10"/>
					<param name="widget_label" value="$LOCALIZE[342]$INFO[Container(101).NumItems,(,)]"/>
				</include>
				<include content="WidgetPoster">
					<param name="widget_id" value="101"/>
					<param name="widget_left" value="80"/>
					<param name="widget_top" value="60"/>
					<param name="widget_onup" value="200"/>
					<param name="widget_ondown" value="203"/>
					<param name="widget_path" value="$VAR[SearchMovies]"/>
					<param name="widget_target" value="Videos"/>
				</include>
				<include content="page-offscreen-horizontal">
					<param name="indicator1left" value="20"/>
					<param name="indicator1top" value="190"/>
					<param name="indicator2left" value="1852"/>
					<param name="indicator2top" value="190"/>
					<param name="indicatorsize" value="32"/>
					<param name="indicatorcontainer" value="101"/>
				</include>
			</control>
			<!-- tvshows -->
			<control type="group" id="203">
				<top>0</top>
				<left>0</left>
				<width>1920</width>
				<height>320</height>
				<visible>Integer.IsGreater(Container(103).NumItems,0) | Container(103).IsUpdating</visible>
				<include content="WidgetLabel">
					<param name="widget_id" value="103"/>
					<param name="widget_left" value="70"/>
					<param name="widget_top" value="10"/>
					<param name="widget_label" value="$LOCALIZE[20343]$INFO[Container(103).NumItems,(,)]"/>
				</include>
				<include content="WidgetWide">
					<param name="widget_id" value="103"/>
					<param name="widget_left" value="80"/>
					<param name="widget_top" value="40"/>
					<param name="widget_onup" value="201"/>
					<param name="widget_ondown" value="205"/>
					<param name="widget_path" value="$VAR[SearchShows]"/>
					<param name="widget_target" value="Videos"/>
				</include>
				<include content="page-offscreen-horizontal">
					<param name="indicator1left" value="20"/>
					<param name="indicator1top" value="140"/>
					<param name="indicator2left" value="1852"/>
					<param name="indicator2top" value="140"/>
					<param name="indicatorsize" value="32"/>
					<param name="indicatorcontainer" value="103"/>
				</include>
			</control>
			<!-- episodes -->
			<control type="group" id="205">
				<top>0</top>
				<left>0</left>
				<width>1920</width>
				<height>320</height>
				<visible>Integer.IsGreater(Container(105).NumItems,0) | Container(105).IsUpdating</visible>
				<include content="WidgetLabel">
					<param name="widget_id" value="105"/>
					<param name="widget_left" value="70"/>
					<param name="widget_top" value="10"/>
					<param name="widget_label" value="$LOCALIZE[20360]$INFO[Container(105).NumItems,(,)]"/>
				</include>
				<include content="WidgetWide">
					<param name="widget_id" value="105"/>
					<param name="widget_left" value="80"/>
					<param name="widget_top" value="40"/>
					<param name="widget_onup" value="203"/>
					<param name="widget_ondown" value="207"/>
					<param name="widget_path" value="$VAR[SearchEpisodes]"/>
					<param name="widget_target" value="Videos"/>
				</include>
				<include content="page-offscreen-horizontal">
					<param name="indicator1left" value="20"/>
					<param name="indicator1top" value="140"/>
					<param name="indicator2left" value="1852"/>
					<param name="indicator2top" value="140"/>
					<param name="indicatorsize" value="32"/>
					<param name="indicatorcontainer" value="105"/>
				</include>
			</control>
			<!-- musicvid -->
			<control type="group" id="207">
				<top>0</top>
				<left>0</left>
				<width>1920</width>
				<height>320</height>
				<visible>Integer.IsGreater(Container(107).NumItems,0) | Container(107).IsUpdating</visible>
				<include content="WidgetLabel">
					<param name="widget_id" value="107"/>
					<param name="widget_left" value="70"/>
					<param name="widget_top" value="10"/>
					<param name="widget_label" value="$LOCALIZE[20389]$INFO[Container(107).NumItems,(,)]"/>
				</include>
				<include content="WidgetWide">
					<param name="widget_id" value="107"/>
					<param name="widget_left" value="80"/>
					<param name="widget_top" value="40"/>
					<param name="widget_onup" value="205"/>
					<param name="widget_ondown" value="208"/>
					<param name="widget_path" value="$VAR[SearchMusicVideos]"/>
					<param name="widget_target" value="Videos"/>
				</include>
				<include content="page-offscreen-horizontal">
					<param name="indicator1left" value="20"/>
					<param name="indicator1top" value="140"/>
					<param name="indicator2left" value="1852"/>
					<param name="indicator2top" value="140"/>
					<param name="indicatorsize" value="32"/>
					<param name="indicatorcontainer" value="107"/>
				</include>
			</control>
			<!-- actors -->
			<control type="group" id="208">
				<top>0</top>
				<left>0</left>
				<width>1920</width>
				<height>300</height>
				<visible>Integer.IsGreater(Container(108).NumItems,0) | Container(108).IsUpdating</visible>
				<include content="WidgetLabel">
					<param name="widget_id" value="108"/>
					<param name="widget_left" value="70"/>
					<param name="widget_top" value="10"/>
					<param name="widget_label" value="$LOCALIZE[20338] $LOCALIZE[344]$INFO[Container(108).NumItems,(,)]"/>
				</include>
				<include content="WidgetPoster">
					<param name="widget_id" value="108"/>
					<param name="widget_left" value="80"/>
					<param name="widget_top" value="50"/>
					<param name="widget_onup" value="203"/>
					<param name="widget_ondown" value="210"/>
					<param name="widget_path" value="$VAR[SearchActorMovies]"/>
					<param name="widget_target" value="Videos"/>
				</include>
				<include content="page-offscreen-horizontal">
					<param name="indicator1left" value="20"/>
					<param name="indicator1top" value="185"/>
					<param name="indicator2left" value="1852"/>
					<param name="indicator2top" value="185"/>
					<param name="indicatorsize" value="32"/>
					<param name="indicatorcontainer" value="108"/>
				</include>
			</control>
			<control type="group" id="210">
				<top>0</top>
				<left>0</left>
				<width>1920</width>
				<height>300</height>
				<visible>Integer.IsGreater(Container(110).NumItems,0) | Container(110).IsUpdating</visible>
				<include content="WidgetLabel">
					<param name="widget_id" value="110"/>
					<param name="widget_left" value="70"/>
					<param name="widget_top" value="10"/>
					<param name="widget_label" value="$LOCALIZE[20343] $LOCALIZE[344]$INFO[Container(110).NumItems,(,)]"/>
				</include>
				<include content="WidgetPoster">
					<param name="widget_id" value="110"/>
					<param name="widget_left" value="80"/>
					<param name="widget_top" value="50"/>
					<param name="widget_onup" value="208"/>
					<param name="widget_ondown" value="212"/>
					<param name="widget_path" value="$VAR[SearchActorShows]"/>
					<param name="widget_target" value="Videos"/>
				</include>
				<include content="page-offscreen-horizontal">
					<param name="indicator1left" value="20"/>
					<param name="indicator1top" value="185"/>
					<param name="indicator2left" value="1852"/>
					<param name="indicator2top" value="185"/>
					<param name="indicatorsize" value="32"/>
					<param name="indicatorcontainer" value="110"/>
				</include>
			</control>
			<control type="group" id="212">
				<top>0</top>
				<left>0</left>
				<width>1920</width>
				<height>300</height>
				<visible>Integer.IsGreater(Container(112).NumItems,0) | Container(112).IsUpdating</visible>
				<include content="WidgetLabel">
					<param name="widget_id" value="112"/>
					<param name="widget_left" value="70"/>
					<param name="widget_top" value="10"/>
					<param name="widget_label" value="$LOCALIZE[20360] $LOCALIZE[344]$INFO[Container(112).NumItems,(,)]"/>
				</include>
				<include content="WidgetWide">
					<param name="widget_id" value="112"/>
					<param name="widget_left" value="80"/>
					<param name="widget_top" value="40"/>
					<param name="widget_onup" value="210"/>
					<param name="widget_ondown" value="216"/>
					<param name="widget_path" value="$VAR[SearchActorEpisodes]"/>
					<param name="widget_target" value="Videos"/>
				</include>
				<include content="page-offscreen-horizontal">
					<param name="indicator1left" value="20"/>
					<param name="indicator1top" value="185"/>
					<param name="indicator2left" value="1852"/>
					<param name="indicator2top" value="185"/>
					<param name="indicatorsize" value="32"/>
					<param name="indicatorcontainer" value="112"/>
				</include>
			</control>
			<!-- directors -->
			<control type="group" id="214">
				<top>0</top>
				<left>0</left>
				<width>1920</width>
				<height>300</height>
				<visible>Integer.IsGreater(Container(114).NumItems,0) | Container(114).IsUpdating</visible>
				<include content="WidgetLabel">
					<param name="widget_id" value="114"/>
					<param name="widget_left" value="70"/>
					<param name="widget_top" value="10"/>
					<param name="widget_label" value="$LOCALIZE[20342] $LOCALIZE[20339]$INFO[Container(114).NumItems,(,)]"/>
				</include>
				<include content="WidgetWide">
					<param name="widget_id" value="114"/>
					<param name="widget_left" value="80"/>
					<param name="widget_top" value="40"/>
					<param name="widget_onup" value="212"/>
					<param name="widget_ondown" value="216"/>
					<param name="widget_path" value="$VAR[SearchDirectorMovies]"/>
					<param name="widget_target" value="Videos"/>
				</include>
				<include content="page-offscreen-horizontal">
					<param name="indicator1left" value="20"/>
					<param name="indicator1top" value="185"/>
					<param name="indicator2left" value="1852"/>
					<param name="indicator2top" value="185"/>
					<param name="indicatorsize" value="32"/>
					<param name="indicatorcontainer" value="114"/>
				</include>
			</control>
			<!-- artists -->
			<control type="group" id="216">
				<top>0</top>
				<left>0</left>
				<width>1920</width>
				<height>350</height>
				<visible>Integer.IsGreater(Container(116).NumItems,0) | Container(116).IsUpdating</visible>
				<include content="WidgetLabel">
					<param name="widget_id" value="116"/>
					<param name="widget_left" value="70"/>
					<param name="widget_top" value="10"/>
					<param name="widget_label" value="$LOCALIZE[133]$INFO[Container(116).NumItems,(,)]"/>
				</include>
				<include content="WidgetSquare">
					<param name="widget_id" value="116"/>
					<param name="widget_left" value="80"/>
					<param name="widget_top" value="60"/>
					<param name="widget_onup" value="208"/>
					<param name="widget_ondown" value="217"/>
					<param name="widget_path" value="$VAR[SearchArtists]"/>
					<param name="widget_target" value="Music"/>
				</include>
				<include content="page-offscreen-horizontal">
					<param name="indicator1left" value="20"/>
					<param name="indicator1top" value="190"/>
					<param name="indicator2left" value="1852"/>
					<param name="indicator2top" value="190"/>
					<param name="indicatorsize" value="32"/>
					<param name="indicatorcontainer" value="116"/>
				</include>
			</control>
			<!-- albums -->
			<control type="group" id="217">
				<top>0</top>
				<left>0</left>
				<width>1920</width>
				<height>350</height>
				<visible>Integer.IsGreater(Container(117).NumItems,0) | Container(117).IsUpdating</visible>
				<include content="WidgetLabel">
					<param name="widget_id" value="117"/>
					<param name="widget_left" value="70"/>
					<param name="widget_top" value="10"/>
					<param name="widget_label" value="$LOCALIZE[132]$INFO[Container(117).NumItems,(,)]"/>
				</include>
				<include content="WidgetSquare">
					<param name="widget_id" value="117"/>
					<param name="widget_left" value="80"/>
					<param name="widget_top" value="60"/>
					<param name="widget_onup" value="208"/>
					<param name="widget_ondown" value="219"/>
					<param name="widget_path" value="$VAR[SearchAlbums]"/>
					<param name="widget_target" value="Music"/>
				</include>
				<include content="page-offscreen-horizontal">
					<param name="indicator1left" value="20"/>
					<param name="indicator1top" value="190"/>
					<param name="indicator2left" value="1852"/>
					<param name="indicator2top" value="190"/>
					<param name="indicatorsize" value="32"/>
					<param name="indicatorcontainer" value="117"/>
				</include>
			</control>
			<!-- songs -->
			<control type="group" id="219">
				<top>0</top>
				<left>0</left>
				<width>1920</width>
				<height>350</height>
				<visible>Integer.IsGreater(Container(119).NumItems,0) | Container(119).IsUpdating</visible>
				<include content="WidgetLabel">
					<param name="widget_id" value="119"/>
					<param name="widget_left" value="70"/>
					<param name="widget_top" value="10"/>
					<param name="widget_label" value="$LOCALIZE[134]$INFO[Container(119).NumItems,(,)]"/>
				</include>
				<include content="WidgetSquare">
					<param name="widget_id" value="119"/>
					<param name="widget_left" value="80"/>
					<param name="widget_top" value="60"/>
					<param name="widget_onup" value="217"/>
					<param name="widget_ondown" value="201"/>
					<param name="widget_path" value="$VAR[SearchSongs]"/>
					<param name="widget_target" value="music"/>
				</include>
				<include content="page-offscreen-horizontal">
					<param name="indicator1left" value="20"/>
					<param name="indicator1top" value="190"/>
					<param name="indicator2left" value="1852"/>
					<param name="indicator2top" value="190"/>
					<param name="indicatorsize" value="32"/>
					<param name="indicatorcontainer" value="119"/>
				</include>
			</control>
			<!-- NetFlix -->
			<!--<control type="group" id="222">
				<top>0</top>
				<left>0</left>
				<width>1920</width>
				<height>360</height>
				<visible>System.HasAddon(plugin.video.netflix) + [Integer.IsGreater(Container(122).NumItems,2) | Container(122).IsUpdating]</visible>
				<include content="WidgetLabel">
					<param name="widget_id" value="122"/>
					<param name="widget_left" value="70"/>
					<param name="widget_top" value="10"/>
					<param name="widget_label" value="NetFlix$INFO[Container(122).NumItems,(,)]"/>
				</include>
				<include content="WidgetPoster">
					<param name="widget_id" value="122"/>
					<param name="widget_left" value="80"/>
					<param name="widget_top" value="60"/>
					<param name="widget_onup" value="219"/>
					<param name="widget_ondown" value="201"/>
					<param name="widget_path" value="$VAR[NetFlix.Search]"/>
					<param name="widget_target" value="videos"/>
				</include>
				<include content="page-offscreen-horizontal">
					<param name="indicator1left" value="20"/>
					<param name="indicator1top" value="190"/>
					<param name="indicator2left" value="1852"/>
					<param name="indicator2top" value="190"/>
					<param name="indicatorsize" value="32"/>
					<param name="indicatorcontainer" value="122"/>
				</include>
			</control>-->
			<control type="label">
				<top>0</top>
				<left>0</left>
				<width>1</width>
				<height>125</height>
				<label></label>
				<font></font>
			</control>
		</control>
		<control type="image"><!-- Busy animation -->
			<left>912</left>
			<top>10</top>
			<width>96</width>
			<height>96</height>
			<texture>busy.png</texture>
			<aspectratio>keep</aspectratio>
			<include>busy-spin</include>
			<visible>$EXP[IsSearching]</visible>
		</control>
		<include content="page-offscreen-vertical">
			<param name="indicator1left" value="936"/>
			<param name="indicator1top" value="100"/>
			<param name="indicator2left" value="936"/>
			<param name="indicator2top" value="1040"/>
			<param name="indicatorsize" value="48"/>
			<param name="indicatorcontainer" value="10"/>
		</include>
		<control type="scrollbar" id="300">
			<left>1888</left>
			<top>150</top>
			<width>16</width>
			<height>890</height>
			<animation condition="!Control.HasFocus(300) + !Container.Scrolling + $EXP[isnotAlwaysScrollbar]" effect="fade" start="100" end="0" time="200" reversible="true">Conditional</animation>
			<visible>$EXP[isEnabledScrollbar]</visible>
		</control>
	</controls>
</window>