<?xml version="1.0" encoding="UTF-8"?>
<window><!-- Aeon MQ 9 -->
	<defaultcontrol always="true">7</defaultcontrol>
	<controls>
		<control type="group">
			<include>animation_dialog_popup</include>
			<control type="image">
				<left>330</left>
				<width>90</width>
				<height>2160</height>
				<texture flipx="true">shadow.png</texture>
				<colordiffuse>c3ffffff</colordiffuse>
			</control>
			<control type="image">
				<left>3420</left>
				<width>90</width>
				<height>2160</height>
				<texture>shadow.png</texture>
				<colordiffuse>c3ffffff</colordiffuse>
			</control>
			<control type="image">
				<left>420</left>
				<width>3000</width>
				<height>2160</height>
				<texture>white.png</texture>
				<colordiffuse>dark</colordiffuse>
			</control>
			<control type="image">
				<left>420</left>
				<width>3000</width>
				<height>240</height>
				<texture>black.png</texture>
				<colordiffuse>90ffffff</colordiffuse>
			</control>
			<control type="label">
				<left>644</left>
				<top>68</top>
				<width>2556</width>
				<height>90</height>
				<label>$LOCALIZE[19047]</label>
				<textcolor>fffffaf0</textcolor>
				<font>font_title_settings</font>				
				<include>animation_fade</include>
			</control>
			<control type="label">
				<left>644</left>
				<top>270</top>
				<width>2556</width>
				<height>90</height>
				<label>$INFO[ListItem.Title]</label>
				<textcolor>$INFO[skin.string(header_color)]</textcolor>
				<font>font_title_settings</font>				
				<scroll>true</scroll>
			</control>
			<control type="group">
				<left>1244</left>
				<top>428</top>
				<control type="label">
					<width>1956</width>
					<height>76</height>
					<label>$LOCALIZE[142] [COLOR=fffffaf0]$INFO[ListItem.StartTime] - $INFO[ListItem.EndTime] ($INFO[ListItem.StartDate])[/COLOR]</label>
					<textcolor>$INFO[skin.string(header_color)]</textcolor>
					<font>font_plot</font>					
				</control>
				<control type="label">
					<top>104</top>
					<width>1956</width>
					<height>76</height>					
					<label>$LOCALIZE[180]: [COLOR=fffffaf0]$INFO[ListItem.Duration][/COLOR]</label>
					<textcolor>$INFO[skin.string(header_color)]</textcolor>
					<font>font_plot</font>					
				</control>
				<control type="label">
					<top>210</top>
					<width>1956</width>
					<height>76</height>
					<label>$LOCALIZE[19148]: [COLOR=fffffaf0]$INFO[ListItem.ChannelName][/COLOR]</label>
					<textcolor>$INFO[skin.string(header_color)]</textcolor>
					<font>font_plot</font>					
				</control>
				<control type="label">
					<top>316</top>
					<width>1956</width>
					<height>76</height>
					<font>font_plot</font>
					<textcolor>$INFO[skin.string(header_color)]</textcolor>
					<label>$LOCALIZE[135]: [COLOR=fffffaf0]$INFO[ListItem.Genre][/COLOR]</label>
				</control>
			</control>
			<control type="textbox" id="400">
				<left>644</left>
				<top>900</top>
				<width>2556</width>
				<height>780</height>
				<align>justify</align>
				<label>$INFO[ListItem.Plot]</label>
				<textcolor>fffffaf0</textcolor>
				<font>font_plot</font>
				<autoscroll delay="20000" time="3000" repeat="20000">!Skin.HasSetting(allow_scroll_off)</autoscroll>
			</control>
			<control type="image">
				<left>420</left>
				<top>1800</top>
				<height>120</height>
				<width>3000</width>
				<texture colordiffuse="90ffffff">black.png</texture>
			</control>
			<control type="grouplist" id="9001">
				<left>450</left>
				<top>2040</top>
				<width>2940</width>
				<height>120</height>				
				<onup>60</onup>
				<ondown>60</ondown>
				<align>center</align>
				<orientation>horizontal</orientation>
				<include content="settings_floor_button">
					<param name="id" value="7" />
					<param name="label" value="$LOCALIZE[186]" />
					<param name="width" value="980" />
					<param name="visible" value="true" />
				</include>
				<include content="settings_floor_button">
					<param name="id" value="6" />
					<param name="label" value="" />
					<param name="width" value="980" />
					<param name="visible" value="true" />
				</include>
				<include content="settings_floor_button">
					<param name="id" value="5" />
					<param name="label" value="$LOCALIZE[19165]" />
					<param name="width" value="980" />
					<param name="visible" value="true" />
				</include>
			</control>
		</control>
	</controls>
</window>