<?xml version="1.0" encoding="UTF-8"?>
<window><!-- Aeon MQ 9 -->
	<defaultcontrol>3</defaultcontrol>
	<controls>
		<include content="common_background">
			<param name="mask" value="white80" />	
			<param name="condition" value="true" />
		</include>
		<control type="group">
			<include>animation_window</include>			
			<control type="group">
				<animation effect="slide" end="-450,0" time="300" tween="sine" easing="out" reversible="true" condition="!String.IsEmpty(Control.GetLabel(8025))">Conditional</animation>				
				<include content="dialogs_furniture">
					<param name="id" value="1" />
					<param name="left" value="360" />
					<param name="width" value="2940" />
					<param name="title" value="" />				
				</include>				
				<control type="list" id="3">
					<left>450</left>
					<width>2940</width>
					<height>1680</height>
					<onleft>Action(Back)</onleft>
					<onright>80</onright>
					<pagecontrol>80</pagecontrol>
					<itemlayout height="120">
						<include content="list_furniture">
							<param name="width" value="2940" />
							<param name="height" value="120" />
							<param name="align" value="center" />
							<param name="label" value="$INFO[ListItem.label]" />
							<param name="font" value="font_settings" />
						</include>
					</itemlayout>
					<focusedlayout height="120">
						<include content="list_furniturefocus">
							<param name="width" value="2940" />
							<param name="height" value="120" />
							<param name="align" value="center" />
							<param name="label" value="$INFO[ListItem.label]" />
							<param name="font" value="font_settings" />
							<param name="visible" value="Control.HasFocus(3)" />
						</include>
					</focusedlayout>
				</control>				
				<control type="list" id="6">
					<left>450</left>
					<width>2940</width>
					<height>1680</height>
					<onleft>Action(Back)</onleft>
					<onright>81</onright>
					<pagecontrol>81</pagecontrol>
					<itemlayout height="120">
						<include content="list_furniture">
							<param name="width" value="2940" />
							<param name="height" value="120" />
							<param name="align" value="left" />							
							<param name="label" value="$INFO[ListItem.label]" />
							<param name="label2" value="$INFO[ListItem.Label2]" />
							<param name="font" value="font_settings" />
							<param name="font2" value="font_plot" />
						</include>
					</itemlayout>
					<focusedlayout height="120">
						<include content="list_furniturefocus">
							<param name="width" value="2940" />
							<param name="height" value="120" />
							<param name="align" value="left" />
							<param name="label" value="$INFO[ListItem.label]" />
							<param name="label2" value="$INFO[ListItem.Label2] $INFO[ListItem.AddonVersion]$INFO[ListItem.AddonCreator, - by ]" />
							<param name="font" value="font_settings" />
							<param name="font2" value="font_plot" />
							<param name="visible" value="Control.HasFocus(6)" />
						</include>
					</focusedlayout>	
				</control>
				<include content="scroll_bar_vertical">
					<param name="id" value="80" />
					<param name="left" value="3300" />
					<param name="top" value="360" />
					<param name="height" value="1676" />
					<param name="onleft" value="3" />
					<param name="onright" value="5" />
					<param name="hiddenfocus" value="false" />
					<param name="visible" value="Control.IsVisible(3)" />
				</include>
				<include content="scroll_bar_vertical">
					<param name="id" value="81" />
					<param name="left" value="3300" />
					<param name="top" value="360" />
					<param name="height" value="1676" />
					<param name="onleft" value="6" />
					<param name="onright" value="5" />
					<param name="hiddenfocus" value="false" />
					<param name="visible" value="Control.IsVisible(6)" />
				</include>
				<control type="group">
					<animation effect="slide" end="-450,0" time="300" tween="sine" easing="out" reversible="true" condition="!String.IsEmpty(Control.GetLabel(8025))">Conditional</animation>
					<include content="settings_right_title">
						<param name="label" value="$LOCALIZE[33029]" />
						<param name="slide" value="true" />
					</include>					
					<control type="image" id="8025">
						<left>3940</left>
						<top>360</top>
						<width>700</width>
						<height>900</height>
						<fadetime>common_fade_time</fadetime>
						<aspectratio aligny="bottom">keep</aspectratio>
						<texture>$VAR[dialog_select_icon]</texture>					
					</control>
					<include content="media_info_plot">
						<param name="left" value="3940" />
						<param name="top" value="1290" />
						<param name="width" value="700" />
						<param name="height" value="750" />	
						<param name="label" value="$VAR[media_plot]" />							
						<param name="visible" value="true" />
					</include>
					<include content="gradient_line">
						<param name="left" value="3840" />
						<param name="topline" value="1262" />
						<param name="topshadow" value="1262" />
						<param name="width" value="900" />
						<param name="flipy" value="true" />
						<param name="visible" value="true" />
					</include>
				</control>
				<control type="grouplist" id="9001">
					<left>450</left>
					<top>2040</top>
					<width>2940</width>
					<height>120</height>				
					<onleft>3</onleft>
					<onright>3</onright>
					<onup>3</onup>
					<ondown>3</ondown>
					<align>center</align>
					<orientation>horizontal</orientation>
					<include content="settings_floor_button">
						<param name="id" value="5" />
						<param name="label" value="$LOCALIZE[186]" />
						<param name="width" value="980" />
						<param name="visible" value="true" />
					</include>
					<include content="settings_floor_button">
						<param name="id" value="8" />
						<param name="label" value="" />
						<param name="width" value="980" />
						<param name="visible" value="true" />
					</include>
					<include content="settings_floor_button">
						<param name="id" value="7" />
						<param name="label" value="$LOCALIZE[222]" />
						<param name="width" value="980" />
						<param name="visible" value="true" />
					</include>				
				</control>
				<include content="gradient_line">
					<param name="left" value="450" />
					<param name="topline" value="2040" />
					<param name="topshadow" value="2040" />
					<param name="width" value="2940" />
					<param name="flipy" value="true" />
					<param name="visible" value="true" />
				</include>	
			</control>			
		</control>
	</controls>
</window>