<?xml version="1.0" encoding="UTF-8"?><!-- Aeon MQ 9 -->
<window><!-- Aeon MQ 9 -->
	<defaultcontrol always="true">300</defaultcontrol>
	<controls>
		<include content="common_background">
			<param name="mask" value="white80" />	
			<param name="condition" value="true" />
		</include>
		<control type="group">
			<include>animation_dialog_popup</include>
			<visible>!Window.IsVisible(numericinput)</visible>
			<include content="dialogs_furniture">
				<param name="id" value="311" />
				<param name="left" value="300" />
				<param name="width" value="3060" />
				<param name="title" value="" />				
			</include>
			<control type="image">
				<left>394</left>
				<top>1620</top>
				<width>3052</width>
				<height>120</height>
				<texture colordiffuse="90ffffff">white.png</texture>
			</control>
			<control type="edit" id="312">
				<left>422</left>
				<top>1644</top>
				<width>3006</width>
				<height>66</height>
				<onleft>300</onleft>
				<onright>305</onright>
				<onup>32</onup> 
				<align>center</align>
				<font>font_list</font>
				<textcolor>e0101010</textcolor>			              			
				<texturefocus></texturefocus>
			</control>
            <control type="image">
                <left>394</left>
                <top>40</top>
                <width>3052</width>
                <height>200</height>
                <texture>black.png</texture>
				<visible>![String.IsEmpty(Control.GetLabel(313)) | String.IsEmpty(Control.GetLabel(314))]</visible>
            </control>
            <control type="label" id="313">
                <left>734</left>
                <top>50</top>
                <width>2370</width>
                <height>80</height>
				<align>center</align>
                <font>font_list</font>                
            </control>
            <control type="label" id="314">
                <left>734</left>
                <top>140</top>
                <width>2370</width>
                <height>80</height>
				<align>center</align>
                <font>font_list</font>               
            </control>
			<control type="group">
				<left>394</left>
				<top>570</top>
				<include content="keyboard_button">
					<param name="id" value="300" />				
					<param name="left" value="0" />
					<param name="top" value="0" />
					<param name="width" value="534" />
					<param name="onleft" value="111" />
					<param name="onright" value="100" />
					<param name="onup" value="304" />
					<param name="ondown" value="301" />
					<param name="condition" value="true" />
					<param name="ondown1" value="" />
					<param name="condition1" value="false" />
					<param name="label" value="$LOCALIZE[20177]" />
				</include>
				<include content="keyboard_button">
					<param name="id" value="100" />				
					<param name="left" value="540" />
					<param name="top" value="0" />
					<param name="width" value="204" />
					<param name="onleft" value="300" />
					<param name="onright" value="101" />
					<param name="onup" value="309" />
					<param name="ondown" value="120" />
					<param name="condition" value="true" />
					<param name="ondown1" value="" />
					<param name="condition1" value="false" />
					<param name="label" value="" />
				</include>
				<include content="keyboard_button">
					<param name="id" value="101" />				
					<param name="left" value="750" />
					<param name="top" value="0" />
					<param name="width" value="204" />
					<param name="onleft" value="100" />
					<param name="onright" value="102" />
					<param name="onup" value="309" />
					<param name="ondown" value="121" />
					<param name="condition" value="true" />
					<param name="ondown1" value="" />
					<param name="condition1" value="false" />
					<param name="label" value="" />
				</include>
				<include content="keyboard_button">
					<param name="id" value="102" />				
					<param name="left" value="960" />
					<param name="top" value="0" />
					<param name="width" value="204" />
					<param name="onleft" value="101" />
					<param name="onright" value="103" />
					<param name="onup" value="32" />
					<param name="ondown" value="122" />
					<param name="condition" value="true" />
					<param name="ondown1" value="" />
					<param name="condition1" value="false" />
					<param name="label" value="" />
				</include>
				<include content="keyboard_button">
					<param name="id" value="103" />				
					<param name="left" value="1170" />
					<param name="top" value="0" />
					<param name="width" value="204" />
					<param name="onleft" value="102" />
					<param name="onright" value="104" />
					<param name="onup" value="32" />
					<param name="ondown" value="123" />
					<param name="condition" value="true" />
					<param name="ondown1" value="" />
					<param name="condition1" value="false" />
					<param name="label" value="" />
				</include>
				<include content="keyboard_button">
					<param name="id" value="104" />				
					<param name="left" value="1380" />
					<param name="top" value="0" />
					<param name="width" value="204" />
					<param name="onleft" value="103" />
					<param name="onright" value="105" />
					<param name="onup" value="32" />
					<param name="ondown" value="124" />
					<param name="condition" value="true" />
					<param name="ondown1" value="" />
					<param name="condition1" value="false" />
					<param name="label" value="" />
				</include>
				<include content="keyboard_button">
					<param name="id" value="105" />				
					<param name="left" value="1590" />
					<param name="top" value="0" />
					<param name="width" value="204" />
					<param name="onleft" value="104" />
					<param name="onright" value="106" />
					<param name="onup" value="32" />
					<param name="ondown" value="125" />
					<param name="condition" value="true" />
					<param name="ondown1" value="" />
					<param name="condition1" value="false" />
					<param name="label" value="" />
				</include>
				<include content="keyboard_button">
					<param name="id" value="106" />				
					<param name="left" value="1800" />
					<param name="top" value="0" />
					<param name="width" value="204" />
					<param name="onleft" value="105" />
					<param name="onright" value="107" />
					<param name="onup" value="305" />
					<param name="ondown" value="126" />
					<param name="condition" value="true" />
					<param name="ondown1" value="" />
					<param name="condition1" value="false" />
					<param name="label" value="" />
				</include>
				<include content="keyboard_button">
					<param name="id" value="107" />				
					<param name="left" value="2010" />
					<param name="top" value="0" />
					<param name="width" value="204" />
					<param name="onleft" value="106" />
					<param name="onright" value="108" />
					<param name="onup" value="306" />
					<param name="ondown" value="127" />
					<param name="condition" value="true" />
					<param name="ondown1" value="" />
					<param name="condition1" value="false" />
					<param name="label" value="" />
				</include>
				<include content="keyboard_button">
					<param name="id" value="108" />				
					<param name="left" value="2220" />
					<param name="top" value="0" />
					<param name="width" value="204" />
					<param name="onleft" value="107" />
					<param name="onright" value="109" />
					<param name="onup" value="306" />
					<param name="ondown" value="128" />
					<param name="condition" value="true" />
					<param name="ondown1" value="" />
					<param name="condition1" value="false" />
					<param name="label" value="" />
				</include>
				<include content="keyboard_button">
					<param name="id" value="109" />				
					<param name="left" value="2430" />
					<param name="top" value="0" />
					<param name="width" value="204" />
					<param name="onleft" value="108" />
					<param name="onright" value="110" />
					<param name="onup" value="306" />
					<param name="ondown" value="129" />
					<param name="condition" value="true" />
					<param name="ondown1" value="" />
					<param name="condition1" value="false" />
					<param name="label" value="" />
				</include>
				<include content="keyboard_button">
					<param name="id" value="110" />				
					<param name="left" value="2640" />
					<param name="top" value="0" />
					<param name="width" value="204" />
					<param name="onleft" value="109" />
					<param name="onright" value="111" />
					<param name="onup" value="306" />
					<param name="ondown" value="130" />
					<param name="condition" value="true" />
					<param name="ondown1" value="" />
					<param name="condition1" value="false" />
					<param name="label" value="" />
				</include>
				<include content="keyboard_button">
					<param name="id" value="111" />				
					<param name="left" value="2850" />
					<param name="top" value="0" />
					<param name="width" value="204" />
					<param name="onleft" value="110" />
					<param name="onright" value="300" />
					<param name="onup" value="306" />
					<param name="ondown" value="131" />
					<param name="condition" value="true" />
					<param name="ondown1" value="" />
					<param name="condition1" value="false" />
					<param name="label" value="" />
				</include>
				<include content="keyboard_button">
					<param name="id" value="301" />				
					<param name="left" value="0" />
					<param name="top" value="210" />
					<param name="width" value="534" />
					<param name="onleft" value="129" />
					<param name="onright" value="120" />
					<param name="onup" value="300" />
					<param name="ondown" value="302" />
					<param name="condition" value="true" />
					<param name="ondown1" value="" />
					<param name="condition1" value="false" />
					<param name="label" value="$LOCALIZE[222]" />
				</include>
				<include content="keyboard_button">
					<param name="id" value="120" />				
					<param name="left" value="540" />
					<param name="top" value="210" />
					<param name="width" value="204" />
					<param name="onleft" value="301" />
					<param name="onright" value="121" />
					<param name="onup" value="100" />
					<param name="ondown" value="140" />
					<param name="condition" value="true" />
					<param name="ondown1" value="" />
					<param name="condition1" value="false" />
					<param name="label" value="" />
				</include>
				<include content="keyboard_button">
					<param name="id" value="121" />				
					<param name="left" value="750" />
					<param name="top" value="210" />
					<param name="width" value="204" />
					<param name="onleft" value="120" />
					<param name="onright" value="122" />
					<param name="onup" value="101" />
					<param name="ondown" value="141" />
					<param name="condition" value="true" />
					<param name="ondown1" value="" />
					<param name="condition1" value="false" />
					<param name="label" value="" />
				</include>
				<include content="keyboard_button">
					<param name="id" value="122" />				
					<param name="left" value="960" />
					<param name="top" value="210" />
					<param name="width" value="204" />
					<param name="onleft" value="121" />
					<param name="onright" value="123" />
					<param name="onup" value="102" />
					<param name="ondown" value="142" />
					<param name="condition" value="true" />
					<param name="ondown1" value="" />
					<param name="condition1" value="false" />
					<param name="label" value="" />
				</include>
				<include content="keyboard_button">
					<param name="id" value="123" />				
					<param name="left" value="1170" />
					<param name="top" value="210" />
					<param name="width" value="204" />
					<param name="onleft" value="122" />
					<param name="onright" value="124" />
					<param name="onup" value="103" />
					<param name="ondown" value="143" />
					<param name="condition" value="true" />
					<param name="ondown1" value="" />
					<param name="condition1" value="false" />
					<param name="label" value="" />
				</include>
				<include content="keyboard_button">
					<param name="id" value="124" />				
					<param name="left" value="1380" />
					<param name="top" value="210" />
					<param name="width" value="204" />
					<param name="onleft" value="123" />
					<param name="onright" value="125" />
					<param name="onup" value="104" />
					<param name="ondown" value="144" />
					<param name="condition" value="true" />
					<param name="ondown1" value="" />
					<param name="condition1" value="false" />
					<param name="label" value="" />
				</include>
				<include content="keyboard_button">
					<param name="id" value="125" />				
					<param name="left" value="1590" />
					<param name="top" value="210" />
					<param name="width" value="204" />
					<param name="onleft" value="124" />
					<param name="onright" value="126" />
					<param name="onup" value="105" />
					<param name="ondown" value="145" />
					<param name="condition" value="true" />
					<param name="ondown1" value="" />
					<param name="condition1" value="false" />
					<param name="label" value="" />
				</include>
				<include content="keyboard_button">
					<param name="id" value="126" />				
					<param name="left" value="1800" />
					<param name="top" value="210" />
					<param name="width" value="204" />
					<param name="onleft" value="125" />
					<param name="onright" value="127" />
					<param name="onup" value="106" />
					<param name="ondown" value="146" />
					<param name="condition" value="true" />
					<param name="ondown1" value="" />
					<param name="condition1" value="false" />
					<param name="label" value="" />
				</include>
				<include content="keyboard_button">
					<param name="id" value="127" />				
					<param name="left" value="2010" />
					<param name="top" value="210" />
					<param name="width" value="204" />
					<param name="onleft" value="126" />
					<param name="onright" value="128" />
					<param name="onup" value="107" />
					<param name="ondown" value="147" />
					<param name="condition" value="true" />
					<param name="ondown1" value="" />
					<param name="condition1" value="false" />
					<param name="label" value="" />
				</include>
				<include content="keyboard_button">
					<param name="id" value="128" />				
					<param name="left" value="2220" />
					<param name="top" value="210" />
					<param name="width" value="204" />
					<param name="onleft" value="127" />
					<param name="onright" value="129" />
					<param name="onup" value="108" />
					<param name="ondown" value="148" />
					<param name="condition" value="true" />
					<param name="ondown1" value="" />
					<param name="condition1" value="false" />
					<param name="label" value="" />
				</include>
				<include content="keyboard_button">
					<param name="id" value="129" />				
					<param name="left" value="2430" />
					<param name="top" value="210" />
					<param name="width" value="204" />
					<param name="onleft" value="128" />
					<param name="onright" value="301" />
					<param name="onup" value="109" />
					<param name="ondown" value="149" />
					<param name="condition" value="true" />
					<param name="ondown1" value="" />
					<param name="condition1" value="false" />
					<param name="label" value="" />
				</include>
				<include content="keyboard_button">
					<param name="id" value="130" />				
					<param name="left" value="2640" />
					<param name="top" value="210" />
					<param name="width" value="204" />
					<param name="onleft" value="129" />
					<param name="onright" value="131" />
					<param name="onup" value="110" />
					<param name="ondown" value="150" />
					<param name="condition" value="true" />
					<param name="ondown1" value="" />
					<param name="condition1" value="false" />
					<param name="label" value="" />
				</include>
				<include content="keyboard_button">
					<param name="id" value="131" />				
					<param name="left" value="2850" />
					<param name="top" value="210" />
					<param name="width" value="204" />
					<param name="onleft" value="130" />
					<param name="onright" value="302" />
					<param name="onup" value="111" />
					<param name="ondown" value="151" />
					<param name="condition" value="true" />
					<param name="ondown1" value="" />
					<param name="condition1" value="false" />
					<param name="label" value="" />
				</include>
				<include content="keyboard_togglebutton">
					<param name="id" value="302" />				
					<param name="left" value="0" />
					<param name="top" value="420" />
					<param name="width" value="534" />
					<param name="onleft" value="149" />
					<param name="onright" value="140" />
					<param name="onup" value="301" />
					<param name="ondown" value="303" />
					<param name="label" value="$LOCALIZE[20178]" />
				</include>
				<include content="keyboard_button">
					<param name="id" value="140" />				
					<param name="left" value="540" />
					<param name="top" value="420" />
					<param name="width" value="204" />
					<param name="onleft" value="302" />
					<param name="onright" value="141" />
					<param name="onup" value="120" />
					<param name="ondown" value="160" />
					<param name="condition" value="true" />
					<param name="ondown1" value="" />
					<param name="condition1" value="false" />
					<param name="label" value="" />
				</include>
				<include content="keyboard_button">
					<param name="id" value="141" />				
					<param name="left" value="750" />
					<param name="top" value="420" />
					<param name="width" value="204" />
					<param name="onleft" value="140" />
					<param name="onright" value="142" />
					<param name="onup" value="121" />
					<param name="ondown" value="161" />
					<param name="condition" value="true" />
					<param name="ondown1" value="" />
					<param name="condition1" value="false" />
					<param name="label" value="" />
				</include>
				<include content="keyboard_button">
					<param name="id" value="142" />				
					<param name="left" value="960" />
					<param name="top" value="420" />
					<param name="width" value="204" />
					<param name="onleft" value="141" />
					<param name="onright" value="143" />
					<param name="onup" value="122" />
					<param name="ondown" value="162" />
					<param name="condition" value="true" />
					<param name="ondown1" value="" />
					<param name="condition1" value="false" />
					<param name="label" value="" />
				</include>
				<include content="keyboard_button">
					<param name="id" value="143" />				
					<param name="left" value="1170" />
					<param name="top" value="420" />
					<param name="width" value="204" />
					<param name="onleft" value="142" />
					<param name="onright" value="144" />
					<param name="onup" value="123" />
					<param name="ondown" value="163" />
					<param name="condition" value="true" />
					<param name="ondown1" value="" />
					<param name="condition1" value="false" />
					<param name="label" value="" />
				</include>
				<include content="keyboard_button">
					<param name="id" value="144" />				
					<param name="left" value="1380" />
					<param name="top" value="420" />
					<param name="width" value="204" />
					<param name="onleft" value="143" />
					<param name="onright" value="145" />
					<param name="onup" value="124" />
					<param name="ondown" value="164" />
					<param name="condition" value="true" />
					<param name="ondown1" value="" />
					<param name="condition1" value="false" />
					<param name="label" value="" />
				</include>
				<include content="keyboard_button">
					<param name="id" value="145" />				
					<param name="left" value="1590" />
					<param name="top" value="420" />
					<param name="width" value="204" />
					<param name="onleft" value="144" />
					<param name="onright" value="146" />
					<param name="onup" value="125" />
					<param name="ondown" value="165" />
					<param name="condition" value="true" />
					<param name="ondown1" value="" />
					<param name="condition1" value="false" />
					<param name="label" value="" />
				</include>
				<include content="keyboard_button">
					<param name="id" value="146" />				
					<param name="left" value="1800" />
					<param name="top" value="420" />
					<param name="width" value="204" />
					<param name="onleft" value="145" />
					<param name="onright" value="147" />
					<param name="onup" value="126" />
					<param name="ondown" value="166" />
					<param name="condition" value="true" />
					<param name="ondown1" value="" />
					<param name="condition1" value="false" />
					<param name="label" value="" />
				</include>
				<include content="keyboard_button">
					<param name="id" value="147" />				
					<param name="left" value="2010" />
					<param name="top" value="420" />
					<param name="width" value="204" />
					<param name="onleft" value="146" />
					<param name="onright" value="148" />
					<param name="onup" value="127" />
					<param name="ondown" value="167" />
					<param name="condition" value="true" />
					<param name="ondown1" value="" />
					<param name="condition1" value="false" />
					<param name="label" value="" />
				</include>
				<include content="keyboard_button">
					<param name="id" value="148" />				
					<param name="left" value="2220" />
					<param name="top" value="420" />
					<param name="width" value="204" />
					<param name="onleft" value="147" />
					<param name="onright" value="149" />
					<param name="onup" value="128" />
					<param name="ondown" value="168" />
					<param name="condition" value="true" />
					<param name="ondown1" value="" />
					<param name="condition1" value="false" />
					<param name="label" value="" />
				</include>
				<include content="keyboard_button">
					<param name="id" value="149" />				
					<param name="left" value="2430" />
					<param name="top" value="420" />
					<param name="width" value="204" />
					<param name="onleft" value="148" />
					<param name="onright" value="302" />
					<param name="onup" value="129" />
					<param name="ondown" value="169" />
					<param name="condition" value="true" />
					<param name="ondown1" value="" />
					<param name="condition1" value="false" />
					<param name="label" value="" />
				</include>
				<include content="keyboard_button">
					<param name="id" value="150" />				
					<param name="left" value="2640" />
					<param name="top" value="420" />
					<param name="width" value="204" />
					<param name="onleft" value="149" />
					<param name="onright" value="151" />
					<param name="onup" value="130" />
					<param name="ondown" value="307" />
					<param name="condition" value="true" />
					<param name="ondown1" value="" />
					<param name="condition1" value="false" />
					<param name="label" value="" />
				</include>
				<include content="keyboard_button">
					<param name="id" value="151" />				
					<param name="left" value="2850" />
					<param name="top" value="420" />
					<param name="width" value="204" />
					<param name="onleft" value="150" />
					<param name="onright" value="303" />
					<param name="onup" value="131" />
					<param name="ondown" value="171" />
					<param name="condition" value="true" />
					<param name="ondown1" value="" />
					<param name="condition1" value="false" />
					<param name="label" value="" />
				</include>
				<include content="keyboard_togglebutton">
					<param name="id" value="303" />				
					<param name="left" value="0" />
					<param name="top" value="630" />
					<param name="width" value="534" />
					<param name="onleft" value="169" />
					<param name="onright" value="160" />
					<param name="onup" value="302" />
					<param name="ondown" value="304" />
					<param name="label" value="$LOCALIZE[20179]" />
				</include>				
				<include content="keyboard_button">
					<param name="id" value="160" />				
					<param name="left" value="540" />
					<param name="top" value="630" />
					<param name="width" value="204" />
					<param name="onleft" value="303" />
					<param name="onright" value="161" />
					<param name="onup" value="140" />
					<param name="ondown" value="309" />
					<param name="condition" value="true" />
					<param name="ondown1" value="" />
					<param name="condition1" value="false" />
					<param name="label" value="" />
				</include>
				<include content="keyboard_button">
					<param name="id" value="161" />				
					<param name="left" value="750" />
					<param name="top" value="630" />
					<param name="width" value="204" />
					<param name="onleft" value="302" />
					<param name="onright" value="162" />
					<param name="onup" value="141" />
					<param name="ondown" value="309" />
					<param name="condition" value="true" />
					<param name="ondown1" value="" />
					<param name="condition1" value="false" />
					<param name="label" value="" />
				</include>
				<include content="keyboard_button">
					<param name="id" value="162" />				
					<param name="left" value="960" />
					<param name="top" value="630" />
					<param name="width" value="204" />
					<param name="onleft" value="161" />
					<param name="onright" value="163" />
					<param name="onup" value="142" />
					<param name="ondown" value="32" />
					<param name="condition" value="true" />
					<param name="ondown1" value="" />
					<param name="condition1" value="false" />
					<param name="label" value="" />
				</include>
				<include content="keyboard_button">
					<param name="id" value="163" />				
					<param name="left" value="1170" />
					<param name="top" value="630" />
					<param name="width" value="204" />
					<param name="onleft" value="162" />
					<param name="onright" value="164" />
					<param name="onup" value="143" />
					<param name="ondown" value="32" />
					<param name="condition" value="true" />
					<param name="ondown1" value="" />
					<param name="condition1" value="false" />
					<param name="label" value="" />
				</include>	
				<include content="keyboard_button">
					<param name="id" value="164" />				
					<param name="left" value="1380" />
					<param name="top" value="630" />
					<param name="width" value="204" />
					<param name="onleft" value="163" />
					<param name="onright" value="165" />
					<param name="onup" value="144" />
					<param name="ondown" value="32" />
					<param name="condition" value="true" />
					<param name="ondown1" value="" />
					<param name="condition1" value="false" />
					<param name="label" value="" />
				</include>
				<include content="keyboard_button">
					<param name="id" value="165" />				
					<param name="left" value="1590" />
					<param name="top" value="630" />
					<param name="width" value="204" />
					<param name="onleft" value="164" />
					<param name="onright" value="166" />
					<param name="onup" value="145" />
					<param name="ondown" value="32" />
					<param name="condition" value="true" />
					<param name="ondown1" value="" />
					<param name="condition1" value="false" />
					<param name="label" value="" />
				</include>
				<include content="keyboard_button">
					<param name="id" value="166" />				
					<param name="left" value="1800" />
					<param name="top" value="630" />
					<param name="width" value="204" />
					<param name="onleft" value="165" />
					<param name="onright" value="167" />
					<param name="onup" value="146" />
					<param name="ondown" value="305" />
					<param name="condition" value="true" />
					<param name="ondown1" value="" />
					<param name="condition1" value="false" />
					<param name="label" value="" />
				</include>
				<include content="keyboard_button">
					<param name="id" value="167" />				
					<param name="left" value="2010" />
					<param name="top" value="630" />
					<param name="width" value="204" />
					<param name="onleft" value="166" />
					<param name="onright" value="168" />
					<param name="onup" value="147" />
					<param name="ondown" value="8" />
					<param name="condition" value="true" />
					<param name="ondown1" value="" />
					<param name="condition1" value="false" />
					<param name="label" value="" />
				</include>	
				<include content="keyboard_button">
					<param name="id" value="168" />				
					<param name="left" value="2220" />
					<param name="top" value="630" />
					<param name="width" value="204" />
					<param name="onleft" value="167" />
					<param name="onright" value="169" />
					<param name="onup" value="148" />
					<param name="ondown" value="305" />
					<param name="condition" value="true" />
					<param name="ondown1" value="" />
					<param name="condition1" value="false" />
					<param name="label" value="" />
				</include>
				<include content="keyboard_button">
					<param name="id" value="169" />				
					<param name="left" value="2430" />
					<param name="top" value="630" />
					<param name="width" value="204" />
					<param name="onleft" value="168" />
					<param name="onright" value="303" />
					<param name="onup" value="149" />
					<param name="ondown" value="305" />
					<param name="condition" value="true" />
					<param name="ondown1" value="" />
					<param name="condition1" value="false" />
					<param name="label" value="" />
				</include>
				<include content="keyboard_button">
					<param name="id" value="170" />				
					<param name="left" value="2640" />
					<param name="top" value="630" />
					<param name="width" value="204" />
					<param name="onleft" value="169" />
					<param name="onright" value="171" />
					<param name="onup" value="150" />
					<param name="ondown" value="306" />
					<param name="condition" value="true" />
					<param name="ondown1" value="" />
					<param name="condition1" value="false" />
					<param name="label" value="" />
				</include>	
				<include content="keyboard_button">
					<param name="id" value="171" />				
					<param name="left" value="2850" />
					<param name="top" value="630" />
					<param name="width" value="204" />
					<param name="onleft" value="170" />
					<param name="onright" value="307" />
					<param name="onup" value="151" />
					<param name="ondown" value="306" />
					<param name="condition" value="true" />
					<param name="ondown1" value="" />
					<param name="condition1" value="false" />
					<param name="label" value="" />
				</include>	
				<include content="keyboard_button">
					<param name="id" value="304" />				
					<param name="left" value="0" />
					<param name="top" value="840" />
					<param name="width" value="264" />
					<param name="onleft" value="306" />
					<param name="onright" value="307" />
					<param name="onup" value="303" />
					<param name="ondown" value="300" />
					<param name="condition" value="!Control.IsVisible(5000)" />
					<param name="ondown1" value="5000" />
					<param name="condition1" value="Control.IsVisible(5000)" />
					<param name="label" value="@#!*" />
				</include>
				<include content="keyboard_button">
					<param name="id" value="307" />				
					<param name="left" value="269" />
					<param name="top" value="840" />
					<param name="width" value="264" />
					<param name="onleft" value="304" />
					<param name="onright" value="309" />
					<param name="onup" value="303" />
					<param name="ondown" value="300" />
					<param name="condition" value="!Control.IsVisible(5000)" />
					<param name="ondown1" value="5000" />
					<param name="condition1" value="Control.IsVisible(5000)" />
					<param name="label" value="IP" />
				</include>
				<include content="keyboard_button">
					<param name="id" value="309" />				
					<param name="left" value="540" />
					<param name="top" value="840" />
					<param name="width" value="520" />
					<param name="onleft" value="307" />
					<param name="onright" value="32" />
					<param name="onup" value="160" />
					<param name="ondown" value="109" />
					<param name="condition" value="!Control.IsVisible(5000)" />
					<param name="ondown1" value="5000" />
					<param name="condition1" value="Control.IsVisible(5000)" />
					<param name="label" value="$LOCALIZE[20177]" />
				</include>
				<include content="keyboard_button">
					<param name="id" value="32" />				
					<param name="left" value="1066" />
					<param name="top" value="840" />
					<param name="width" value="728" />
					<param name="onleft" value="309" />
					<param name="onright" value="8" />
					<param name="onup" value="162" />
					<param name="ondown" value="104" />
					<param name="condition" value="!Control.IsVisible(5000)" />
					<param name="ondown1" value="5000" />
					<param name="condition1" value="Control.IsVisible(5000)" />
					<param name="label" value="$LOCALIZE[20182]" />
				</include>
				<include content="keyboard_button">
					<param name="id" value="8" />				
					<param name="left" value="1800" />
					<param name="top" value="840" />
					<param name="width" value="414" />
					<param name="onleft" value="32" />
					<param name="onright" value="305" />
					<param name="onup" value="167" />
					<param name="ondown" value="305" />
					<param name="condition" value="!Control.IsVisible(5000)" />
					<param name="ondown1" value="5000" />
					<param name="condition1" value="Control.IsVisible(5000)" />
					<param name="label" value="$LOCALIZE[20181]" />
				</include>
				<include content="keyboard_button">
					<param name="id" value="305" />				
					<param name="left" value="2220" />
					<param name="top" value="840" />
					<param name="width" value="414" />
					<param name="onleft" value="8" />
					<param name="onright" value="306" />
					<param name="onup" value="168" />
					<param name="ondown" value="105" />
					<param name="condition" value="!Control.IsVisible(5000)" />
					<param name="ondown1" value="5000" />
					<param name="condition1" value="Control.IsVisible(5000)" />
					<param name="label" value="&lt;" />
				</include>
				<include content="keyboard_button">
					<param name="id" value="306" />				
					<param name="left" value="2640" />
					<param name="top" value="840" />
					<param name="width" value="412" />
					<param name="onleft" value="305" />
					<param name="onright" value="304" />
					<param name="onup" value="307" />
					<param name="ondown" value="108" />
					<param name="condition" value="!Control.IsVisible(5000)" />
					<param name="ondown1" value="5000" />
					<param name="condition1" value="Control.IsVisible(5000)" />
					<param name="label" value="&gt;" />
				</include>
			</control>
		</control>		
		<!--<include condition="System.HasAddon(plugin.program.autocompletion)">auto_complete_furniture</include>-->
	</controls>
</window>