<?xml version="1.0" encoding="UTF-8"?>
<window><!-- Aeon MQ 9 -->
	<defaultcontrol always="true">9030</defaultcontrol>
	<controls>
		<include content="common_background">
			<param name="mask" value="white80" />	
			<param name="condition" value="true" />
		</include>
		<control type="group">			
			<include>animation_window</include>
			<visible>!Window.IsVisible(contentsettings)</visible>
			<include content="dialogs_furniture">
				<param name="id" value="2" />
				<param name="left" value="360" />
				<param name="width" value="2940" />
				<param name="title" value="$LOCALIZE[13406]" />				
			</include>
			<control type="grouplist" id="9030">
				<left>450</left>
				<top>360</top>
				<width>2940</width>
				<height>1800</height>				
				<onleft>back</onleft>
				<onright>9001</onright>
				<onup>18</onup>
				<ondown>10</ondown>
				<control type="button" id="11">					
					<label>$LOCALIZE[1024]</label>
				</control>
				<control type="button" id="13">					
					<label>$LOCALIZE[15019]</label>
				</control>
				<control type="button" id="14">				
					<label>$LOCALIZE[1210]</label>
				</control>	
			</control>
			<control type="label">	
				<left>450</left>
				<top>720</top>			
				<textoffsetx>100</textoffsetx>
				<label>$LOCALIZE[1021]</label>
				<textcolor>$INFO[skin.string(header_color)]</textcolor>
			</control>				
			<control type="list" id="10">
				<left>450</left>
				<top>840</top>
				<width>2940</width>
				<height>720</height>				
				<onleft>14</onleft>
				<onright>60</onright>
				<onup>9030</onup>
				<ondown>12</ondown>
				<pagecontrol>120</pagecontrol>
				<itemlayout width="2940" height="120">
					<include content="list_furniture">
						<param name="width" value="2940" />
						<param name="height" value="120" />
						<param name="align" value="left" />
						<param name="label" value="$INFO[ListItem.label]" />
						<param name="font" value="font_settings" />
					</include>
				</itemlayout>
				<focusedlayout width="2940" height="120">
					<include content="list_furniturefocus">
						<param name="width" value="2940" />
						<param name="height" value="120" />
						<param name="align" value="left" />
						<param name="label" value="$INFO[ListItem.label]" />
						<param name="font" value="font_settings" />
						<param name="visible" value="Control.HasFocus(10)" />
					</include>
				</focusedlayout>
			</control>
			<include content="scroll_bar_vertical">
				<param name="id" value="60" />
				<param name="left" value="3300" />
				<param name="top" value="830" />
				<param name="height" value="740" />
				<param name="onleft" value="10" />
				<param name="onright" value="18" />
				<param name="hiddenfocus" value="false" />
				<param name="visible" value="true" />
			</include>
			<control type="label">
				<left>450</left>
				<top>1560</top>			
				<width>2940</width>
				<height>120</height>
				<textoffsetx>100</textoffsetx>
				<label>$LOCALIZE[1022]</label>
				<textcolor>$INFO[skin.string(header_color)]</textcolor>
			</control>			
			<control type="edit" id="12">
				<left>450</left>
				<top>1680</top>
				<width>2940</width>
				<onup>10</onup>
				<onleft>back</onleft>
				<onright>18</onright>
				<ondown>18</ondown>
			</control>
			<control type="grouplist" id="9001">
				<left>450</left>
				<top>2040</top>
				<width>2940</width>
				<height>120</height>				
				<onup>12</onup>
				<ondown>9030</ondown>
				<align>center</align>
				<orientation>horizontal</orientation>
				<include content="settings_floor_button">
					<param name="id" value="18" />
					<param name="label" value="$LOCALIZE[186]" />
					<param name="width" value="1470" />
					<param name="visible" value="true" />
				</include>
				<include content="settings_floor_button">
					<param name="id" value="19" />
					<param name="label" value="$LOCALIZE[222]" />
					<param name="width" value="1470" />
					<param name="visible" value="true" />
				</include>
			</control>
			<include content="gradient_line">
				<param name="left" value="450" />
				<param name="topline" value="2040" />
				<param name="topshadow" value="2040" />
				<param name="width" value="2940" />
				<param name="flipy" value="true" />
				<param name="visible" value="true" />
			</include>			
		</control>
	</controls>
</window>