<?xml version="1.0" encoding="UTF-8"?>
<window><!-- Aeon MQ 9 -->
	<defaultcontrol>11</defaultcontrol>
	<controls>
		<control type="group">
			<include content="animation_top_popup">
				<param name="delay" value="0" />
				<param name="slide" value="false" />					
			</include>
			<include content="dialogs_bar">
				<param name="top" value="16" />
				<param name="height" value="110" />
			</include>
			<control type="label" id="10">
				<include content="dialogs_label_left1">
				<param name="width" value="1200" />
			</include>
			</control>
			<control type="label" id="12">
				<include content="dialogs_label_right1">
				<param name="width" value="1200" />
			</include>
			</control>
			<control type="slider" id="11">
				<left>1320</left>
				<top>12</top>
				<width>1200</width>
				<onup>11</onup>
				<ondown>11</ondown>
				<onleft>11</onleft>
				<onright>11</onright>
			</control>
		</control>
	</controls>
</window>