<?xml version="1.0" encoding="UTF-8"?>
<window><!-- Aeon MQ 9 -->
	<defaultcontrol always="true">20</defaultcontrol>
	<controls>
		<include content="common_background">
			<param name="mask" value="white80" />	
			<param name="condition" value="true" />
		</include>
		<control type="group">
			<include>animation_window</include>
			<control type="image">
				<left>1910</left>
				<top>186</top>
				<width>1916</width>
				<height>148</height>
				<texture colordiffuse="$INFO[skin.string(texture_base_color)]">white50.png</texture>
			</control>
			<control type="label" id="102">
				<left>2010</left>
				<top>190</top>
				<width>1716</width>
				<height>148</height>
				<font>font_title_settings</font>
			</control>
			<control type="label">
				<left>1516</left>
				<top>48</top>
				<width>300</width>
				<height>150</height>
				<align>right</align>
				<label>$INFO[Container(20).NumItems] $LOCALIZE[31210]</label>
				<font>font_button</font>
				<textcolor>fffffaf0</textcolor>				
			</control>
			<control type="list" id="21">
				<left>1910</left>
				<width>1916</width>
				<height>1800</height>
				<onleft>20</onleft>
				<onright>81</onright>
				<pagecontrol>81</pagecontrol>
				<itemlayout height="120">
					<include content="list_furniture">
						<param name="width" value="2940" />
						<param name="height" value="120" />
						<param name="align" value="left" />
						<param name="label" value="$INFO[ListItem.label]" />
						<param name="label2" value="$INFO[ListItem.Size]" />
						<param name="font" value="font_settings" />
						<param name="font2" value="font_plot" />
					</include>
				</itemlayout>
				<focusedlayout height="120">
					<include content="list_furniturefocus">
						<param name="width" value="2940" />
						<param name="height" value="120" />
						<param name="align" value="left" />
						<param name="label" value="$INFO[ListItem.label]" />
						<param name="label2" value="$INFO[ListItem.Size]" />
						<param name="font" value="font_settings" />
						<param name="font2" value="font_plot" />
						<param name="visible" value="Control.HasFocus(21)" />
					</include>
				</focusedlayout>
			</control>
			<include content="scroll_bar_vertical">
				<param name="id" value="81" />
				<param name="left" value="1812" />
				<param name="top" value="360" />
				<param name="height" value="1800" />
				<param name="onleft" value="21" />
				<param name="onright" value="20" />
				<param name="hiddenfocus" value="false" />
				<param name="visible" value="true" />
			</include>			
			<control type="image">
				<top>186</top>
				<width>1916</width>
				<height>148</height>
				<texture colordiffuse="$INFO[skin.string(texture_base_color)]">white50.png</texture>
			</control>
			<control type="label" id="101">
				<left>100</left>
				<top>190</top>
				<width>1716</width>
				<height>148</height>
				<font>font_title_settings</font>
			</control>
			<control type="image">
				<left>1902</left>
				<top>200</top>
				<width>90</width>
				<height>1960</height>
				<texture colordiffuse="90ffffff" diffuse="details_back_vertical.png">shadow_vertical.png</texture>
			</control>
			<control type="label">
				<left>1516</left>
				<top>48</top>
				<width>300</width>
				<height>150</height>
				<align>right</align>
				<font>font_button</font>
				<textcolor>fffffaf0</textcolor>
				<label>$INFO[Container(21).NumItems] $LOCALIZE[31210]</label>
			</control>
			<control type="list" id="20">
				<width>1916</width>
				<height>1680</height>
				<onleft>21</onleft>
				<onright>80</onright>
				<pagecontrol>80</pagecontrol>
				<itemlayout height="120">
					<include content="list_furniture">
						<param name="width" value="2940" />
						<param name="height" value="120" />
						<param name="align" value="left" />
						<param name="label" value="$INFO[ListItem.label]" />
						<param name="label2" value="$INFO[ListItem.Size]" />
						<param name="font" value="font_settings" />
						<param name="font2" value="font_plot" />
					</include>
				</itemlayout>
				<focusedlayout height="120">
					<include content="list_furniturefocus">
						<param name="width" value="2940" />
						<param name="height" value="120" />
						<param name="align" value="left" />
						<param name="label" value="$INFO[ListItem.label]" />
						<param name="label2" value="$INFO[ListItem.Size]" />
						<param name="font" value="font_settings" />
						<param name="font2" value="font_plot" />
						<param name="visible" value="Control.HasFocus(20)" />
					</include>
				</focusedlayout>
			</control>
			<include content="scroll_bar_vertical">
				<param name="id" value="80" />
				<param name="left" value="3750" />
				<param name="top" value="360" />
				<param name="height" value="1800" />
				<param name="onleft" value="20" />
				<param name="onright" value="21" />
				<param name="hiddenfocus" value="false" />
				<param name="visible" value="true" />
			</include>	
		</control>
	</controls>
</window>