<?xml version="1.0" encoding="UTF-8"?>
<window><!-- Aeon MQ 9 -->
	<defaultcontrol always="true">50</defaultcontrol>
	<onload condition="!System.HasAddon(script.skin.helper.service)">InstallAddon(script.skin.helper.service)</onload>
	<onload condition="!System.HasAddon(script.tv.show.next.aired) + [Container.Content(tvshows) | Container.Content(seasons) | Container.Content(episodes)]">InstallAddon(plugin.video.themoviedb.helper)</onload>
	<onload condition="System.HasAddon(script.tv.show.next.aired) + [Container.Content(tvshows) | Container.Content(seasons) | Container.Content(episodes)]">RunScript(plugin.video.themoviedb.helper,backend=True)</onload>
	<onload condition="Container.Content(genres) + String.IsEmpty(skin.string(resource.images.moviegenreicons.path))">InstallAddon(resource.images.moviegenreicons.xzener-flat)</onload>
	<onload condition="Container.Content(genres) + String.IsEmpty(skin.string(resource.images.moviegenrefanart.path))">InstallAddon(resource.images.moviegenrefanart.metrocity)</onload>
	<include>library_furniture</include>					
</window>