<?xml version="1.0" encoding="UTF-8"?>
<window><!-- Aeon MQ 9 -->
    <defaultcontrol always="true">3012</defaultcontrol>
    <onload>Dialog.Close(fullscreeninfo,true)</onload>
    <onload>Dialog.Close(videoosd,true)</onload>
    <controls>
        <control type="group">
            <include content="animation_top_popup">
				<param name="delay" value="0" />
				<param name="slide" value="false" />					
			</include>
			<control type="image">
				<top>10</top>
				<height>360</height>
				<texture colordiffuse="$INFO[skin.string(texture_base_color)]">dialogs_upnext_back.png</texture>
			</control>
			<control type="image">
				<top>10</top>
				<height>360</height>
				<texture>dialogs_upnext_border.png</texture>
			</control>	
			<control type="image">
				<left>54</left>
				<top>29</top>				
				<width>568</width>
				<height>320</height>
				<aspectratio>keep</aspectratio>
				<texture>$VAR[upnext_art]</texture>				
			</control>
			<control type="image">
				<left>630</left>
				<top>42</top>
				<width>60</width>
				<height>70</height>
				<aspectratio>keep</aspectratio>
				<texture colordiffuse="$INFO[skin.string(texture_highlight_color)]">arrow_settings.png</texture>	
			</control>			
			<control type="grouplist">
				<left>710</left>
				<top>42</top>
				<itemgap>10</itemgap>
				<control type="label">
					<width>2452</width>
					<height>70</height>
					<label>$INFO[Window.Property(tvshowtitle)]   $INFO[Window.Property(season),S,]$INFO[Window.Property(episode),E, - ]$INFO[Window.Property(title)]</label>
					<font>font_list_boldsmall</font>						
					<visible>!String.IsEmpty(Window.Property(title))</visible>
				</control>						
				<control type="label">
					<width>800</width>
					<height>60</height>
					<label>$INFO[Window.Property(year)]</label>
					<font>font_plot</font>							
					<visible>!String.IsEmpty(Window.Property(year))</visible>
				</control>						
			</control>
			<control type="label">
				<left>1786</left>
				<top>233</top>
				<width>2000</width>
				<height>60</height>
				<align>right</align>
				<label>$ADDON[service.upnext 30024]</label>
				<font>font_plot</font>
			</control>
			<control type="progress" id="3014">
				<left>638</left>
				<top>317</top>
				<width>3148</width>
			</control>
			<include content="media_flags_rating_stars">
				<param name="flagleft" value="3182" />
				<param name="flagtop" value="56" />
				<param name="condition" value="Window.Property(Rating)" />
				<param name="visible" value="true" />
			</include>
			<control type="label">
				<left>3486</left>
				<top>140</top>
				<width>300</width>
				<height>60</height>	
				<align>right</align>
				<label>[B]$INFO[Window.Property(Rating)][/B]</label>
				<font>font_plot</font>
				<visible>Integer.IsGreater(Window.Property(Rating),0)</visible>					
			</control>                  
            <control type="grouplist">
				<left>638</left>
				<top>215</top>							
				<height>90</height>
				<itemgap>20</itemgap>                        
				<orientation>horizontal</orientation>
				<include content="dialogs_context_button">	
					<param name="id" value="3012" />
					<param name="label" value="$ADDON[service.upnext 30010] $ADDON[service.upnext 30036] [COLOR=$INFO[skin.string(header_color)]]$INFO[Player.TimeRemaining(ss),,][/COLOR] $ADDON[service.upnext 30035]" />
					<param name="width" value="auto" />
					<param name="visible" value="true" />
				</include>
				<include content="dialogs_context_button">	
					<param name="id" value="3013" />
					<param name="label" value="$ADDON[service.upnext 30034]" />
					<param name="width" value="auto" />
					<param name="visible" value="true" />
				</include>                      
			</control>
        </control>
    </controls>
</window>