<?xml version="1.0" encoding="UTF-8"?>
<window><!-- Aeon MQ 9 -->
    <defaultcontrol always="true">3012</defaultcontrol>
    <onload>Dialog.Close(fullscreeninfo,true)</onload>
    <onload>Dialog.Close(videoosd,true)</onload>
    <controls>
        <control type="group">
            <include content="animation_top_popup">
				<param name="delay" value="0" />
				<param name="slide" value="false" />					
			</include>
			<include content="dialogs_bar">
				<param name="top" value="10" />
				<param name="height" value="188" />
			</include>
			<control type="label">
				<include content="dialogs_label_right1">
				<param name="width" value="1000" />
			</include>
				<label>$ADDON[service.upnext 30024]</label>
			</control>			
			<control type="grouplist">
				<left>638</left>
				<top>42</top>
				<width>2564</width>
				<height>90</height>
				<align>center</align>			
				<itemgap>20</itemgap>                        
				<orientation>horizontal</orientation>
				<include content="dialogs_context_button">	
					<param name="id" value="3012" />
					<param name="label" value="$ADDON[service.upnext 30010] $ADDON[service.upnext 30036] [COLOR=$INFO[skin.string(header_color)]]$INFO[Player.TimeRemaining(ss),,][/COLOR] $ADDON[service.upnext 30035]" />
					<param name="width" value="auto" />
					<param name="visible" value="true" />
				</include>
				<include content="dialogs_context_button">	
					<param name="id" value="3013" />
					<param name="label" value="$ADDON[service.upnext 30034]" />
					<param name="width" value="auto" />
					<param name="visible" value="true" />
				</include>  
			</control>
			<control type="progress" id="3014">
				<left>54</left>
				<top>148</top>
				<width>3732</width>
			</control>			
		</control>		
    </controls>
</window>