<?xml version="1.0" encoding="UTF-8"?>
<window><!-- Aeon MQ 9 -->
	<defaultcontrol always="true">131</defaultcontrol>
	<onload>SetProperty(dialoginfoex_view,150)</onload>
	<onunload>ClearProperty(widgets_info_person,home)</onunload>
	<controls>		
		<include content="media_info_background">
			<param name="fanart" value="$INFO[Container.ListItem.Art(fanart)]" />	
		</include>
		<control type="group">
			<include>animation_window</include>
			<include content="media_info_layout">
				<param name="title" value="$VAR[dialoginfoex_title]" />	
				<param name="tagline" value="" />
				<param name="taglinevisible" value="true" />
				<param name="thumb" value="$VAR[dialoginfoex_thumb]" />
				<param name="case" value="false" />
				<param name="bordertexture" value="bigposter_shadow.png" />	
				<param name="bordersquare" value="false" />				
				<param name="artvisible" value="false" />
				<param name="oscarvisible" value="String.StartsWith(Window(home).Property(SkinHelper.ListItem.Awards),won)" />
				<param name="tip" value="" />	
				<param name="tipvisible" value="false" />					
			</include>
			<control type="image">
				<left>1328</left>
				<top>200</top>
				<width>1580</width>
				<height>132</height>
				<texture colordiffuse="$INFO[skin.string(texture_base_color)]">white50.png</texture>
			</control>
			<control type="label">
				<left>1440</left>
				<top>200</top>
				<width>1200</width>
				<height>132</height>					
				<label>$VAR[dialoginfoex_year]</label>
				<font>font_year</font>
			</control>
			<include content="media_flags_rating_stars">	
				<param name="flagleft" value="1400" />
				<param name="flagtop" value="370" />
				<param name="condition" value="Container.ListItem.Rating" />
				<param name="visible" value="$EXP[dialog_infoex_control]" />
			</include>
			<control type="label">
				<left>2030</left>
				<top>370</top>
				<width>950</width>
				<height>60</height>
				<label>$INFO[Container.ListItem.Rating]   $INFO[Container.ListItem.Votes,, $LOCALIZE[205]]</label>
				<font>font_plot</font>
				<visible>$EXP[dialog_infoex_control] + Integer.IsGreater(Container.ListItem.Votes,0)</visible>
			</control>
			<control type="group">
				<animation effect="slide" end="-800,0" time="300" tween="sine" easing="in" reversible="true" condition="[Control.HasFocus(10052) | Control.HasFocus(10053) | Control.HasFocus(10055)] + !String.IsEmpty(Container(10051).ListItem.Art(thumb))">Conditional</animation>
				<control type="image">
					<left>3840</left>
					<top>156</top>
					<width>733</width>
					<height>1098</height>
					<aspectratio align="left" aligny="bottom">keep</aspectratio>
					<texture background="true">$INFO[Container(10051).ListItem.Art(thumb)]</texture>
					<bordertexture border="-30">bigposter_shadow.png</bordertexture>
					<bordersize>20</bordersize>	
				</control>
				<control type="label">
					<left>3840</left>
					<top>1280</top>
					<width>733</width>
					<height>70</height>
					<align>center</align>
					<label>$VAR[dialoginfoex_tag]</label>
					<font>font_plot</font>
				</control>
			</control>
			<control type="list" id="10051">
				<include>invisible_list</include>
			</control>			
			<control type="grouplist">
				<left>1328</left>
				<top>460</top>
				<width>1580</width>
				<height>820</height>
				<itemgap>4</itemgap>
				<include content="media_info_details">
					<param name="header" value="$LOCALIZE[38033]" />
					<param name="headervisible" value="true" />
					<param name="infowidth" value="1580" />
					<param name="info" value="$INFO[Container.ListItem.Property(Role)]" />
					<param name="visible" value="!String.IsEmpty(Container.ListItem.Property(Role))" />
				</include>
				<include content="media_info_details">
					<param name="header" value="$LOCALIZE[31429]" />
					<param name="headervisible" value="true" />
					<param name="infowidth" value="1580" />
					<param name="info" value="$INFO[Container(10051).ListItem.Property(Birthday)]" />
					<param name="visible" value="![String.IsEmpty(Container(10051).ListItem.Property(Birthday)) | $EXP[dialog_infoex_control]]" />
				</include>
				<include content="media_info_details">
					<param name="header" value="$LOCALIZE[31431]" />
					<param name="headervisible" value="true" />
					<param name="infowidth" value="1580" />
					<param name="info" value="$INFO[Container(10051).ListItem.Property(Deathday)]" />
					<param name="visible" value="![String.IsEmpty(Container(10051).ListItem.Property(Deathday)) | $EXP[dialog_infoex_control]]" />
				</include>
				<include content="media_info_details">
					<param name="header" value="$LOCALIZE[31432]" />
					<param name="headervisible" value="true" />
					<param name="infowidth" value="1580" />
					<param name="info" value="$INFO[Container(10051).ListItem.Property(place_of_birth)]" />
					<param name="visible" value="![String.IsEmpty(Container(10051).ListItem.Property(place_of_birth)) | $EXP[dialog_infoex_control]]" />
				</include>
				<include content="media_info_plot">
					<param name="left" value="0" />
					<param name="top" value="0" />
					<param name="width" value="1580" />
					<param name="height" value="500" />	
					<param name="label" value="$VAR[dialoginfoex_plot]" />								
					<param name="visible" value="true" />
				</include>	
			</control>
			<control type="grouplist" id="130">
				<left>1328</left>
				<top>1460</top>
				<width>2412</width>
				<height>90</height>
				<ondown>SetFocus($INFO[Window.Property(dialoginfoex_view)])</ondown>
				<orientation>horizontal</orientation>
				<itemgap>6</itemgap>
				<include content="media_info_buttons_bar">
					<param name="id" value="131" />	
					<param name="width" value="598" />						
					<param name="label" value="$LOCALIZE[31003] ($INFO[Container(10052).NumItems])" />
					<param name="action" value="SetProperty(dialoginfoex_view,10052)" />
					<param name="enable" value="true" />	
					<param name="visible" value="true" />
				</include>
				<include content="media_info_buttons_bar">
					<param name="id" value="133" />	
					<param name="width" value="598" />						
					<param name="label" value="$LOCALIZE[31005] ($INFO[Container(10053).NumItems])" />
					<param name="action" value="SetProperty(dialoginfoex_view,10053)" />
					<param name="enable" value="true" />	
					<param name="visible" value="true" />						
				</include>	
				<include content="media_info_buttons_bar">
					<param name="id" value="134" />
					<param name="width" value="598" />						
					<param name="label" value="$LOCALIZE[31008]" />
					<param name="action" value="SetProperty(dialoginfoex_view,10054)" />
					<param name="enable" value="true" />	
					<param name="visible" value="true" />						
				</include>	
				<include content="media_info_buttons_bar">
					<param name="id" value="135" />	
					<param name="width" value="598" />						
					<param name="label" value="$LOCALIZE[31433] ($INFO[Container(10055).NumItems]) " />
					<param name="action" value="SetProperty(dialoginfoex_view,10055)" />
					<param name="enable" value="true" />	
					<param name="visible" value="true" />						
				</include>		
			</control>
			<include content="gradient_line">
				<param name="left" value="1328" />
				<param name="topline" value="1458" />
				<param name="topshadow" value="1458" />
				<param name="width" value="2412" />
				<param name="flipy" value="true" />
				<param name="visible" value="true" />
			</include>
			<control type="list" id="10052">
				<include content="dialog_info_panel_layout">
					<param name="id" value="10052" />
					<param name="ondown" value="" />
					<param name="layoutwidth" value="220" />
				</include>
				<visible>String.IsEqual(Window.Property(dialoginfoex_view),10052)</visible>				
			</control>
			<control type="list" id="10053">
				<include content="dialog_info_panel_layout">
					<param name="id" value="10053" />
					<param name="ondown" value="" />
					<param name="layoutwidth" value="220" />
				</include>
				<visible>String.IsEqual(Window.Property(dialoginfoex_view),10053)</visible>				
			</control>
			<control type="list" id="10054">
				<include content="dialog_info_panel_layout">
					<param name="id" value="10054" />
					<param name="ondown" value="" />
					<param name="layoutwidth" value="220" />	
				</include>
				<visible>String.IsEqual(Window.Property(dialoginfoex_view),10054)</visible>				
			</control>
			<control type="list" id="10055">
				<include content="dialog_info_panel_layout">
					<param name="id" value="10055" />
					<param name="ondown" value="" />
					<param name="layoutwidth" value="220" />
				</include>
				<visible>String.IsEqual(Window.Property(dialoginfoex_view),10055)</visible>				
			</control>			
			<include>mask_background</include>
		</control>
	</controls>
</window>