<?xml version="1.0" encoding="UTF-8"?>
<window><!-- Aeon MQ 9 -->
	<defaultcontrol>9000</defaultcontrol>
	<include>loading_default</include>
	<controls>
		<include content="common_background">
			<param name="mask" value="white80" />	
			<param name="condition" value="true" />
		</include>
		<control type="group">
			<include>animation_window</include>	
			<include content="settings_center_title">
				<param name="id" value="" />
				<param name="label" value="31370" />
				<param name="width" value="2932" />
				<param name="labelwidth" value="2780" />
			</include>
			<control type="grouplist" id="9001">
				<left>900</left>
				<top>360</top>
				<width>2940</width>
				<height>1800</height>
				<onleft>9000</onleft>
				<onright>9000</onright>
				<visible>Container(9000).HasFocus(1)</visible>
				<control type="radiobutton" id="4">
					<label>31372</label>					
				</control>
				<control type="button" id="5">
					<label>$LOCALIZE[33084]</label>
					<label2>$INFO[System.ProfileAutoLogin]</label2>
					<enable>!Window.IsVisible(ProfileSettings) + !System.HasLoginScreen</enable>
				</control>
			</control>
			<control type="list" id="2">
				<left>900</left>
				<width>2940</width>
				<height>1800</height>
				<onleft>9000</onleft>
				<onright>9000</onright>
				<visible>Container(9000).HasFocus(2)</visible>
				<itemlayout height="120">
					<include content="list_furniture">
						<param name="width" value="2940" />
						<param name="height" value="120" />
						<param name="align" value="left" />
						<param name="label" value="$INFO[ListItem.label]" />
						<param name="font" value="font_settings" />
					</include>
				</itemlayout>
				<focusedlayout height="120">
					<include content="list_furniturefocus">
						<param name="width" value="2940" />
						<param name="height" value="120" />
						<param name="align" value="left" />
						<param name="label" value="$INFO[ListItem.label]" />
						<param name="font" value="font_settings" />
						<param name="visible" value="Control.HasFocus(2)" />
					</include>
				</focusedlayout>
			</control>				
			<include content="settings_left_title">
				<param name="label" value="31202" />
			</include>
			<control type="list" id="9000">
				<top>360</top>
				<width>900</width>
				<height>1800</height>
				<onup>9000</onup>
				<ondown>9000</ondown>
				<onleft>Action(Back)</onleft>
				<onright condition="Container(9000).HasFocus(1)">9001</onright>
				<onright condition="Container(9000).HasFocus(2)">2</onright>
				<itemlayout width="900" height="120">
					<include content="list_furniture">
						<param name="width" value="900" />
						<param name="height" value="120" />
						<param name="label" value="$INFO[ListItem.label]" />
						<param name="font" value="font_settings" />
					</include>
				</itemlayout>
				<focusedlayout width="900" height="120">
					<include content="list_colorfocus">
						<param name="width" value="900" />
						<param name="height" value="120" />
						<param name="color" value="$INFO[skin.string(texture_highlight_color)]" />
						<param name="condition" value="!Control.Hasfocus(9000)" />
						<param name="visible" value="Control.Hasfocus(9000)" />
					</include>						
					<include content="list_furniturefocus">
						<param name="width" value="900" />
						<param name="height" value="120" />
						<param name="align" value="left" />
						<param name="label" value="$INFO[ListItem.label]" />
						<param name="font" value="font_settings" />
						<param name="visible" value="Control.HasFocus(9000)" />
					</include>
				</focusedlayout>
				<content>
					<item id="1">
						<label>$LOCALIZE[128]</label>
						<icon></icon>
						<onclick>SetFocus(9001)</onclick>
					</item>
					<item id="2">
						<label>$LOCALIZE[13200]</label>
						<icon></icon>
						<onclick>SetFocus(2)</onclick>
					</item>
				</content>
			</control>			
		</control>
	</controls>
</window>