<?xml version="1.0" encoding="UTF-8"?>
<includes><!-- Aeon MQ 9 -->
	<include name="view_67">
		<control type="group">
			<animation effect="fade" time="400">VisibleChange</animation>
			<visible>Control.IsVisible(67)</visible>
			<control type="image">
				<texture colordiffuse="$INFO[skin.string(texture_base_color)]">vignette.png</texture>
			</control>
			<control type="image">
				<height>1200</height>
				<texture flipy="true" colordiffuse="$INFO[skin.string(texture_base_color)]">shadow_mask.png</texture>
			</control>
			<control type="image">
				<left>80</left>
				<top>1888</top>
				<width>1168</width>
				<height>1754</height>							
				<aspectratio align="center" aligny="top">keep</aspectratio>
				<texture fallback="DefaultActor.png" flipy="true" diffuse="thumb_reflect.png" background="true">$VAR[view_67_thumb]</texture>
			</control>
			<control type="image">
				<left>80</left>
				<top>133</top>
				<width>1168</width>
				<height>1754</height>
				<fadetime>common_fade_time</fadetime>
				<aspectratio align="center" aligny="bottom">keep</aspectratio>
				<texture fallback="DefaultActor.png" background="true">$VAR[view_67_thumb]</texture>
				<visible>!ListItem.IsParentFolder</visible>
			</control>
			<control type="image">
				<left>80</left>
				<top>156</top>
				<width>1168</width>
				<height>1754</height>
				<fadetime>common_fade_time</fadetime>
				<aspectratio align="center" aligny="bottom">keep</aspectratio>
				<texture fallback="DefaultActor.png" background="true">$VAR[view_67_thumb]</texture>
				<visible>ListItem.IsParentFolder</visible>
			</control>
			<control type="group">
				<left>112</left>
				<top>-1400</top>
				<width>1100</width>
				<height>1100</height>
				<animation type="Visible" reversible="false">				
					<effect type="slide" start="0,0" end="0,2200" time="1800" delay="3000" tween="bounce" easing="out" />
					<effect type="slide" start="0,0" end="-1400,0" time="800" delay="8000" tween="sine" easing="out" />
					<effect type="rotate" start="0" end="360" center="auto" time="2000" delay="8000"  tween="sine" easing="out" />
				</animation>
				<visible>[!String.IsEqual(Container(67).ListItem.DbType,set) + Control.IsVisible(6703) | Control.HasFocus(6700) + Control.IsVisible(6703)] + [String.IsEqual(skin.string(view_67_videos_discart),always) | String.IsEqual(skin.string(view_67_videos_discart),ifavailable) + ![String.IsEmpty(Window(home).Property(SkinHelper.ListItem.Art.DiscArt)) + String.IsEmpty(Container(67).ListItem.Art(discart))]]</visible>
				<control type="image">					
					<width>1100</width>
					<height>1100</height>
					<aspectratio align="center" aligny="center">keep</aspectratio>
					<texture diffuse="discart_diffuse.png">$VAR[discart_videos_layout]</texture>	
				</control>
				<control type="image">					
					<width>1100</width>
					<height>1100</height>
					<aspectratio align="center" aligny="center">keep</aspectratio>
					<texture diffuse="discart_diffuse.png" background="true">$VAR[media_discart]</texture>		
				</control>
			</control>			
			<control type="fixedlist" id="67">
				<viewtype label="-08">Sets Plus</viewtype>
				<left>1260</left>
				<top>220</top>
				<width>2380</width>
				<height>1160</height>					
				<onleft>80</onleft>
				<onright>6700</onright>	
				<onfocus>ClearProperty(container6700_fanart,home)</onfocus>				
				<pagecontrol>80</pagecontrol>
				<animation effect="slide" start="0,0" end="90,0" time="150" easing="inout" tween="sine" condition="Control.HasFocus(80)">Conditional</animation>
				<visible>Container.Content(movies) | Container.Content(sets) | Container.Content(musicvideos) | Container.Content(tvshows) | Container.Content(seasons) | Container.Content(episodes)</visible>
				<itemlayout height="100">
					<control type="group">
						<animation effect="fade" end="50" condition="true">Conditional</animation>
						<visible>!Container(67).Row(1)</visible>
						<control type="label">
							<left>100</left>
							<width>1400</width>
							<height>100</height>	
							<label>$VAR[media_title]</label>
							<font>font_list_boldsmall</font>
							<scroll>false</scroll>
						</control>					
						<include content="media_overlays">
							<param name="item" value="0" />
							<param name="left" value="0" />
							<param name="top" value="0" />
							<param name="size" value="90" />
							<param name="visible" value="true" />
						</include>
					</control>
				</itemlayout>
				<focusedlayout height="760">
					<control type="group">
						<animation effect="slide" start="0,0" end="0,-100" time="0" condition="Container(67).Row(1)">Conditional</animation>
						<visible>!Control.HasFocus(6700)</visible>
						<control type="label">
							<left>100</left>
							<width>2960</width>
							<height>100</height>
							<label>$VAR[media_title]</label>
							<font>font_view_title</font>	
						</control>
						<include content="media_overlays">
							<param name="item" value="0" />
							<param name="left" value="0" />
							<param name="top" value="10" />
							<param name="size" value="90" />
							<param name="visible" value="true" />
						</include>
					</control>
				</focusedlayout>				
			</control>			
			<control type="grouplist">
				<left>1360</left>
				<top>340</top>
				<width>3640</width>
				<height>572</height>
				<itemgap>14</itemgap>
				<visible>Control.IsVisible(6703) + ![ListItem.IsParentFolder | Control.HasFocus(6700)]</visible>
				<control type="group">
					<left>100</left>
					<height>60</height>	
					<animation effect="fade" end="100" time="200">Visible</animation>
					<animation effect="fade" start="100" end="0" time="0">Hidden</animation>
					<visible>Integer.IsGreater(ListItem.PercentPlayed,0)</visible>			
					<control type="progress">
						<top>20</top>
						<width>600</width>
						<height>20</height>
						<info>ListItem.PercentPlayed</info>
					</control>	
					<control type="label">
						<left>630</left>
						<width>160</width>
						<height>60</height>
						<label>$INFO[Container.ListItem.PercentPlayed]%</label>
						<font>font_plot</font>
					</control>	
				</control>				
				<control type="label">
					<width>2380</width>
					<height>120</height>
					<label>[B]$VAR[media_year,,   ][/B]$VAR[media_runtime,,   ]$INFO[ListItem.Artist,,   ]$VAR[media_tvshow_tag,,   ]$INFO[ListItem.TagLine,,   ]</label>
					<font>font_plot</font>
					<visible>!ListItem.IsParentFolder</visible>
				</control>				
				<control type="label">
					<width>1280</width>
					<height>70</height>		
					<label>$VAR[media_genre]</label>
					<font>font_plot</font>
					<textcolor>$INFO[skin.string(header_color)]</textcolor>
					<scroll>true</scroll>
				</control>
				<include content="media_info_plot">
					<param name="left" value="1280" />
					<param name="top" value="400" />
					<param name="width" value="2380" />
					<param name="height" value="486" />
					<param name="label" value="$VAR[media_plot]" />						
					<param name="visible" value="Control.IsVisible(6703)" />
				</include>
			</control>
			<include content="media_flags_rating_stars">
				<param name="flagleft" value="100" />
				<param name="flagtop" value="1920" />
				<param name="condition" value="ListItem.UserRating" />
				<param name="visible" value="Integer.IsGreater(ListItem.UserRating,0) + ![ListItem.IsParentFolder | String.IsEmpty(ListItem.DbType)]" />
			</include>
			<include content="media_flags_rating_stars">
				<param name="flagleft" value="100" />
				<param name="flagtop" value="1920" />
				<param name="condition" value="ListItem.Rating" />
				<param name="visible" value="!Integer.IsGreater(ListItem.UserRating,0) + ![ListItem.IsParentFolder | String.IsEmpty(ListItem.DbType)]" />
			</include>
			<control type="label">
				<left>740</left>
				<top>1920</top>
				<width>900</width>
				<height>60</height>	
				<label>$VAR[media_rating_info]</label>
				<font>font_plot</font>
			</control>				
			<include content="scroll_bar_vertical">
				<param name="id" value="80" />
				<param name="left" value="1260" />
				<param name="top" value="190" />
				<param name="height" value="1160" />
				<param name="onleft" value="9900" />
				<param name="onright" value="67" />
				<param name="hiddenfocus" value="true" />
				<param name="visible" value="Control.IsVisible(67) + Control.HasFocus(80)" />
			</include>
			<control type="group">
				<left>1360</left>
				<top>220</top>
				<animation effect="fade" time="200">VisibleChange</animation>
				<visible>Control.HasFocus(6700)</visible>
				<control type="label">
					<width>2960</width>
					<height>100</height>
					<label>$INFO[Container(6700).ListItem.Label]</label>
					<font>font_view_title</font>									
				</control>
				<control type="label">
					<top>126</top>
					<width>2960</width>
					<height>120</height>	
					<aligny>top</aligny>						
					<label>[B]$INFO[Container(6700).ListItem.Property(year),,    ][/B]$INFO[Container(6700).ListItem.Property(duration)] $LOCALIZE[31961]</label>
					<font>font_plot</font>
				</control>
			</control>						
			<control type="list" id="6700">
				<left>1320</left>
				<top>1574</top>
				<width>2436</width>
				<height>520</height>
				<onup>67</onup>
				<ondown>670</ondown>
				<onfocus>SetProperty(container6700_fanart,true,home)</onfocus>
				<pagecontrol>670</pagecontrol>
				<orientation>horizontal</orientation>
				<animation effect="fade" end="100" reversible="true" time="150" delay="400">Visible</animation>
				<visible>String.IsEqual(Container(67).ListItem.DbType,set)</visible>	
				<itemlayout width="220" height="308">
				<control type="group">
					<animation effect="fade" start="100" end="40" time="200" condition="System.IdleTime(1) + Control.HasFocus(6700)">Conditional</animation>
					<include content="media_info_discart">	
						<param name="view" value="67" />
						<param name="type" value="videos" />
						<param name="left" value="10" />
						<param name="top" value="0" />
						<param name="size" value="200" />
						<param name="slidedisc1" value="0" />
						<param name="slidedisc2" value="-100" />
						<param name="sliderow" value="0" />
						<param name="sliderowcondition" value="false" />
						<param name="slidecolumn" value="-16" />
						<param name="slidecolumncondition" value="Skin.HasSetting(view_67_videos_case_off)" />
						<param name="visible" value="!Control.HasFocus(6700) + Control.IsVisible(6703)" />
					</include>
					<control type="image">
						<left>12</left>
						<top>80</top>
						<width>230</width>
						<height>230</height>
						<texture>dialogs_busy.png</texture>
						<aspectratio align="center" aligny="bottom">keep</aspectratio>
						<animation effect="rotate" end="-360" center="auto" time="2000" loop="true" reversible="false" condition="true">Conditional</animation>
						<visible>Container(6700).IsUpdating</visible>
					</control>
					<control type="image">				
						<left>4</left>
						<top>314</top>
						<width>99%</width>
						<height>100%</height>
						<aspectratio align="center" aligny="top">stretch</aspectratio>
						<texture flipy="true" diffuse="thumb_reflect.png" background="true">$INFO[ListItem.Icon]</texture>
						<visible>!Container(6700).IsUpdating</visible>
					</control>
					<control type="image">
						<left>4</left>				
						<top>4</top>
						<width>99%</width>
						<height>100%</height>
						<aspectratio align="center" aligny="bottom">stretch</aspectratio>
						<texture fallback="DefaultArtist.png" background="true">$INFO[ListItem.Icon]</texture>	
						<visible>!Container(6700).IsUpdating</visible>						
					</control>				
				</control>
				</itemlayout>
				<focusedlayout width="220" height="308">
					<include content="media_info_discart">
						<param name="view" value="67" />
						<param name="type" value="videos" />					
						<param name="left" value="10" />
						<param name="top" value="0" />
						<param name="size" value="200" />
						<param name="slidedisc1" value="0" />
						<param name="slidedisc2" value="-100" />
						<param name="sliderow" value="0" />
						<param name="sliderowcondition" value="false" />
						<param name="slidecolumn" value="-16" />
						<param name="slidecolumncondition" value="Skin.HasSetting(view_67_videos_case_off)" />
						<param name="visible" value="!Control.HasFocus(6700) + Control.IsVisible(6703)" />
					</include>				
					<control type="image">
						<left>12</left>
						<top>80</top>
						<width>230</width>
						<height>230</height>
						<texture>dialogs_busy.png</texture>
						<aspectratio align="center" aligny="bottom">keep</aspectratio>
						<animation effect="rotate" end="-360" center="auto" time="2000" loop="true" reversible="false" condition="true">Conditional</animation>
						<visible>Container(6700).IsUpdating</visible>
					</control>
					<control type="image">				
						<left>4</left>
						<top>314</top>
						<width>99%</width>
						<height>100%</height>
						<aspectratio align="center" aligny="top">stretch</aspectratio>
						<texture flipy="true" diffuse="thumb_reflect.png" background="true">$INFO[ListItem.Icon]</texture>
						<visible>!Control.HasFocus(6700)</visible>
					</control>
					<control type="image">
						<left>4</left>				
						<top>4</top>
						<width>99%</width>
						<height>100%</height>							
						<aspectratio align="center" aligny="bottom">stretch</aspectratio>
						<texture fallback="DefaultActor.png" background="true">$INFO[ListItem.Icon]</texture>
						<visible>!Control.HasFocus(6700)</visible>						
					</control>
					<control type="image">
						<left>4</left>
						<top>314</top>
						<width>99%</width>
						<height>100%</height>							
						<aspectratio align="center" aligny="top">stretch</aspectratio>
						<texture flipy="true" diffuse="thumb_reflect.png" background="true">$INFO[ListItem.Icon]</texture>
						<visible>Control.HasFocus(6700)</visible>							
					</control>
					<control type="image">
						<left>4</left>				
						<top>4</top>
						<width>99%</width>
						<height>100%</height>							
						<aspectratio align="center" aligny="bottom">stretch</aspectratio>
						<texture fallback="DefaultActor.png" background="true">$INFO[ListItem.Icon]</texture>
						<bordertexture colordiffuse="$INFO[skin.string(texture_highlight_color)]" border="-4">white.png</bordertexture>
						<visible>Control.HasFocus(6700)</visible>							
					</control>
				</focusedlayout>				
				<content>
					<include content="view_sets_items">
						<param name="item" value="0" />
					</include>
					<include content="view_sets_items">
						<param name="item" value="1" />
					</include>
					<include content="view_sets_items">
						<param name="item" value="2" />
					</include>
					<include content="view_sets_items">
						<param name="item" value="3" />
					</include>
					<include content="view_sets_items">
						<param name="item" value="4" />
					</include>
					<include content="view_sets_items">
						<param name="item" value="5" />
					</include>
					<include content="view_sets_items">
						<param name="item" value="6" />
					</include>
					<include content="view_sets_items">
						<param name="item" value="7" />
					</include>
					<include content="view_sets_items">
						<param name="item" value="8" />
					</include>
					<include content="view_sets_items">
						<param name="item" value="9" />
					</include>
					<include content="view_sets_items">
						<param name="item" value="10" />
					</include>
					<include content="view_sets_items">
						<param name="item" value="11" />
					</include>
					<include content="view_sets_items">
						<param name="item" value="12" />
					</include>
					<include content="view_sets_items">
						<param name="item" value="13" />
					</include>
					<include content="view_sets_items">
						<param name="item" value="14" />
					</include>
					<include content="view_sets_items">
						<param name="item" value="15" />
					</include>
					<include content="view_sets_items">
						<param name="item" value="16" />
					</include>
					<include content="view_sets_items">
						<param name="item" value="17" />
					</include>
					<include content="view_sets_items">
						<param name="item" value="18" />
					</include>
					<include content="view_sets_items">
						<param name="item" value="19" />
					</include>
					<include content="view_sets_items">
						<param name="item" value="20" />
					</include>
					<include content="view_sets_items">
						<param name="item" value="21" />
					</include>
					<include content="view_sets_items">
						<param name="item" value="22" />
					</include>
					<include content="view_sets_items">
						<param name="item" value="23" />
					</include>
					<include content="view_sets_items">
						<param name="item" value="24" />
					</include>
					<include content="view_sets_items">
						<param name="item" value="25" />
					</include>
					<include content="view_sets_items">
						<param name="item" value="26" />
					</include>
					<include content="view_sets_items">
						<param name="item" value="27" />
					</include>
					<include content="view_sets_items">
						<param name="item" value="28" />
					</include>
					<include content="view_sets_items">
						<param name="item" value="29" />
					</include>
					<include content="view_sets_items">
						<param name="item" value="30" />
					</include>
				</content>			
			</control>
			<control type="image" id="6703">
				<include>invisible_image</include>
				<animation effect="fade" end="100" time="200" delay="300">Visible</animation>
				<visible>![Container.OnNext | Container.OnPrevious]</visible>
			</control>
			<include content="scrollbar_horizontal">
				<param name="id" value="670" />
				<param name="left" value="1320" />
				<param name="top" value="1920" />
				<param name="width" value="2380" />
				<param name="onup" value="6700" />
				<param name="ondown" value="9920" />
				<param name="hiddenfocus" value="false" />
				<param name="visible" value="Control.IsVisible(6700)" />
			</include>			
		</control>
	</include>
	<include name="view_sets_items">
		<definition>
			<item>
				<label>$INFO[Window(home).Property(SkinHelper.ListItem.$PARAM[item].Label)]</label>
				<icon>$INFO[Window(home).Property(SkinHelper.ListItem.$PARAM[item].Art.Poster)]</icon>
				<property name="disc">$INFO[Window(home).Property(SkinHelper.ListItem.$PARAM[item].Art.DiscArt)]</property>
				<property name="fanart">$INFO[Window(home).Property(SkinHelper.ListItem.$PARAM[item].Art.FanArt)]</property>
				<property name="plot">$INFO[Window(home).Property(SkinHelper.ListItem.$PARAM[item].Plot)]</property>
				<property name="year">$INFO[Window(home).Property(SkinHelper.ListItem.$PARAM[item].Year)]</property>
				<property name="duration">$INFO[Window(home).Property(SkinHelper.ListItem.$PARAM[item].Duration)]</property>
				<onclick>RunScript(service.skin.widgets,movieid=$INFO[Window(home).Property(SkinHelper.ListItem.$PARAM[item].DBID)])</onclick>
				<visible>![String.IsEmpty(Window(home).Property(SkinHelper.ListItem.$PARAM[item].Art.Poster)) | ListItem.IsParentFolder]</visible>
			</item>
		</definition>
	</include>
</includes>