<?xml version="1.0" encoding="UTF-8"?>
<includes><!-- Aeon MQ 9 -->
	<include name="view_54">
		<control type="group">
			<animation effect="fade" time="400">VisibleChange</animation>
			<visible>Control.IsVisible(54)</visible>
			<include content="media_info_title">
				<param name="view" value="54" />
				<param name="vignette" value="true" />
				<param name="mask" value="true" />
				<param name="plot" value="false" />
				<param name="panel" value="true" />
			</include>
			<control type="group">
				<animation effect="slide" time="500" start="-2400,0" end="0,0" tween="cubic" easing="out">WindowOpen</animation>
				<animation effect="slide" time="500" start="-2400,0" end="0,0" tween="cubic" easing="out">Visible</animation>
				<animation effect="fade" time="200" start="100" end="0">Hidden</animation>
				<control type="panel" id="54">
					<viewtype label="- 15">icon</viewtype>
					<left>1516</left>
					<top>443</top>
					<width>2160</width>
					<height>1530</height>
					<onup condition="String.IsEqual(skin.string(view_54_panel),manual) + !String.IsEqual(ListItem.Label,..)">5430</onup>
					<onup condition="![String.IsEqual(skin.string(view_54_panel),manual) + !String.IsEqual(ListItem.Label,..)]">9900</onup>
					<ondown>9920</ondown>
					<onleft>9900</onleft>
					<onright>540</onright>
					<pagecontrol>540</pagecontrol>					
					<itemlayout condition="[Container.Content(movies) | Container.Content(sets)] + !String.IsEqual(skin.string(view_54_movies_art),poster) | Container.Content(tvshows) + !String.IsEqual(skin.string(view_54_tvshows_art),poster)" width="540" height="510">
						<control type="group">
							<animation effect="fade" start="100" end="20" time="400" condition="System.IdleTime(3) + !Skin.HasSetting(view_54_fade_off)">Conditional</animation>
							<control type="group">
								<visible>Container.Content(movies) | Container.Content(sets)</visible>
								<include content="media_info_art">
									<param name="view" value="54" />
									<param name="type" value="movies" />
									<param name="left" value="24" />
									<param name="top" value="0" />
									<param name="topreflect" value="0" />
									<param name="width" value="398" />
									<param name="height" value="398" />
									<param name="reflect" value="false" />
								</include>
							</control>
							<control type="group">
								<visible>Container.Content(tvshows)</visible>
								<include content="media_info_art">
									<param name="view" value="54" />
									<param name="type" value="tvshows" />
									<param name="left" value="24" />
									<param name="top" value="0" />
									<param name="topreflect" value="0" />
									<param name="width" value="398" />
									<param name="height" value="398" />
									<param name="reflect" value="false" />
								</include>
							</control>
							<control type="group">
								<animation effect="slide" end="0,-60" time="0" easing="inout" tween="sine" condition="[Container.Content(movies) | Container.Content(sets)] + String.IsEqual(skin.string(view_54_movies_art),clearart) |  Container.Content(tvshows) + String.IsEqual(skin.string(view_54_tvshows_art),clearart)">Conditional</animation>
								<animation effect="slide" end="0,-165" time="0" easing="inout" tween="sine" condition="[Container.Content(movies) | Container.Content(sets)] + String.IsEqual(skin.string(view_54_movies_art),discart)">Conditional</animation>
								<include content="media_overlays">
									<param name="item" value="0" />
									<param name="left" value="363" />
									<param name="top" value="183" />
									<param name="size" value="53" />
									<param name="visible" value="true" />
								</include>
							</control>
						</control>						
					</itemlayout>
					<itemlayout condition="[[Container.Content(movies) | Container.Content(sets)] + String.IsEqual(skin.string(view_54_movies_art),poster) | Container.Content(tvshows) + String.IsEqual(skin.string(view_54_tvshows_art),poster)] + Skin.HasSetting(view_54_videos_case_off)" width="360" height="510">
						<control type="group">
							<animation effect="fade" start="100" end="20" time="400" condition="System.IdleTime(3) + !Skin.HasSetting(view_54_fade_off)">Conditional</animation>
							<control type="image">
								<left>26</left>
								<top>54</top>
								<width>298</width>
								<height>424</height>
								<aspectratio align="center" aligny="bottom">keep</aspectratio>
								<texture background="true">$VAR[media_thumb]</texture>
							</control>						
							<include content="media_overlays">
								<param name="item" value="0" />
								<param name="left" value="265" />
								<param name="top" value="60" />
								<param name="size" value="53" />
								<param name="visible" value="true" />
							</include>
						</control>						
					</itemlayout>					
					<itemlayout condition="[[Container.Content(movies) | Container.Content(sets)] + String.IsEqual(skin.string(view_54_movies_art),poster) | Container.Content(tvshows) + String.IsEqual(skin.string(view_54_tvshows_art),poster)] + !Skin.HasSetting(view_54_videos_case_off)" width="360" height="516">
						<control type="group">
							<animation effect="fade" start="100" end="20" time="400" condition="System.IdleTime(3) + !Skin.HasSetting(view_54_fade_off)">Conditional</animation>
							<control type="image">
								<left>26</left>
								<top>54</top>
								<width>298</width>
								<height>424</height>
								<aspectratio align="center" aligny="bottom">stretch</aspectratio>
								<texture background="true">$VAR[media_thumb]</texture>
							</control>						
							<include content="media_case_video">
								<param name="view" value="54" />
								<param name="item" value="0" />
								<param name="condition" value="ListItem" />							
								<param name="caseleft" value="0" />
								<param name="casetop" value="-15" />
								<param name="casewidth" value="369" />
								<param name="caseheight" value="535" />
								<param name="flagleft" value="125" />
								<param name="flagtop" value="-10" />
								<param name="flagsize" value="84" />
								<param name="casereflecttop" value="540" />
								<param name="casereflectvisible" value="false" />
							</include>
							<include content="media_overlays">
								<param name="item" value="0" />
								<param name="left" value="263" />
								<param name="top" value="60" />
								<param name="size" value="53" />
								<param name="visible" value="true" />
							</include>	
						</control>							
					</itemlayout>
					<focusedlayout condition="[Container.Content(movies) | Container.Content(sets)] + !String.IsEqual(skin.string(view_54_movies_art),poster) | Container.Content(tvshows) + !String.IsEqual(skin.string(view_54_tvshows_art),poster)" width="540" height="510">
						<control type="group">
						<animation effect="zoom" center="auto" start="80" end="130" time="600" tween="back" easing="out" reversible="false">Focus</animation>
							<control type="group">
								<visible>Container.Content(movies) | Container.Content(sets)</visible>
								<include content="media_info_art">
									<param name="view" value="54" />
									<param name="type" value="movies" />
									<param name="left" value="24" />
									<param name="top" value="0" />
									<param name="topreflect" value="0" />
									<param name="width" value="398" />
									<param name="height" value="398" />
									<param name="reflect" value="false" />
								</include>
							</control>
							<control type="group">
								<visible>Container.Content(tvshows)</visible>
								<include content="media_info_art">
									<param name="view" value="54" />
									<param name="type" value="tvshows" />
									<param name="left" value="24" />
									<param name="top" value="0" />
									<param name="topreflect" value="0" />
									<param name="width" value="398" />
									<param name="height" value="398" />
									<param name="reflect" value="false" />
								</include>
							</control>
							<control type="group">
								<animation effect="slide" end="0,-60" time="0" easing="inout" tween="sine" condition="[Container.Content(movies) | Container.Content(sets)] + String.IsEqual(skin.string(view_54_movies_art),clearart) |  Container.Content(tvshows) + String.IsEqual(skin.string(view_54_tvshows_art),clearart)">Conditional</animation>
								<animation effect="slide" end="0,-165" time="0" easing="inout" tween="sine" condition="[Container.Content(movies) | Container.Content(sets)] + String.IsEqual(skin.string(view_54_movies_art),discart)">Conditional</animation>
								<include content="media_overlays">
									<param name="item" value="0" />
									<param name="left" value="363" />
									<param name="top" value="183" />
									<param name="size" value="53" />
									<param name="visible" value="true" />
								</include>
							</control>
						</control>
					</focusedlayout>
					<focusedlayout condition="[[Container.Content(movies) | Container.Content(sets)] + String.IsEqual(skin.string(view_54_movies_art),poster) | Container.Content(tvshows) + String.IsEqual(skin.string(view_54_tvshows_art),poster)] + Skin.HasSetting(view_54_videos_case_off)" width="360" height="516">
						<control type="group">
							<animation effect="zoom" center="auto" start="80" end="115" time="600" tween="back" easing="out" reversible="false">Focus</animation>
							<control type="image">
								<left>26</left>
								<top>54</top>
								<width>298</width>
								<height>424</height>
								<aspectratio align="center" aligny="bottom">stretch</aspectratio>
								<texture background="true">$VAR[media_thumb]</texture>
							</control>						
							<include content="media_overlays">
								<param name="item" value="0" />
								<param name="left" value="265" />
								<param name="top" value="60" />
								<param name="size" value="53" />
								<param name="visible" value="true" />
							</include>	
						</control>						
					</focusedlayout>					
					<focusedlayout condition="[[Container.Content(movies) | Container.Content(sets)] + String.IsEqual(skin.string(view_54_movies_art),poster) | Container.Content(tvshows) + String.IsEqual(skin.string(view_54_tvshows_art),poster)] + !Skin.HasSetting(view_54_videos_case_off)" width="360" height="516">
						<control type="group">
							<animation effect="zoom" center="auto" start="80" end="115" time="600" tween="back" easing="out" reversible="false">Focus</animation>
							<control type="image">
								<left>26</left>
								<top>54</top>
								<width>298</width>
								<height>424</height>
								<aspectratio align="center" aligny="bottom">stretch</aspectratio>
								<texture background="true">$VAR[media_thumb]</texture>
							</control>						
							<include content="media_case_video">
								<param name="view" value="54" />
								<param name="item" value="0" />
								<param name="condition" value="ListItem" />							
								<param name="caseleft" value="0" />
								<param name="casetop" value="-15" />
								<param name="casewidth" value="369" />
								<param name="caseheight" value="535" />
								<param name="flagleft" value="125" />
								<param name="flagtop" value="-10" />
								<param name="flagsize" value="84" />
								<param name="casereflecttop" value="540" />
								<param name="casereflectvisible" value="false" />
							</include>
							<include content="media_overlays">
								<param name="item" value="0" />
								<param name="left" value="263" />
								<param name="top" value="60" />
								<param name="size" value="53" />
								<param name="visible" value="true" />
							</include>	
						</control>						
					</focusedlayout>
				</control>
			</control>
			<control type="image" id="5420">
				<include>invisible_image</include>
				<animation effect="fade" start="0" end="100" time="150" delay="2000">Visible</animation>
				<visible>![Container.OnNext | Container.OnPrevious]</visible>
			</control>
			<control type="button" id="5430">
				<include>invisible_button</include>
				<onleft>54</onleft>
				<onright>54</onright>
				<onup>9900</onup>
				<ondown>54</ondown>
			</control>
			<control type="group">
				<visible>[String.IsEqual(skin.string(view_54_panel),always) | String.IsEqual(skin.string(view_54_panel),auto) + Control.IsVisible(5420) | String.IsEqual(skin.string(view_54_panel),manual) + Control.HasFocus(5430)] + !ListItem.IsParentFolder</visible>
				<left>180</left>
				<top>330</top>
				<control type="image">
					<left>30</left>
					<top>126</top>
					<width>1160</width>
					<height>630</height>
					<fadetime>common_fade_time</fadetime>
					<aspectratio align="center" aligny="center">stretch</aspectratio>				
					<texture background="true">$INFO[ListItem.Art(fanart)]</texture>
					<bordertexture colordiffuse="$INFO[skin.string(texture_base_color)]" border="-150">now_playing_video_border.png</bordertexture>				
				</control>
				<include content="media_info_plot">
					<param name="left" value="30" />
					<param name="top" value="790" />
					<param name="width" value="1160" />
					<param name="height" value="850" />
					<param name="label" value="$VAR[media_plot]" />							
					<param name="visible" value="true" />
				</include>
			</control>
			<include content="scroll_bar_vertical">
				<param name="id" value="540" />
				<param name="left" value="3690" />
				<param name="top" value="332" />
				<param name="height" value="14112" />
				<param name="onleft" value="54" />
				<param name="onright" value="54" />
				<param name="hiddenfocus" value="true" />
				<param name="visible" value="Control.IsVisible(54) + Control.HasFocus(540)" />
			</include>
		</control>
	</include>
</includes>
