<?xml version="1.0" encoding="UTF-8"?>
<includes><!-- Aeon MQ 9 -->
	<include name="view_53">
		<control type="group">
			<animation effect="fade" time="400">VisibleChange</animation>
			<visible>Control.IsVisible(53)</visible>
			<control type="group">
				<control type="image">
					<left>-10</left>
					<top>-10</top>
					<width>3860</width>
					<height>2180</height>
					<texture colordiffuse="$INFO[skin.string(texture_base_color)]">shadow_mask_full.png</texture>
					<visible>!String.IsEqual(skin.string(view_53_panel_layout),off)</visible>
				</control>	
				<include content="media_info_title">
					<param name="view" value="53" />
					<param name="vignette" value="false" />
					<param name="mask" value="true" />
					<param name="plot" value="true" />
					<param name="panel" value="!Skin.HasSetting(view_53_panel_layout,extrathumbs)" />
				</include>
			</control>						
			<control type="group">
				<animation effect="fade" end="100" time="200">Visible</animation>
				<visible>Skin.HasSetting(view_53_panel_layout,extrathumbs) + [String.IsEqual(skin.string(view_53_panel),always) | String.IsEqual(skin.string(view_53_panel),auto) + Control.IsVisible(5320) | String.IsEqual(skin.string(view_53_panel),manual) + Control.HasFocus(5330)] + !ListItem.IsParentFolder</visible>
				<control type="grouplist">
					<left>945</left>
					<top>330</top>
					<width>1950</width>
					<height>780</height>
					<itemgap>4</itemgap>
					<visible>!ListItem.IsParentFolder</visible>
					<include content="media_info_details">
						<param name="header" value="" />
						<param name="headervisible" value="false" />
						<param name="infowidth" value="1950" />
						<param name="info" value="[B][COLOR=$INFO[skin.string(header_color)]]$INFO[ListItem.Genre][/COLOR][/B]" />
						<param name="visible" value="!String.IsEmpty(ListItem.Genre)" />
					</include>
					<include content="media_info_details">
						<param name="header" value="$LOCALIZE[31233]" />
						<param name="headervisible" value="true" />
						<param name="infowidth" value="1950" />
						<param name="info" value="$INFO[ListItem.Premiered]" />
						<param name="visible" value="![String.IsEmpty(ListItem.Premiered) | ListItem.IsCollection]" />
					</include>
					<include content="media_info_details">
						<param name="header" value="$VAR[media_year_header]" />
						<param name="headervisible" value="true" />
						<param name="infowidth" value="1950" />
						<param name="info" value="$VAR[media_year]" />
						<param name="visible" value="ListItem.IsCollection" />
					</include>
					<include content="media_info_plot">
						<param name="left" value="0" />
						<param name="top" value="0" />
						<param name="width" value="1950" />
						<param name="height" value="290" />	
						<param name="label" value="$VAR[media_plot]" />								
						<param name="visible" value="true" />
					</include>					
				</control>
				<include content="view_53_extrathumbs">
					<param name="item" value="1" />
					<param name="left" value="196" />
					<param name="top" value="334" />
				</include>
				<include content="view_53_extrathumbs">
					<param name="item" value="2" />
					<param name="left" value="196" />
					<param name="top" value="754" />
				</include>
				<include content="view_53_extrathumbs">
					<param name="item" value="3" />
					<param name="left" value="2968" />
					<param name="top" value="334" />
				</include>
				<include content="view_53_extrathumbs">
					<param name="item" value="4" />
					<param name="left" value="2968" />
					<param name="top" value="754" />
				</include>
			</control>
			<control type="group">
				<include content="media_info_discart">
					<param name="view" value="53" />
					<param name="type" value="videos" />					
					<param name="left" value="1694" />
					<param name="top" value="1264" />
					<param name="size" value="432" />
					<param name="slidedisc1" value="0" />
					<param name="slidedisc2" value="-300" />
					<param name="sliderow" value="0" />
					<param name="sliderowcondition" value="false" />
					<param name="slidecolumn" value="0" />
					<param name="slidecolumncondition" value="false" />
					<param name="visible" value="Control.HasFocus(53) + ![Skin.HasSetting(view_53_videos_case_off) | Skin.HasSetting(view_53_videos_stacked_off)]" />
				</include>
				<include content="media_info_discart">
					<param name="view" value="53" />
					<param name="type" value="videos" />					
					<param name="left" value="1688" />
					<param name="top" value="1310" />
					<param name="size" value="471" />
					<param name="slidedisc1" value="0" />
					<param name="slidedisc2" value="-400" />
					<param name="sliderow" value="0" />
					<param name="sliderowcondition" value="false" />
					<param name="slidecolumn" value="0" />
					<param name="slidecolumncondition" value="false" />
					<param name="visible" value="Control.HasFocus(53) + [Skin.HasSetting(view_53_videos_case_off) + !Skin.HasSetting(view_53_videos_stacked_off)]" />
				</include>
				<include content="media_info_discart">
					<param name="view" value="53" />
					<param name="type" value="videos" />					
					<param name="left" value="1673" />
					<param name="top" value="1260" />
					<param name="size" value="478" />
					<param name="slidedisc1" value="0" />
					<param name="slidedisc2" value="-400" />
					<param name="sliderow" value="0" />
					<param name="sliderowcondition" value="false" />
					<param name="slidecolumn" value="0" />
					<param name="slidecolumncondition" value="false" />
					<param name="visible" value="Control.HasFocus(53) + [!Skin.HasSetting(view_53_videos_case_off) + Skin.HasSetting(view_53_videos_stacked_off)]" />
				</include>
				<include content="media_info_discart">
					<param name="view" value="53" />
					<param name="type" value="videos" />					
					<param name="left" value="1662" />
					<param name="top" value="1225" />
					<param name="size" value="523" />
					<param name="slidedisc1" value="0" />
					<param name="slidedisc2" value="-400" />
					<param name="sliderow" value="0" />
					<param name="sliderowcondition" value="false" />
					<param name="slidecolumn" value="0" />
					<param name="slidecolumncondition" value="false" />
					<param name="visible" value="Control.HasFocus(53) + [Skin.HasSetting(view_53_videos_case_off) + Skin.HasSetting(view_53_videos_stacked_off)]" />
				</include>
			</control>
			<include content="view_53_videos_content_flatten" condition="Skin.HasSetting(view_53_videos_wraplist_off)">
				<param name="type" value="fixedlist" />
			</include>
			<include content="view_53_videos_content_flatten" condition="!Skin.HasSetting(view_53_videos_wraplist_off)">
				<param name="type" value="wraplist" />
			</include>
			<include>view_53_videos_content_stacked</include>
			<include content="scrollbar_horizontal">
				<param name="id" value="530" />
				<param name="left" value="570" />
				<param name="top" value="1910" />
				<param name="width" value="2700" />
				<param name="onup" value="53" />
				<param name="ondown" value="9920" />
				<param name="hiddenfocus" value="true" />
				<param name="visible" value="Control.IsVisible(53) + Control.HasFocus(530)" />
			</include>
			<control type="image" id="5320">
				<include>invisible_image</include>
				<animation effect="fade" start="0" end="100" time="150" delay="2000">Visible</animation>
				<visible>![Container(53).OnNext | Container(53).OnPrevious]</visible>
			</control>
			<control type="button" id="5330">
				<include>invisible_button</include>
				<onleft>53</onleft>
				<onright>53</onright>
				<onup>9900</onup>
				<ondown>53</ondown>
			</control>
			<control type="image" id="5303">
				<include>invisible_image</include>
				<animation effect="fade" end="100" time="200" delay="300">WindowOpen</animation>
				<visible>![Container.OnNext | Container.OnPrevious]</visible>
			</control>
			<control type="image" id="5311">
				<include>invisible_image</include>
				<animation effect="fade" start="0" end="100" time="150" delay="2000">Visible</animation>
				<visible>![Container(53).OnNext | Container(53).OnPrevious]</visible>
			</control>
		</control>
	</include>	
	<include name="view_53_videos_content_flatten">
		<definition>
			<control type="$PARAM[type]" id="53">
				<viewtype label="-02">list</viewtype>
				<left>-248</left>
				<top>1120</top>
				<width>4338</width>
				<height>1050</height>
				<onleft>53</onleft>
				<onright>53</onright>
				<onup condition="String.IsEqual(skin.string(view_53_panel),manual) + !String.IsEqual(ListItem.Label,..)">5330</onup>
				<onup condition="![String.IsEqual(skin.string(view_53_panel),manual) + !String.IsEqual(ListItem.Label,..)]">9900</onup>
				<ondown>530</ondown>
				<pagecontrol>530</pagecontrol>
				<orientation>horizontal</orientation>
				<focusposition>3</focusposition>
				<visible>Container.Content(movies) | Container.Content(sets) | Container.Content(musicvideos) | Container.Content(tvshows) | Container.Content(seasons)</visible>
				<itemlayout height="1140" width="588" condition="Window.IsActive(videos) + !Container.Content(episodes) | Window.IsActive(programs)">
					<control type="group">
						<visible>[Skin.HasSetting(view_53_videos_case_off) | Window.IsActive(programs)] + [Skin.HasSetting(view_53_videos_stacked_off) + [Window.IsActive(videos) | Window.IsActive(programs)] | Skin.HasSetting(view_53_music_stacked_off) + [Window.IsActive(musicplaylist) | Window.IsActive(music)]] + !Control.IsVisible(5300)</visible>
						<include content="view_53_poster">
							<param name="thumb" value="$VAR[media_thumb]" />
						</include>
						<include content="media_overlays">
							<param name="item" value="0" />
							<param name="left" value="568" />
							<param name="top" value="18" />
							<param name="size" value="104" />
							<param name="visible" value="true" />
						</include>	
					</control>
					<control type="group">
						<visible>![Skin.HasSetting(view_53_videos_case_off) | Window.IsActive(programs)] + [Skin.HasSetting(view_53_videos_stacked_off) + Window.IsActive(videos) | Skin.HasSetting(view_53_music_stacked_off) + [Window.IsActive(musicplaylist) | Window.IsActive(music)]] + !Control.IsVisible(5300)</visible>
						<control type="image">
							<left>168</left>
							<top>794</top>
							<width>464</width>
							<height>660</height>
							<aspectratio align="center" aligny="top">stretch</aspectratio>
							<texture flipy="true" diffuse="thumb_reflect.png" background="true">$VAR[media_thumb]</texture>
						</control>				
						<control type="image">				
							<left>168</left>
							<top>108</top>
							<width>464</width>
							<height>660</height>
							<aspectratio align="center" aligny="bottom">stretch</aspectratio>
							<texture background="true">$VAR[media_thumb]</texture>
						</control>
						<include content="media_case_video">
							<param name="view" value="53" />
							<param name="item" value="0" />
							<param name="condition" value="ListItem" />							
							<param name="caseleft" value="126" />
							<param name="casetop" value="0" />
							<param name="casewidth" value="572" />
							<param name="caseheight" value="836" />
							<param name="flagleft" value="328" />
							<param name="flagtop" value="2" />
							<param name="flagsize" value="136" />
							<param name="casereflecttop" value="725" />
							<param name="casereflectvisible" value="true" />
						</include>
						<control type="group">
							<animation effect="slide" start="0,0" end="6,-32" time="800" tween="cubic" easing="inout" condition="Skin.HasSetting(view_53_videos_stacked_off)">Conditional</animation>
							<include content="media_overlays">
								<param name="item" value="0" />
								<param name="left" value="522" />
								<param name="top" value="140" />
								<param name="size" value="104" />
								<param name="visible" value="true" />
							</include>
						</control>	
					</control>		
				</itemlayout>
				<focusedlayout height="1140" width="588" condition="Window.IsActive(videos) + !Container.Content(episodes) | Window.IsActive(programs)">
					<control type="group">
						<animation effect="zoom" start="100" end="110" center="404,616" time="400" easing="out" reversible="false" tween="cubic">Focus</animation>
						<animation effect="zoom" start="110" end="100" center="404,616" time="400" easing="out" reversible="false" tween="cubic" condition="!Control.HasFocus(53) + [Skin.HasSetting(view_53_videos_stacked_off) + [Container.Content(movies) | Container.Content(musicvideos) | Container.Content(tvshows) | Container.Content(seasons) | Window.IsActive(programs)] | !Window.IsActive(videos) + !Window.IsActive(videos) + Skin.HasSetting(view_53_music_stacked_off)]">Unfocus</animation>
						<control type="group">
							<visible>[Skin.HasSetting(view_53_videos_case_off) | Window.IsActive(programs)] + [Skin.HasSetting(view_53_videos_stacked_off) + [Window.IsActive(videos) | Window.IsActive(programs)] | Skin.HasSetting(view_53_music_stacked_off) + [Window.IsActive(musicplaylist) | Window.IsActive(music)]] + !Control.IsVisible(5300)</visible>
							<include content="view_53_poster">
								<param name="thumb" value="$VAR[media_thumb]" />
							</include>
							<include content="media_overlays">
								<param name="item" value="0" />
								<param name="left" value="568" />
								<param name="top" value="18" />
								<param name="size" value="104" />
								<param name="visible" value="true" />
							</include>
						</control>	
						<control type="group">
							<visible>![Skin.HasSetting(view_53_videos_case_off) | Window.IsActive(programs)] + [Skin.HasSetting(view_53_videos_stacked_off) + Window.IsActive(videos) | Skin.HasSetting(view_53_music_stacked_off) + [Window.IsActive(musicplaylist) | Window.IsActive(music)]] + !Control.IsVisible(5300)</visible>
							<control type="image">
								<left>168</left>
								<top>794</top>
								<width>464</width>
								<height>660</height>
								<aspectratio align="center" aligny="top">stretch</aspectratio>
								<texture flipy="true" diffuse="thumb_reflect.png" background="true">$VAR[media_thumb]</texture>
							</control>
							<control type="image">				
								<left>168</left>
								<top>108</top>
								<width>464</width>
								<height>660</height>
								<aspectratio align="center" aligny="bottom">stretch</aspectratio>
								<texture background="true">$VAR[media_thumb]</texture>
							</control>
							<include content="media_case_video">
								<param name="view" value="53" />
								<param name="item" value="0" />
								<param name="condition" value="ListItem" />							
								<param name="caseleft" value="126" />
								<param name="casetop" value="0" />
								<param name="casewidth" value="572" />
								<param name="caseheight" value="836" />
								<param name="flagleft" value="328" />
								<param name="flagtop" value="2" />
								<param name="flagsize" value="136" />
								<param name="casereflecttop" value="725" />
								<param name="casereflectvisible" value="true" />
							</include>
							<include content="media_overlays">
								<param name="item" value="0" />
								<param name="left" value="522" />
								<param name="top" value="130" />
								<param name="size" value="104" />
								<param name="visible" value="true" />
							</include>	
						</control>
					</control>
				</focusedlayout>
				<itemlayout height="1050" width="750" condition="Container.Content(episodes) + Skin.HasSetting(view_53_videos_stacked_off)">
					<include content="view_53_episode_thumb">
						<param name="thumb" value="$VAR[media_thumb]" />
						<param name="visible" value="Skin.HasSetting(view_53_videos_stacked_off) + [Container.Content(movies) | Container.Content(musicvideos) | Container.Content(episodes)]" />
					</include>
					<include content="view_53_episode_thumb">
						<param name="thumb" value="$VAR[media_fanart]" />
						<param name="visible" value="Skin.HasSetting(view_53_videos_stacked_off) + [Container.Content(movies) | Container.Content(musicvideos)]" />
					</include>
					<include content="media_overlays">
						<param name="item" value="0" />
						<param name="left" value="112" />
						<param name="top" value="270" />
						<param name="size" value="150" />
						<param name="visible" value="Skin.HasSetting(view_53_videos_stacked_off) + [Container.Content(movies) | Container.Content(musicvideos) | Container.Content(episodes) | Window.IsActive(programs)]" />
					</include>
				</itemlayout>
				<focusedlayout height="1050" width="750" condition="Container.Content(episodes) + Skin.HasSetting(view_53_videos_stacked_off)">
					<control type="group">
						<animation effect="zoom" start="100" end="140" center="-104,540" time="400" easing="out" reversible="false" tween="cubic">Focus</animation>
						<animation effect="zoom" start="140" end="100" center="-104,540" time="400" easing="out" reversible="false" tween="cubic" condition="!Control.HasFocus(53) + [[[Skin.HasSetting(view_53_videos_stacked_off) + [Container.Content(movies) | Container.Content(sets) | Container.Content(musicvideos) | Container.Content(tvshows) | Container.Content(seasons) | Container.Content(episodes)]] | [!Window.IsActive(videos) + !Window.IsActive(videos) + Skin.HasSetting(view_53_music_stacked_off)]]]">Unfocus</animation>
						<include content="view_53_episode_thumb">
							<param name="thumb" value="$VAR[media_thumb]" />
							<param name="visible" value="[Skin.HasSetting(view_53_videos_stacked_off) + [Container.Content(tvshows) | Container.Content(seasons) | Container.Content(episodes)] | !Window.IsActive(videos) + !Window.IsActive(videos) + Skin.HasSetting(view_53_music_stacked_off)]" />
						</include>
						<include content="view_53_episode_thumb">
							<param name="thumb" value="$VAR[media_fanart]" />
							<param name="visible" value="Skin.HasSetting(view_53_videos_stacked_off) + [Container.Content(movies) | Container.Content(musicvideos)]" />
						</include>
						<include content="media_overlays">
							<param name="item" value="0" />
							<param name="left" value="112" />
							<param name="top" value="270" />
							<param name="size" value="150" />
							<param name="visible" value="Skin.HasSetting(view_53_videos_stacked_off) + [Container.Content(movies) | Container.Content(musicvideos) | Container.Content(episodes) | Window.IsActive(programs)]" />
						</include>
					</control>
				</focusedlayout>
			</control>
		</definition>
	</include>	
	<include name="view_53_videos_content_stacked">
		<control type="group">
			<control type="group" id="5301">
				<top>1120</top>
				<camera x="1920" y="1620" />
				<visible>Container.OnNext + !String.IsEqual(container(53).numitems,1) + ![Skin.HasSetting(view_53_videos_stacked_off) + [Container.Content(movies) | Container.Content(musicvideos) | Container.Content(tvshows) | Container.Content(seasons) | Container.Content(seasons) | Container.Content(episodes) | Window.IsActive(programs)]]</visible>
				<animation effect="slide" end="-270,0" time="210" reversible="false">Hidden</animation>
				<control type="group">
					<left>30</left>
					<visible>Container.OnNext</visible>
					<visible>!String.IsEmpty(Container(53).ListItemNoWrap(-7).label) | !Skin.HasSetting(view_53_videos_wraplist_off)</visible>
					<animation effect="fade" start="100" end="0" time="210" reversible="false">Hidden</animation>
					<animation effect="rotatey" center="-270" start="-55" end="-55" time="0" condition="true">Conditional</animation>
					<include content="view_53_item">	
						<param name="item" value="-7" />
					</include>						
				</control>
				<control type="group">
					<left>300</left>
					<visible>!String.IsEmpty(Container(53).ListItemNoWrap(-6).label) | !Skin.HasSetting(view_53_videos_wraplist_off)</visible>
					<animation effect="rotatey" center="0" start="-55" end="-55" time="0" condition="true">Conditional</animation>
					<include content="view_53_item">	
						<param name="item" value="-6" />
					</include>
				</control>
				<control type="group">
					<left>570</left>
					<visible>!String.IsEmpty(Container(53).ListItemNoWrap(-5).label) | !Skin.HasSetting(view_53_videos_wraplist_off)</visible>
					<animation effect="rotatey" center="270" start="-55" end="-55" time="0" condition="true">Conditional</animation>
					<include content="view_53_item">	
						<param name="item" value="-5" />
					</include>
				</control>
				<control type="group">
					<left>840</left>
					<visible>!String.IsEmpty(Container(53).ListItemNoWrap(-4).label) | !Skin.HasSetting(view_53_videos_wraplist_off)</visible>
					<animation effect="rotatey" center="540" start="-55" end="-55" time="0" condition="true">Conditional</animation>
					<include content="view_53_item">	
						<param name="item" value="-4" />
					</include>
				</control>
				<control type="group">
					<left>1110</left>
					<visible>!String.IsEmpty(Container(53).ListItemNoWrap(-3).label) | !Skin.HasSetting(view_53_videos_wraplist_off)</visible>
					<animation effect="rotatey" center="810" start="-55" end="-55" time="0" condition="true">Conditional</animation>
					<include content="view_53_item">	
						<param name="item" value="-3" />
					</include>
				</control>
				<control type="group">
					<left>1380</left>
					<visible>!String.IsEmpty(Container(53).ListItemNoWrap(-2).label) | !Skin.HasSetting(view_53_videos_wraplist_off)</visible>
					<animation effect="rotatey" center="1080" start="-55" end="-55" time="0" condition="true">Conditional</animation>
					<include content="view_53_item">	
						<param name="item" value="-2" />
					</include>
				</control>
				<control type="group">
					<left>3540</left>
					<visible>!Container.OnNext</visible>
					<visible>!String.IsEmpty(Container(53).ListItemNoWrap(9).label) | !Skin.HasSetting(view_53_videos_wraplist_off)</visible>
					<animation effect="fade" start="0" end="0" delay="0" time="0" reversible="false">Visible</animation>
					<control type="group">
						<visible>[Skin.HasSetting(view_53_videos_case_off) | Window.IsActive(programs)]</visible>
						<include content="view_53_poster">
							<param name="thumb" value="$VAR[media_thumb_9]" />
						</include>
					</control>
					<control type="group">
						<visible>!Skin.HasSetting(view_53_videos_case_off) + ![Container.Content(genres) | Window.IsActive(programs)]</visible>
						<include content="view_53_poster_case">
							<param name="thumb" value="$VAR[media_thumb_9]" />
						</include>
					</control>
				</control>
				<control type="group">
					<left>3540</left>
					<visible>!Container.OnNext</visible>
					<animation effect="fade" start="0" end="0" delay="0" time="0" reversible="false">Visible</animation>
					<control type="group">
						<include content="view_53_poster">
							<param name="thumb" value="$VAR[media_thumb_8]" />
						</include>
					</control>
					<control type="group">
						<visible>!Skin.HasSetting(view_53_videos_case_off) + ![Container.Content(genres) | Window.IsActive(programs)]</visible>
						<include content="view_53_poster_case">
							<param name="thumb" value="$VAR[media_thumb_8]" />
						</include>
					</control>
				</control>
				<control type="group">
					<left>3540</left>
					<visible>!Container.OnNext</visible>
					<animation effect="fade" start="0" end="0" delay="0" time="0" reversible="false">Visible</animation>
					<control type="group">
						<include content="view_53_poster" condition="[Skin.HasSetting(view_53_videos_case_off) | Window.IsActive(programs)]">
							<param name="thumb" value="$VAR[media_thumb_7]" />
						</include>
						<include content="view_53_poster_case" condition="!Skin.HasSetting(view_53_videos_case_off) + Window.IsActive(programs)">
							<param name="thumb" value="$VAR[media_thumb_7]" />
						</include>
					</control>
				</control>
				<control type="group">
					<left>3270</left>
					<visible>!String.IsEmpty(Container(53).ListItemNoWrap(6).label) | !Skin.HasSetting(view_53_videos_wraplist_off)</visible>
					<visible>!Container.OnNext</visible>
					<animation effect="fade" start="0" end="100" delay="0" time="210" reversible="false">Visible</animation>
					<animation effect="rotatey" center="4410" start="55" end="55" time="0" condition="true">Conditional</animation>
					<include content="view_53_item">	
						<param name="item" value="6" />
					</include>
				</control>
				<control type="group">
					<left>3000</left>
					<visible>!String.IsEmpty(Container(53).ListItemNoWrap(5).label) | !Skin.HasSetting(view_53_videos_wraplist_off)</visible>
					<animation effect="rotatey" center="4140" start="55" end="55" time="0" condition="true">Conditional</animation>
					<include content="view_53_item">	
						<param name="item" value="5" />
					</include>
				</control>
				<control type="group">
					<left>2730</left>
					<visible>!String.IsEmpty(Container(53).ListItemNoWrap(4).label) | !Skin.HasSetting(view_53_videos_wraplist_off)</visible>
					<animation effect="rotatey" center="3870" start="55" end="55" time="0" condition="true">Conditional</animation>
					<include content="view_53_item">	
						<param name="item" value="4" />
					</include>
				</control>
				<control type="group">
					<left>2460</left>
					<visible>!String.IsEmpty(Container(53).ListItemNoWrap(3).label) | !Skin.HasSetting(view_53_videos_wraplist_off)</visible>
					<animation effect="rotatey" center="3600" start="55" end="55" time="0" condition="true">Conditional</animation>
					<include content="view_53_item">	
						<param name="item" value="3" />
					</include>
				</control>
				<control type="group">
					<left>2190</left>
					<visible>!String.IsEmpty(Container(53).ListItemNoWrap(2).label) | !Skin.HasSetting(view_53_videos_wraplist_off)</visible>
					<animation effect="rotatey" center="3330" start="55" end="55" time="0" condition="true">Conditional</animation>
					<include content="view_53_item">	
						<param name="item" value="2" />
					</include>
				</control>
				<control type="group">
					<left>1920</left>
					<visible>!String.IsEmpty(Container(53).ListItemNoWrap(1).label) | !Skin.HasSetting(view_53_videos_wraplist_off)</visible>
					<animation effect="rotatey" center="3060" start="55" end="55" time="0" condition="true">Conditional</animation>
					<include content="view_53_item">	
						<param name="item" value="1" />
					</include>
				</control>
				<control type="group">
					<visible>Container.OnNext</visible>
					<animation effect="slide" end="150,0" time="210" reversible="false">Hidden</animation>
					<control type="group">
						<left>1650</left>
						<visible>Container.OnNext</visible>
						<visible>!String.IsEmpty(Container(53).ListItemNoWrap(0).label) | !Skin.HasSetting(view_53_videos_wraplist_off)</visible>
						<animation effect="rotatey" center="2790" start="0" end="-55" time="210" reversible="false" tween="quadratic" easing="in">Hidden</animation>
						<animation effect="rotatey" center="2790" start="55" end="55" time="0" condition="true">Conditional</animation>
						<include content="view_53_item">	
						<param name="item" value="0" />
					</include>
					</control>
					<control type="group">
						<left>1516</left>
						<visible>Container.OnNext</visible>
						<visible>!String.IsEmpty(Container(53).ListItemNoWrap(-1).label) | !Skin.HasSetting(view_53_videos_wraplist_off)</visible>
						<animation effect="rotatey" center="1216" start="0" end="-55" time="210" reversible="false" tween="quadratic" easing="out">Hidden</animation>
						<include content="view_53_item">	
						<param name="item" value="-1" />
					</include>
					</control>
				</control>
			</control>
			<control type="group" id="5302">
				<top>1120</top>
				<camera x="1920" y="1620" />
				<visible>Container.OnPrevious + !String.IsEqual(container(53).numitems,1) + ![Skin.HasSetting(view_53_videos_stacked_off) + [Container.Content(movies) | Container.Content(musicvideos) | Container.Content(tvshows) | Container.Content(seasons) | Container.Content(episodes) | Window.IsActive(programs)]]</visible>
				<animation effect="slide" end="270,0" time="210" reversible="false">Hidden</animation>
				<control type="group">
					<left>3000</left>
					<visible>Container.OnPrevious</visible>
					<visible>!String.IsEmpty(Container(53).ListItemNoWrap(7).label) | !Skin.HasSetting(view_53_videos_wraplist_off)</visible>
					<animation effect="fade" start="100" end="0" time="210" reversible="false">Hidden</animation>
					<animation effect="rotatey" center="4140" start="55" end="55" time="0" condition="true">Conditional</animation>
					<include content="view_53_item">	
						<param name="item" value="7" />
					</include>
				</control>
				<control type="group">
					<left>2730</left>
					<visible>!String.IsEmpty(Container(53).ListItemNoWrap(6).label) | !Skin.HasSetting(view_53_videos_wraplist_off)</visible>
					<animation effect="rotatey" center="3870" start="55" end="55" time="0" condition="true">Conditional</animation>
					<include content="view_53_item">	
						<param name="item" value="6" />
					</include>
				</control>
				<control type="group">
					<left>2460</left>
					<visible>!String.IsEmpty(Container(53).ListItemNoWrap(5).label) | !Skin.HasSetting(view_53_videos_wraplist_off)</visible>
					<animation effect="rotatey" center="3600" start="55" end="55" time="0" condition="true">Conditional</animation>
					<include content="view_53_item">	
						<param name="item" value="5" />
					</include>
				</control>
				<control type="group">
					<left>2190</left>
					<visible>!String.IsEmpty(Container(53).ListItemNoWrap(4).label) | !Skin.HasSetting(view_53_videos_wraplist_off)</visible>
					<animation effect="rotatey" center="3330" start="55" end="55" time="0" condition="true">Conditional</animation>
					<include content="view_53_item">	
						<param name="item" value="4" />
					</include>
				</control>
				<control type="group">
					<left>1920</left>
					<visible>!String.IsEmpty(Container(53).ListItemNoWrap(3).label) | !Skin.HasSetting(view_53_videos_wraplist_off)</visible>
					<animation effect="rotatey" center="3060" start="55" end="55" time="0" condition="true">Conditional</animation>
					<include content="view_53_item">	
						<param name="item" value="3" />
					</include>
				</control>
				<control type="group">
					<left>1650</left>
					<visible>!String.IsEmpty(Container(53).ListItemNoWrap(2).label) | !Skin.HasSetting(view_53_videos_wraplist_off)</visible>
					<animation effect="rotatey" center="2790" start="55" end="55" time="0" condition="true">Conditional</animation>
					<include content="view_53_item">	
						<param name="item" value="2" />
					</include>
				</control>
				<control type="group">
					<left>-540</left>
					<visible>!Container.OnPrevious</visible>
					<animation effect="fade" start="0" end="0" delay="0" time="0" reversible="false">Visible</animation>
					<control type="group">
						<visible>[Skin.HasSetting(view_53_videos_case_off) | Window.IsActive(programs)]</visible>
						<include content="view_53_poster">
							<param name="thumb" value="$VAR[media_thumb_-8]" />
						</include>
					</control>
					<control type="group">
						<visible>!Skin.HasSetting(view_53_videos_case_off) + !Window.IsActive(programs)</visible>
						<include content="view_53_poster_case">
							<param name="thumb" value="$VAR[media_thumb_-8]" />
						</include>
					</control>
				</control>
				<control type="group">
					<left>-240</left>
					<visible>!Container.OnPrevious</visible>
					<visible>!String.IsEmpty(Container(53).ListItemNoWrap(-6).label) | !Skin.HasSetting(view_53_videos_wraplist_off)</visible>
					<animation effect="fade" start="0" end="100" time="210" reversible="false">Visible</animation>
					<animation effect="rotatey" center="-540" start="-55" end="-55" time="0" condition="true">Conditional</animation>
					<include content="view_53_item">	
						<param name="item" value="-6" />
					</include>
				</control>
				<control type="group">
					<left>30</left>
					<visible>!String.IsEmpty(Container(53).ListItemNoWrap(-5).label) | !Skin.HasSetting(view_53_videos_wraplist_off)</visible>
					<animation effect="rotatey" center="-270" start="-55" end="-55" time="0" condition="true">Conditional</animation>
					<include content="view_53_item">	
						<param name="item" value="-5" />
					</include>
				</control>
				<control type="group">
					<left>300</left>
					<visible>!String.IsEmpty(Container(53).ListItemNoWrap(-4).label) | !Skin.HasSetting(view_53_videos_wraplist_off)</visible>
					<animation effect="rotatey" center="0" start="-55" end="-55" time="0" condition="true">Conditional</animation>
					<include content="view_53_item">	
						<param name="item" value="-4" />
					</include>
				</control>
				<control type="group">
					<left>570</left>
					<visible>!String.IsEmpty(Container(53).ListItemNoWrap(-3).label) | !Skin.HasSetting(view_53_videos_wraplist_off)</visible>
					<animation effect="rotatey" center="270" start="-55" end="-55" time="0" condition="true">Conditional</animation>
					<include content="view_53_item">	
						<param name="item" value="-3" />
					</include>
				</control>
				<control type="group">
					<left>840</left>
					<visible>!String.IsEmpty(Container(53).ListItemNoWrap(-2).label) | !Skin.HasSetting(view_53_videos_wraplist_off)</visible>
					<animation effect="rotatey" center="540
					" start="-55" end="-55" time="0" condition="true">Conditional</animation>
					<include content="view_53_item">	
						<param name="item" value="-2" />
					</include>
				</control>
				<control type="group">
					<left>1110</left>
					<visible>!String.IsEmpty(Container(53).ListItemNoWrap(-1).label) | !Skin.HasSetting(view_53_videos_wraplist_off)</visible>
					<animation effect="rotatey" center="810" start="-55" end="-55" time="0" condition="true">Conditional</animation>
					<include content="view_53_item">	
						<param name="item" value="-1" />
					</include>
				</control>
				<control type="group">
					<visible>Container.OnPrevious</visible>
					<animation effect="slide" end="-150,0" time="210" reversible="false">Hidden</animation>
					<control type="group">
						<visible>!String.IsEmpty(Container(53).ListItemNoWrap(0).label) | !Skin.HasSetting(view_53_videos_wraplist_off)</visible>
						<left>1380</left>
						<visible>Container.OnPrevious</visible>
						<animation effect="rotatey" center="1080" start="0" end="55" time="210" reversible="false" tween="quadratic" easing="in">Hidden</animation>
						<animation effect="rotatey" center="1080" start="-55" end="-55" time="0" condition="true">Conditional</animation>
						<include content="view_53_item">	
						<param name="item" value="0" />
					</include>
					</control>
					<control type="group">
						<visible>!String.IsEmpty(Container(53).ListItemNoWrap(1).label) | !Skin.HasSetting(view_53_videos_wraplist_off)</visible>
						<left>1516</left>
						<visible>Container.OnPrevious</visible>
						<animation effect="rotatey" center="2656" start="0" end="55" time="210" reversible="false" tween="quadratic" easing="out">Hidden</animation>
						<include content="view_53_item">	
						<param name="item" value="1" />
					</include>
					</control>
				</control>
			</control>
			<control type="button" id="5304">
				<include>invisible_button</include>
				<visible>![Skin.HasSetting(view_53_videos_stacked_off) + [Container.Content(movies) | Container.Content(musicvideos) | Container.Content(tvshows) | Container.Content(seasons) | Container.Content(episodes) | Window.IsActive(programs)]]</visible>
				<animation effect="fade" start="100" end="0" time="800">Hidden</animation>
			</control>
			<control type="group" id="5300">
				<top>1120</top>
				<animation effect="fade" time="500">WindowOpen</animation>
				<animation effect="fade" time="200">WindowClose</animation>
				<visible>[[!Control.IsVisible(5301) + !Control.IsVisible(5302) | String.IsEqual(container(53).numitems,1)]] + Control.IsVisible(5304)</visible>
				<camera x="1920" y="1620" />
				<control type="group">
					<left>30</left>
					<visible>!String.IsEmpty(Container(53).ListItemNoWrap(-6).label) | !Skin.HasSetting(view_53_videos_wraplist_off)</visible>
					<animation effect="rotatey" center="-270" start="-55" end="-55" time="0" condition="true">Conditional</animation>
					<animation type="Conditional" condition="[Skin.HasSetting(view_53_videos_stacked_off) + [Container.Content(movies) | Container.Content(musicvideos) | Container.Content(tvshows) | Container.Content(seasons) | Container.Content(episodes) | Window.IsActive(programs)]]">
						<effect type="rotatey" center="-270" start="0" end="55" time="800" tween="cubic" easing="inout" />
						<effect type="slide" start="0" end="-2056" time="800" tween="cubic" easing="inout" />
					</animation>
					<include content="view_53_item">	
						<param name="item" value="-6" />
					</include>
				</control>
				<control type="group">
					<left>300</left>
					<visible>!String.IsEmpty(Container(53).ListItemNoWrap(-5).label) | !Skin.HasSetting(view_53_videos_wraplist_off)</visible>
					<animation effect="rotatey" center="0" start="-55" end="-55" time="0" condition="true">Conditional</animation>
					<animation type="Conditional" condition="[Skin.HasSetting(view_53_videos_stacked_off) + [Container.Content(movies) | Container.Content(musicvideos) | Container.Content(tvshows) | Container.Content(seasons) | Container.Content(episodes) | Window.IsActive(programs)]]">
						<effect type="rotatey" center="0" start="0" end="55" time="800" tween="cubic" easing="inout" />
						<effect type="slide" start="0" end="-1732" time="800" tween="cubic" easing="inout" />
					</animation>
					<include content="view_53_item">	
						<param name="item" value="-5" />
					</include>
				</control>
				<control type="group">
					<left>570</left>
					<visible>!String.IsEmpty(Container(53).ListItemNoWrap(-4).label) | !Skin.HasSetting(view_53_videos_wraplist_off)</visible>
					<animation effect="rotatey" center="270" start="-55" end="-55" time="0" condition="true">Conditional</animation>
					<animation type="Conditional" condition="[Skin.HasSetting(view_53_videos_stacked_off) + [Container.Content(movies) | Container.Content(musicvideos) | Container.Content(tvshows) | Container.Content(seasons) | Container.Content(episodes) | Window.IsActive(programs)]]">
						<effect type="rotatey" center="270" start="0" end="55" time="800" tween="cubic" easing="inout" />
						<effect type="slide" start="0" end="-1408" time="800" tween="cubic" easing="inout" />
					</animation>
					<include content="view_53_item">	
						<param name="item" value="-4" />
					</include>
				</control>
				<control type="group">
					<left>840</left>
					<visible>!String.IsEmpty(Container(53).ListItemNoWrap(-3).label) | !Skin.HasSetting(view_53_videos_wraplist_off)</visible>
					<animation effect="rotatey" center="540" start="-55" end="-55" time="0" condition="true">Conditional</animation>
					<animation type="Conditional" condition="[Skin.HasSetting(view_53_videos_stacked_off) + [Container.Content(movies) | Container.Content(musicvideos) | Container.Content(tvshows) | Container.Content(seasons) | Container.Content(episodes) | Window.IsActive(programs)]]">
						<effect type="rotatey" center="540" start="0" end="55" time="800" tween="cubic" easing="inout" />
						<effect type="slide" start="0" end="-1086" time="800" tween="cubic" easing="inout" />
					</animation>
					<include content="view_53_item">	
						<param name="item" value="-3" />
					</include>
				</control>
				<control type="group">
					<left>1110</left>
					<visible>!String.IsEmpty(Container(53).ListItemNoWrap(-2).label) | !Skin.HasSetting(view_53_videos_wraplist_off)</visible>
					<animation effect="rotatey" center="810" start="-55" end="-55" time="0" condition="true">Conditional</animation>
					<animation type="Conditional" condition="[Skin.HasSetting(view_53_videos_stacked_off) + [Container.Content(movies) | Container.Content(musicvideos) | Container.Content(tvshows) | Container.Content(seasons) | Container.Content(episodes) | Window.IsActive(programs)]]">
						<effect type="rotatey" center="810" start="0" end="55" time="800" tween="cubic" easing="inout" />
						<effect type="slide" start="0" end="-768" time="800" tween="cubic" easing="inout" />
					</animation>
					<include content="view_53_item">	
						<param name="item" value="-2" />
					</include>
				</control>
				<control type="group">
					<left>1380</left>
					<visible>!String.IsEmpty(Container(53).ListItemNoWrap(-1).label) | !Skin.HasSetting(view_53_videos_wraplist_off)</visible>
					<animation effect="rotatey" center="1080" start="-55" end="-55" time="0" condition="true">Conditional</animation>
					<animation type="Conditional" condition="[Skin.HasSetting(view_53_videos_stacked_off) + [Container.Content(movies) | Container.Content(musicvideos) | Container.Content(tvshows) | Container.Content(seasons) | Container.Content(episodes) | Window.IsActive(programs)]]">
						<effect type="rotatey" center="1080" start="0" end="55" time="800" tween="cubic" easing="inout" />
						<effect type="slide" start="0" end="-452" time="800" tween="cubic" easing="inout" />
					</animation>
					<include content="view_53_item">	
						<param name="item" value="-1" />
					</include>
				</control>
				<control type="group">
					<left>3000</left>
					<visible>!String.IsEmpty(Container(53).ListItemNoWrap(6).label) | !Skin.HasSetting(view_53_videos_wraplist_off)</visible>
					<animation effect="rotatey" center="4140" start="55" end="55" time="0" condition="true">Conditional</animation>
					<animation type="Conditional" condition="[Skin.HasSetting(view_53_videos_stacked_off) + [Container.Content(movies) | Container.Content(musicvideos) | Container.Content(tvshows) | Container.Content(seasons) | Container.Content(episodes) | Window.IsActive(programs)]]">
						<effect type="rotatey" center="4140" start="0" end="-55" time="800" tween="cubic" easing="inout" />
						<effect type="slide" start="0" end="2056" time="800" tween="cubic" easing="inout" />
					</animation>
					<include content="view_53_item">	
						<param name="item" value="6" />
					</include>
				</control>
				<control type="group">
					<left>2730</left>
					<visible>!String.IsEmpty(Container(53).ListItemNoWrap(5).label) | !Skin.HasSetting(view_53_videos_wraplist_off)</visible>
					<animation effect="rotatey" center="3870" start="55" end="55" time="0" condition="true">Conditional</animation>
					<animation type="Conditional" condition="[Skin.HasSetting(view_53_videos_stacked_off) + [Container.Content(movies) | Container.Content(musicvideos) | Container.Content(tvshows) | Container.Content(seasons) | Container.Content(episodes) | Window.IsActive(programs)]]">
						<effect type="rotatey" center="3870" start="0" end="-55" time="800" tween="cubic" easing="inout" />
						<effect type="slide" start="0" end="1732" time="800" tween="cubic" easing="inout" />
					</animation>
					<include content="view_53_item">	
						<param name="item" value="5" />
					</include>
				</control>
				<control type="group">
					<left>2460</left>
					<visible>!String.IsEmpty(Container(53).ListItemNoWrap(4).label) | !Skin.HasSetting(view_53_videos_wraplist_off)</visible>
					<animation effect="rotatey" center="3600" start="55" end="55" time="0" condition="true">Conditional</animation>
					<animation type="Conditional" condition="[Skin.HasSetting(view_53_videos_stacked_off) + [Container.Content(movies) | Container.Content(musicvideos) | Container.Content(tvshows) | Container.Content(seasons) | Container.Content(episodes) | Window.IsActive(programs)]]">
						<effect type="rotatey" center="3600" start="0" end="-55" time="800" tween="cubic" easing="inout" />
						<effect type="slide" start="0" end="1408" time="800" tween="cubic" easing="inout" />
					</animation>
					<include content="view_53_item">	
						<param name="item" value="4" />
					</include>
				</control>
				<control type="group">
					<left>2190</left>
					<visible>!String.IsEmpty(Container(53).ListItemNoWrap(3).label) | !Skin.HasSetting(view_53_videos_wraplist_off)</visible>
					<animation effect="rotatey" center="3330" start="55" end="55" time="0" condition="true">Conditional</animation>
					<animation type="Conditional" condition="[Skin.HasSetting(view_53_videos_stacked_off) + [Container.Content(movies) | Container.Content(musicvideos) | Container.Content(tvshows) | Container.Content(seasons) | Container.Content(episodes) | Window.IsActive(programs)]]">
						<effect type="rotatey" center="3330" start="0" end="-55" time="800" tween="cubic" easing="inout" />
						<effect type="slide" start="0" end="1086" time="800" tween="cubic" easing="inout" />
					</animation>
					<include content="view_53_item">	
						<param name="item" value="3" />
					</include>
				</control>
				<control type="group">
					<left>1920</left>
					<visible>!String.IsEmpty(Container(53).ListItemNoWrap(2).label) | !Skin.HasSetting(view_53_videos_wraplist_off)</visible>
					<animation effect="rotatey" center="3060" start="55" end="55" time="0" condition="true">Conditional</animation>
					<animation type="Conditional" condition="[Skin.HasSetting(view_53_videos_stacked_off) + [Container.Content(movies) | Container.Content(musicvideos) | Container.Content(tvshows) | Container.Content(seasons) | Container.Content(episodes) | Window.IsActive(programs)]]">
						<effect type="rotatey" center="3060" start="0" end="-55" time="800" tween="cubic" easing="inout" />
						<effect type="slide" start="0" end="768" time="800" tween="cubic" easing="inout" />
					</animation>
					<include content="view_53_item">	
						<param name="item" value="2" />
					</include>
				</control>
				<control type="group">
					<left>1650</left>
					<visible>!String.IsEmpty(Container(53).ListItemNoWrap(1).label) | !Skin.HasSetting(view_53_videos_wraplist_off)</visible>
					<animation effect="rotatey" center="2790" start="55" end="55" time="0" condition="true">Conditional</animation>
					<animation type="Conditional" condition="[Skin.HasSetting(view_53_videos_stacked_off) + [Container.Content(movies) | Container.Content(musicvideos) | Container.Content(tvshows) | Container.Content(seasons) | Container.Content(episodes) | Window.IsActive(programs)]]">
						<effect type="rotatey" center="2790" start="0" end="-55" time="800" tween="cubic" easing="inout" />
						<effect type="slide" start="0" end="452" time="800" tween="cubic" easing="inout" />
					</animation>
					<include content="view_53_item">	
						<param name="item" value="1" />
					</include>
				</control>
				<control type="group">
					<left>1516</left>
					<include content="view_53_item">	
						<param name="item" value="0" />
					</include>
				</control>
			</control>
		</control>
	</include>	
	<include name="view_53_poster">
		<definition>
			<control type="image">
				<left>148</left>
				<top>788</top>
				<width>520</width>
				<height>762</height>
				<aspectratio align="center" aligny="top">stretch</aspectratio>
				<texture flipy="true" diffuse="view_53_thumb_reflect.png" background="true">$PARAM[thumb]</texture>
			</control>
			<control type="image">
				<left>148</left>
				<top>24</top>
				<width>520</width>
				<height>762</height>
				<aspectratio align="center" aligny="bottom">stretch</aspectratio>
				<texture diffuse="thumb_poster_diffuse.png" background="true">$PARAM[thumb]</texture>
			</control>			
		</definition>
	</include>	
	<include name="view_53_poster_case">
		<definition>
			<control type="image">
				<left>168</left>
				<top>738</top>
				<width>456</width>
				<height>636</height>
				<aspectratio align="center" aligny="top">stretch</aspectratio>
				<texture flipy="true" diffuse="thumb_reflect.png" background="true">$PARAM[thumb]</texture>
			</control>
			<control type="image">
				<left>168</left>
				<top>128</top>
				<width>456</width>
				<height>636</height>
				<aspectratio align="center" aligny="bottom">stretch</aspectratio>
				<texture background="true">$PARAM[thumb]</texture>
			</control>			
		</definition>
	</include>	
	<include name="view_53_episode_thumb">
		<definition>
			<control type="image">
				<left>-444</left>
				<top>714</top>
				<width>702</width>
				<height>432</height>
				<aspectratio align="center" aligny="top" scalediffuse="false">scale</aspectratio>
				<texture flipy="true" diffuse="view_60_thumb_reflect.png" background="true">$PARAM[thumb]</texture>
				<visible>$PARAM[visible]</visible>
			</control>
			<control type="image">
				<left>-444</left>
				<top>280</top>
				<width>702</width>
				<height>432</height>
				<aspectratio align="center" aligny="bottom" scalediffuse="false">scale</aspectratio>
				<texture flipy="true" diffuse="thumb_episode_diffuse.png" background="true">$PARAM[thumb]</texture>
				<visible>$PARAM[visible]</visible>
			</control>			
		</definition>
	</include>
	<include name="view_53_extrathumbs">
		<definition>
			<control type="image">
				<left>$PARAM[left]</left>
				<top>$PARAM[top]</top>
				<width>676</width>
				<height>390</height>
				<fadetime>150</fadetime>
				<aspectratio align="center" aligny="center">stretch</aspectratio>					
				<texture background="true">$INFO[ListItem.Path,,extrathumbs/thumb$PARAM[item].jpg]</texture>
				<bordertexture colordiffuse="$INFO[skin.string(texture_base_color)]" border="-90">view_53_extrathumbs.png</bordertexture>
			</control>
		</definition>
	</include>
	<include name="view_53_item">
		<definition>
			<control type="group">
				<visible>Skin.HasSetting(view_53_videos_case_off) | Window.IsActive(programs) | Container.Content(genres)</visible>
				<include>animation_visible_change</include>
				<control type="image">
					<left>148</left>
					<top>788</top>
					<width>520</width>
					<height>762</height>
					<aspectratio align="center" aligny="top">stretch</aspectratio>
					<texture flipy="true" diffuse="view_53_thumb_reflect.png" background="true">$VAR[media_thumb_$PARAM[item]]</texture>
				</control>
				<control type="image">
					<left>148</left>
					<top>24</top>
					<width>520</width>
					<height>762</height>
					<aspectratio align="center" aligny="bottom">stretch</aspectratio>
					<texture diffuse="thumb_poster_diffuse.png" background="true">$VAR[media_thumb_$PARAM[item]]</texture>
				</control>
				<include content="media_overlays">
					<param name="item" value="$PARAM[item]" />
					<param name="left" value="568" />
					<param name="top" value="18" />
					<param name="size" value="104" />
					<param name="visible" value="true" />
				</include>
			</control>
			<control type="group">
				<visible>[!Skin.HasSetting(view_53_videos_case_off) | Container.Content(genres) | Window.IsActive(programs)]</visible>
				<include>animation_visible_change</include>
				<control type="image">
					<left>168</left>
					<top>788</top>
					<width>456</width>
					<height>636</height>
					<aspectratio align="center" aligny="top">stretch</aspectratio>
					<texture flipy="true" diffuse="thumb_reflect.png" background="true">$VAR[media_thumb_$PARAM[item]]</texture>
				</control>				
				<control type="image">
					<left>168</left>
					<top>128</top>
					<width>456</width>
					<height>636</height>
					<aspectratio align="center" aligny="bottom">stretch</aspectratio>
					<texture background="true">$VAR[media_thumb_$PARAM[item]]</texture>
				</control>
				<control type="group">
					<animation effect="slide" start="0,0" end="6,-32" time="800" tween="cubic" easing="inout" condition="Skin.HasSetting(view_53_videos_stacked_off)">Conditional</animation>
					<include content="media_overlays">
						<param name="item" value="$PARAM[item]" />
						<param name="left" value="522" />
						<param name="top" value="130" />
						<param name="size" value="104" />
						<param name="visible" value="true" />
					</include>
				</control>
				<include content="media_case_video">
					<param name="view" value="53" />
					<param name="item" value="$PARAM[item]" />
					<param name="condition" value="ListItem" />							
					<param name="caseleft" value="126" />
					<param name="casetop" value="28" />					
					<param name="casewidth" value="568" />
					<param name="caseheight" value="800" />
					<param name="flagleft" value="325" />
					<param name="flagtop" value="30" />
					<param name="flagsize" value="134" />
					<param name="casereflecttop" value="722" />
					<param name="casereflectvisible" value="true" />
				</include>	
			</control>			
		</definition>
	</include>		
</includes>
