<?xml version="1.0" encoding="UTF-8"?>
<window type="dialog" id="1106">
	<defaultcontrol always="true">9010</defaultcontrol>
	<include>dialogeffect</include>
	<controls>
		<control type="group">
			<animation effect="fade" start="100" end="0" time="200" condition="Window.IsVisible(DialogSelect.xml) | Window.IsVisible(GameControllers) | Window.IsActive(AddonSettings) | Window.IsActive(OKDialog)">Conditional</animation>
			<left>340</left>
			<top>129</top>
			<control type="image">
				<description>background image</description>
				<width>600</width>
				<height>463</height>
				<colordiffuse>EEFFFFFF</colordiffuse>
				<texture border="50,100,50,50">dialogs/Dialog.png</texture>
			</control>
			<control type="label">
				<description>heading label</description>
				<left>50</left>
				<top>50</top>
				<width>500</width>
				<height>30</height>
				<align>center</align>
				<aligny>center</aligny>
				<font>font16</font>
				<label>$LOCALIZE[31518]$INFO[VideoPlayer.Title,:  ,]</label>
				<textcolor>orange</textcolor>
			</control>
			<control type="list" id="9010">
				<left>50</left>
				<top>100</top>
				<width>500</width>
				<ondown>9011</ondown>
				<onup>9011</onup>
				<onleft>9011</onleft>
				<onright>9011</onright>
				<itemlayout height="45">
					<control type="image">
						<height>45</height>
						<width>500</width>
						<texture border="10">buttons/list-nofocus.png</texture>
					</control>
					<control type="label">
						<left>15</left>
						<width>300</width>
						<height>45</height>
						<aligny>center</aligny>
						<font>font12</font>
						<info>ListItem.Label</info>
					</control>
					<control type="label">
						<left>315</left>
						<width>170</width>
						<height>45</height>
						<align>right</align>
						<aligny>center</aligny>
						<font>font12</font>
						<textcolor>grey</textcolor>
						<info>ListItem.Label2</info>
					</control>
				</itemlayout>
				<focusedlayout height="45">
					<control type="image">
						<height>45</height>
						<width>500</width>
						<texture border="10">buttons/list-nofocus.png</texture>
						<visible>!Control.HasFocus(9010)</visible>
					</control>
					<control type="image">
						<height>45</height>
						<width>500</width>
						<texture border="10">buttons/list-focus.png</texture>
						<visible>Control.HasFocus(9010)</visible>
					</control>
					<control type="label">
						<left>15</left>
						<width>300</width>
						<height>45</height>
						<aligny>center</aligny>
						<font>font12</font>
						<info>ListItem.Label</info>
					</control>
					<control type="label">
						<left>315</left>
						<width>170</width>
						<height>45</height>
						<align>right</align>
						<aligny>center</aligny>
						<font>font12</font>
						<textcolor>grey</textcolor>
						<info>ListItem.Label2</info>
					</control>
				</focusedlayout>
				<content>
					<item>
						<label>$LOCALIZE[35225]</label>
						<onclick>ActivateWindow(GameVideoFilter)</onclick>
					</item>
					<item>
						<label>$LOCALIZE[35233]</label>
						<onclick>ActivateWindow(GameStretchMode)</onclick>
					</item>
					<item>
						<label>$LOCALIZE[35227]</label>
						<onclick>ActivateWindow(GameVideoRotation)</onclick>
					</item>
					<item>
						<label>$LOCALIZE[35234]</label>
						<onclick>ActivateWindow(GameControllers)</onclick>
					</item>
					<item>
						<label>$LOCALIZE[35110]</label>
						<onclick>ActivateWindow(GamePorts)</onclick>
					</item>
					<item>
						<label>$LOCALIZE[10140]</label>
						<onclick>ActivateWindow(GameAdvancedSettings)</onclick>
					</item>
				</content>
			</control>
			<control type="button" id="9011">
				<left>200</left>
				<top>373</top>
				<label>15067</label>
				<include>DialogButton2CommonValues</include>
				<font>font12</font>
				<onclick>PreviousMenu</onclick>
				<onright>9010</onright>
				<onleft>9010</onleft>
				<ondown>9010</ondown>
				<onup>9010</onup>
			</control>
		</control>
	</controls>
</window>