<?xml version="1.0" encoding="UTF-8"?>
<includes>
	<default type="image">
		<texture />
		<colorkey>0</colorkey>
	</default>
	<default type="label">
		<font>font13</font>
		<textcolor>white</textcolor>
		<selectedcolor>orange</selectedcolor>
	</default>
	<default type="fadelabel">
		<font>font13</font>
		<textcolor>white</textcolor>
	</default>
	<default type="button">
		<width>340</width>
		<height>42</height>
		<texturefocus>buttons/button-focus.png</texturefocus>
		<texturenofocus>buttons/button-nofocus.png</texturenofocus>
		<font>font13</font>
		<textcolor>white</textcolor>
		<focusedcolor>white</focusedcolor>
		<disabledcolor>disabled</disabledcolor>
		<textoffsetx>15</textoffsetx>
		<aligny>center</aligny>
		<pulseonselect>no</pulseonselect>
	</default>
	<default type="togglebutton">
		<width>30</width>
		<height>30</height>
		<texturefocus>sortup-focus.png</texturefocus>
		<texturenofocus>sortup-nofocus.png</texturenofocus>
		<alttexturefocus>sortdown-focus.png</alttexturefocus>
		<alttexturenofocus>sortdown-nofocus.png</alttexturenofocus>
		<textcolor>white</textcolor>
		<focusedcolor>white</focusedcolor>
		<aligny>center</aligny>
		<font>font13</font>
		<disabledcolor>disabled</disabledcolor>
		<pulseonselect>no</pulseonselect>
	</default>
	<default type="textbox">
		<width>410</width>
		<height>215</height>
		<textcolor>white</textcolor>
		<font>font13</font>
	</default>
	<default type="progress">
		<texturebg border="6,0,6,0">progress_back.png</texturebg>
		<lefttexture />
		<midtexture border="6,0,6,0">progress_front.png</midtexture>
		<righttexture />
		<overlaytexture />
	</default>
	<default type="spincontrol">
		<textureup>sortup-nofocus.png</textureup>
		<texturedown>sortdown-nofocus.png</texturedown>
		<textureupdisabled colordiffuse="60FFFFFF">sortup-nofocus.png</textureupdisabled>
		<texturedowndisabled colordiffuse="60FFFFFF">sortdown-nofocus.png</texturedowndisabled>
		<textureupfocus>sortup-focus.png</textureupfocus>
		<texturedownfocus>sortdown-focus.png</texturedownfocus>
		<align>right</align>
		<width>32</width>
		<height>32</height>
		<font>font12</font>
		<reverse>yes</reverse>
		<textcolor>white</textcolor>
		<focusedcolor>white</focusedcolor>
		<disabledcolor>disabled</disabledcolor>
		<subtype>text</subtype>
		<textoffsetx>15</textoffsetx>
		<textoffsety>0</textoffsety>
		<pulseonselect>no</pulseonselect>
	</default>
	<default type="spincontrolex">
		<width>300</width>
		<height>42</height>
		<spinwidth>30</spinwidth>
		<spinheight>30</spinheight>
		<texturefocus>buttons/button-focus.png</texturefocus>
		<texturenofocus />
		<textureup>sortup-nofocus.png</textureup>
		<texturedown>sortdown-nofocus.png</texturedown>
		<textureupdisabled colordiffuse="60FFFFFF">sortup-nofocus.png</textureupdisabled>
		<texturedowndisabled colordiffuse="60FFFFFF">sortdown-nofocus.png</texturedowndisabled>
		<textureupfocus>sortup-focus.png</textureupfocus>
		<texturedownfocus>sortdown-focus.png</texturedownfocus>
		<font>font12</font>
		<textcolor>white</textcolor>
		<focusedcolor>white</focusedcolor>
		<disabledcolor>disabled</disabledcolor>
		<textoffsetx>15</textoffsetx>
		<aligny>center</aligny>
		<reverse>yes</reverse>
		<pulseonselect>no</pulseonselect>
	</default>
	<default type="radiobutton">
		<width>340</width>
		<height>42</height>
		<radiowidth>24</radiowidth>
		<radioheight>24</radioheight>
		<textureradioonfocus>buttons/check-box.png</textureradioonfocus>
		<textureradioonnofocus>buttons/check-box.png</textureradioonnofocus>
		<textureradioofffocus>buttons/check-boxNF.png</textureradioofffocus>
		<textureradiooffnofocus>buttons/check-boxNF.png</textureradiooffnofocus>
		<textureradiofocus>buttons/check-box.png</textureradiofocus>
		<textureradionofocus>buttons/check-boxNF.png</textureradionofocus>
		<textureradioondisabled colordiffuse="60FFFFFF">buttons/check-box.png</textureradioondisabled>
		<textureradiooffdisabled colordiffuse="60FFFFFF">buttons/check-boxNF.png</textureradiooffdisabled>
		<texturefocus>buttons/button-focus.png</texturefocus>
		<texturenofocus>buttons/button-nofocus.png</texturenofocus>
		<font>font13</font>
		<textcolor>white</textcolor>
		<focusedcolor>white</focusedcolor>
		<disabledcolor>disabled</disabledcolor>
		<textoffsetx>15</textoffsetx>
		<aligny>center</aligny>
		<pulseonselect>no</pulseonselect>
	</default>
	<default type="edit">
		<width>300</width>
		<height>45</height>
		<textoffsetx>15</textoffsetx>
		<textcolor>white</textcolor>
		<focusedcolor>white</focusedcolor>
		<invalidcolor>ffff0000</invalidcolor>
		<disabledcolor>disabled</disabledcolor>
		<font>font12</font>
		<texturefocus border="5,10,5,10">buttons/button-focus.png</texturefocus>
		<texturenofocus border="5,10,5,10">buttons/button-nofocus.png</texturenofocus>
	</default>
	<default type="slider">
		<texturesliderbar>osd_slider_bg.png</texturesliderbar>
		<textureslidernib>slider_nibFO.png</textureslidernib>
		<textureslidernibfocus>slider_nibFO.png</textureslidernibfocus>
		<orientation>horizontal</orientation>
	</default>
	<default type="sliderex">
		<textcolor>white</textcolor>
		<focusedcolor>white</focusedcolor>
		<disabledcolor>disabled</disabledcolor>
		<textoffsetx>15</textoffsetx>
		<texturesliderbar>osd_slider_bg.png</texturesliderbar>
		<textureslidernib>slider_nibFO.png</textureslidernib>
		<textureslidernibfocus>slider_nibFO.png</textureslidernibfocus>
	</default>
	<default type="colorbutton">
		<font>font13</font>
		<textcolor>white</textcolor>
		<focusedcolor>white</focusedcolor>
		<disabledcolor>disabled</disabledcolor>
		<textoffsetx>15</textoffsetx>
		<aligny>center</aligny>
		<pulseonselect>no</pulseonselect>
		<texturecolormask border="5">white.png</texturecolormask>
		<texturecolordisabledmask border="5" colordiffuse="60FFFFFF">white.png</texturecolordisabledmask>
		<colorwidth>50</colorwidth>
		<colorheight>28</colorheight>
	</default>
	<default type="resize">
		<texturefocus>buttons/button-focus.png</texturefocus>
		<texturenofocus>buttons/button-nofocus.png</texturenofocus>
	</default>
	<default type="ranges">
		<height>12</height>
		<texturebg border="6,0,6,0">progress_back_2.png</texturebg>
	</default>
</includes>