<?xml version="1.0" encoding="UTF-8"?>
<window>
	<defaultcontrol always="true">120</defaultcontrol>
	<coordinates>
		<left>71</left>
		<top>35</top>
	</coordinates>
	<include>dialogeffect</include>
	<controls>
		<control type="image">
			<description>background image</description>
			<width>1138</width>
			<height>650</height>
			<texture border="50,100,50,50">dialogs/Dialog.png</texture>
		</control>
		<control type="label" id="100">
			<description>heading label</description>
			<left>50</left>
			<top>50</top>
			<width>1038</width>
			<height>30</height>
			<align>center</align>
			<aligny>center</aligny>
			<font>font16</font>
			<label />
			<textcolor>orange</textcolor>
		</control>
		<control type="list" id="120">
			<left>50</left>
			<top>100</top>
			<width>834</width>
			<height>360</height>
			<onleft>62</onleft>
			<onright>150</onright>
			<ondown>62</ondown>
			<pagecontrol>62</pagecontrol>
			<scrolltime>200</scrolltime>
			<itemlayout height="45">
				<control type="image">
					<width>834</width>
					<height>45</height>
					<texture border="10">buttons/list-nofocus.png</texture>
				</control>
				<control type="image">
					<left>5</left>
					<top>10</top>
					<width>30</width>
					<height>25</height>
					<texture>$INFO[ListItem.Thumb,subtitles/flags/,.png]</texture>
				</control>
				<control type="label">
					<left>40</left>
					<width>100</width>
					<height>45</height>
					<font>font12</font>
					<align>left</align>
					<aligny>center</aligny>
					<info>ListItem.Label</info>
				</control>
				<control type="image">
					<left>147</left>
					<top>14</top>
					<width>40</width>
					<height>17</height>
					<texture>subtitles/icon_sync.png</texture>
					<animation effect="fade" end="10" condition="!ListItem.property(sync)">Conditional</animation>
				</control>
				<control type="image">
					<left>194</left>
					<top>14</top>
					<width>30</width>
					<height>17</height>
					<texture>subtitles/cc.png</texture>
					<animation effect="fade" end="10" condition="!ListItem.property(hearing_imp)">Conditional</animation>
				</control>
				<control type="label">
					<left>231</left>
					<width>500</width>
					<height>45</height>
					<font>font12</font>
					<aligny>center</aligny>
					<info>ListItem.Label2</info>
				</control>
				<control type="image">
					<left>738</left>
					<top>14</top>
					<width>90</width>
					<height>17</height>
					<texture>$INFO[ListItem.ActualIcon,flagging/starrating/rating,.png]</texture>
				</control>
			</itemlayout>
			<focusedlayout height="45">
				<control type="image">
					<width>834</width>
					<height>45</height>
					<texture border="10">buttons/list-focus.png</texture>
					<visible>Control.HasFocus(120)</visible>
				</control>
				<control type="image">
					<width>834</width>
					<height>45</height>
					<texture border="10">buttons/list-nofocus.png</texture>
					<visible>!Control.HasFocus(120)</visible>
				</control>
				<control type="image">
					<left>5</left>
					<top>10</top>
					<width>30</width>
					<height>25</height>
					<texture>$INFO[ListItem.Thumb,subtitles/flags/,.png]</texture>
				</control>
				<control type="label">
					<left>40</left>
					<width>100</width>
					<height>45</height>
					<font>font12</font>
					<aligny>center</aligny>
					<info>ListItem.Label</info>
				</control>
				<control type="image">
					<left>147</left>
					<top>14</top>
					<width>40</width>
					<height>17</height>
					<texture>subtitles/icon_sync.png</texture>
					<animation effect="fade" end="10" condition="!ListItem.property(sync)">Conditional</animation>
				</control>
				<control type="image">
					<left>193</left>
					<top>14</top>
					<width>30</width>
					<height>17</height>
					<texture>subtitles/cc.png</texture>
					<animation effect="fade" end="10" condition="!ListItem.property(hearing_imp)">Conditional</animation>
				</control>
				<control type="label">
					<left>231</left>
					<width>500</width>
					<height>45</height>
					<font>font12</font>
					<aligny>center</aligny>
					<info>ListItem.Label2</info>
				</control>
				<control type="image">
					<left>738</left>
					<top>14</top>
					<width>90</width>
					<height>17</height>
					<texture>$INFO[ListItem.ActualIcon,flagging/starrating/rating,.png]</texture>
				</control>
			</focusedlayout>
		</control>
		<control type="list" id="150">
			<left>888</left>
			<top>100</top>
			<width>200</width>
			<height>450</height>
			<onleft>120</onleft>
			<onright>120</onright>
			<ondown>160</ondown>
			<onup>160</onup>
			<itemlayout height="45">
				<control type="image">
					<width>200</width>
					<height>45</height>
					<texture border="10">buttons/button-dialog-nofocus.png</texture>
				</control>
				<control type="label">
					<left>15</left>
					<width>170</width>
					<height>45</height>
					<align>center</align>
					<aligny>center</aligny>
					<font>font12</font>
					<info>ListItem.Label</info>
				</control>
			</itemlayout>
			<focusedlayout height="45">
				<control type="image">
					<width>200</width>
					<height>45</height>
					<texture border="10">buttons/button-dialog-focus.png</texture>
					<animation effect="fade" start="100" end="45" condition="!Control.HasFocus(150)">Conditional</animation>
				</control>
				<control type="label">
					<left>15</left>
					<width>170</width>
					<height>45</height>
					<align>center</align>
					<aligny>center</aligny>
					<font>font12</font>
					<info>ListItem.Label</info>
				</control>
			</focusedlayout>
		</control>
		<control type="button" id="160">
			<left>888</left>
			<top>558</top>
			<onleft>62</onleft>
			<onup>150</onup>
			<ondown>150</ondown>
			<label>$LOCALIZE[413]</label>
			<include>DialogButton2CommonValues</include>
		</control>
		<control type="spincontrol" id="62">
			<description>Next page Spinner</description>
			<left>825</left>
			<top>464</top>
			<subtype>page</subtype>
			<font />
			<onleft>120</onleft>
			<onright>150</onright>
			<ondown>160</ondown>
			<onup>120</onup>
			<showonepage>true</showonepage>
		</control>
		<include content="PageLabel">
			<param name="left" value="503" />
			<param name="top" value="462" />
			<param name="width" value="320" />
			<param name="label" value="$LOCALIZE[31201] $INFO[Container(120).CurrentPage]/$INFO[Container(120).NumPages]" />
			<param name="id" value="62" />
		</include>
		<control type="image">
			<left>50</left>
			<top>500</top>
			<width>838</width>
			<height>5</height>
			<texture>separator.png</texture>
		</control>
		<control type="image" id="110">
			<left>50</left>
			<top>512</top>
			<width>250</width>
			<height>90</height>
			<bordertexture border="3">black-back.png</bordertexture>
			<bordersize>2</bordersize>
			<aspectratio align="left">keep</aspectratio>
		</control>
		<control type="label">
			<description>Video label</description>
			<left>320</left>
			<top>520</top>
			<width>500</width>
			<font>font12</font>
			<scroll>true</scroll>
			<textcolor>white</textcolor>
			<label>$LOCALIZE[21800]: $INFO[Player.Filename]</label>
			<animation effect="slide" end="0,-9" condition="Control.IsVisible(130)">Conditional</animation>
		</control>
		<control type="label" id="140">
			<description>Textarea</description>
			<left>320</left>
			<top>560</top>
			<width>500</width>
			<font>font12</font>
			<scroll>true</scroll>
			<textcolor>white</textcolor>
			<animation effect="slide" end="0,-19" condition="Control.IsVisible(130)">Conditional</animation>
		</control>
		<control type="grouplist" id="130">
			<left>320</left>
			<top>570</top>
			<width>500</width>
			<height>30</height>
			<orientation>horizontal</orientation>
			<itemgap>8</itemgap>
			<control type="image">
				<width>30</width>
				<height>30</height>
				<texture>DefaultIconInfo.png</texture>
			</control>
			<control type="label">
				<width min="10" max="458">auto</width>
				<height>30</height>
				<font>font12</font>
				<scroll>true</scroll>
				<textcolor>white</textcolor>
				<label>$LOCALIZE[31506]</label>
				<aligny>center</aligny>
			</control>
		</control>
	</controls>
</window>