<?xml version="1.0" encoding="UTF-8"?>
<window>
	<defaultcontrol always="true">50</defaultcontrol>
	<menucontrol>9000</menucontrol>
	<views>50</views>
	<controls>
		<include>CommonMediaBackgrounds</include>
		<control type="label" id="29">
			<visible>false</visible>
		</control>
		<control type="group">
			<left>130</left>
			<animation effect="fade" delay="500" time="HomeVisibleFadeAnimationSpeed">WindowOpen</animation>
			<animation effect="fade" start="0" end="0" time="0">WindowClose</animation>
			<control type="label">
				<description>Header label</description>
				<label>$VAR[BreadcrumbsPVRTimersVar][COLOR=grey2]$VAR[SortLetterNotificationVar][/COLOR]</label>
				<include>HeaderTextCommons</include>
			</control>
			<control type="group">
				<include>PVRHeader</include>
				<control type="list" id="50">
					<top>37</top>
					<width>1120</width>
					<height>468</height>
					<onleft>9000</onleft>
					<onright>60</onright>
					<viewtype label="535">list</viewtype>
					<pagecontrol>60</pagecontrol>
					<scrolltime>200</scrolltime>
					<itemlayout height="52">
						<include>PVRItemlayoutContent</include>
						<control type="image">
							<left>11</left>
							<top>16</top>
							<width>26</width>
							<height>20</height>
							<aspectratio>keep</aspectratio>
							<texture>$VAR[PVRTimerIcon]</texture>
						</control>
						<control type="label">
							<left>289</left>
							<top>2</top>
							<width>360</width>
							<height>25</height>
							<font>font12</font>
							<aligny>center</aligny>
							<selectedcolor>orange</selectedcolor>
							<info>ListItem.Label</info>
							<animation effect="slide" end="0,10" condition="String.IsEmpty(ListItem.Timertype) + String.IsEmpty(ListItem.Comment)">Conditional</animation>
						</control>
						<control type="label">
							<left>289</left>
							<top>23</top>
							<width>360</width>
							<height>25</height>
							<font>font10</font>
							<textcolor>grey2</textcolor>
							<aligny>center</aligny>
							<selectedcolor>grey2</selectedcolor>
							<label>$INFO[ListItem.Timertype]$INFO[ListItem.Comment, (,)]</label>
							<visible>!String.IsEmpty(ListItem.Timertype) + !String.IsEmpty(ListItem.Comment)</visible>
						</control>
					</itemlayout>
					<focusedlayout height="52">
						<include>PVRFocusedlayoutContent</include>
						<control type="image">
							<left>11</left>
							<top>16</top>
							<width>26</width>
							<height>20</height>
							<aspectratio>keep</aspectratio>
							<texture>$VAR[PVRTimerIcon]</texture>
						</control>
						<control type="label">
							<left>289</left>
							<top>2</top>
							<width>360</width>
							<height>25</height>
							<font>font12</font>
							<aligny>center</aligny>
							<selectedcolor>orange</selectedcolor>
							<info>ListItem.Label</info>
							<animation effect="slide" end="0,10" condition="String.IsEmpty(ListItem.Timertype) + String.IsEmpty(ListItem.Comment)">Conditional</animation>
						</control>
						<control type="label">
							<left>289</left>
							<top>23</top>
							<width>360</width>
							<height>25</height>
							<font>font10</font>
							<aligny>center</aligny>
							<selectedcolor>white</selectedcolor>
							<label>$INFO[ListItem.Timertype]$INFO[ListItem.Comment, (,)]</label>
							<visible>!String.IsEmpty(ListItem.Timertype) + !String.IsEmpty(ListItem.Comment)</visible>
						</control>
					</focusedlayout>
				</control>
			</control>
		</control>
		<include>BackgroundDim</include>
		<control type="group" id="9000">
			<include>Container9000BladesRunner</include>
			<control type="grouplist" id="610">
				<itemgap>-8</itemgap>
				<include content="Container9000Header">
					<param name="left" value="95" />
					<param name="top" value="40" />
				</include>
				<control type="button" id="3">
					<description>Sort by button</description>
					<left>-1</left>
					<label>103</label>
					<include>ButtonCommonValues</include>
				</control>
				<control type="togglebutton" id="4">
					<description>Sort asc</description>
					<left>2</left>
					<include>SortAscendingButton</include>
				</control>
				<control type="button" id="28">
					<description>Channel groups button</description>
					<left>6</left>
					<label />
					<include>ButtonCommonValues</include>
				</control>
				<control type="radiobutton" id="8">
					<description>Hide disabled timers button</description>
					<left>8</left>
					<label>19077</label>
					<include>ButtonCommonValues</include>
				</control>
				<control type="button" id="9002">
					<description>Settings button</description>
					<left>10</left>
					<include>ButtonCommonValues</include>
					<onclick>ActivateWindow(PVRSettings)</onclick>
					<label>10004</label>
				</control>
			</control>
			<include content="NavigationGrouplist">
				<param name="left" value="93" />
				<param name="top" value="310" />
			</include>
			<include content="CommonPlayerControls">
				<param name="left" value="93" />
				<param name="top" value="220" />
			</include>
		</control>
		<include>AllViewCommonPageControls</include>
		<control type="group">
			<include>MediaToSubBlades</include>
		</control>
		<include>Common_Now_Playing</include>
	</controls>
</window>